order_id,customer_id,restaurant_id,first_driver_id,driver_id,status,created_at,planned_pickup_at,pickup_at,promised_eta,live_eta,delivered_at,delivered_at_from,in_kpi,excluded_because,delay_min,late,late_over_10,eta_drift_min,delay_vs_live_eta_min,can_split,pickup_slip_min,transit_overrun_min,at_risk,support_opens,support_tickets,contacted_support,interventions,intervention_before_pickup
O00001,C0168,R009,D103,D103,delivered,2026-08-13 12:56:00,2026-08-13 13:14:00,2026-08-13 13:35:49.825561,2026-08-13 14:11:36.000000,2026-08-13 14:19:15.546424,2026-08-13 14:22:25.035899,orders_table,True,,10.817264983333333,True,True,7.6591070666666665,3.1581579166666667,True,21.830426016666667,-11.013161033333335,True,1,0,True,1,True
O00002,C0043,R018,D083,D083,delivered,2026-08-01 18:36:00,2026-08-01 18:54:00,2026-08-01 18:58:24.735336,2026-08-01 19:43:16.627988,2026-08-01 20:01:16.627988,2026-08-01 19:47:14.818533,orders_table,True,,3.9698424166666664,True,False,18.0,-14.030157583333333,True,4.4122556,-0.44241318333333357,False,0,0,False,0,False
O00003,C0855,R010,D039,D039,delivered,2026-08-01 19:35:00,2026-08-01 19:53:00,2026-08-01 19:57:50.820366,2026-08-01 20:17:52.941967,2026-08-01 20:22:59.204700,2026-08-01 20:13:28.061191,orders_table,True,,-4.4146796,False,False,5.104378883333334,-9.519058483333334,True,4.8470061,-9.261685700000001,False,0,0,False,0,False
O00004,C0229,R030,D038,D038,cancelled,2026-08-09 18:16:00,2026-08-09 18:34:00,2026-08-09 18:46:48.725485,2026-08-09 19:30:19.067006,2026-08-09 19:51:58.608301,,,False,not_delivered,,,,21.659021583333335,,False,,,,0,0,False,0,False
O00005,C0040,R004,D047,D047,delivered,2026-08-06 20:35:00,2026-08-06 20:53:00,2026-08-06 21:18:38.024280,2026-08-06 21:54:48.000000,2026-08-06 22:13:17.537116,2026-08-06 22:15:49.290713,orders_table,True,,21.021511883333336,True,True,18.492285266666666,2.529226616666667,True,25.633738,-4.612226116666665,True,0,0,False,0,False
O00006,C0152,R052,D120,D120,delivered,2026-08-26 23:02:00,2026-08-26 23:20:00,2026-08-26 23:31:33.631520,2026-08-26 23:58:18.214888,2026-08-27 00:09:33.420377,2026-08-27 00:05:36.182189,orders_table,True,,7.299455016666667,True,False,11.253424816666666,-3.9539698000000003,True,11.560525333333334,-4.261070316666667,True,0,0,False,0,False
O00007,C0875,R021,D094,D094,delivered,2026-08-14 11:47:00,2026-08-14 12:05:00,2026-08-14 12:06:06.040105,2026-08-14 13:14:54.000000,2026-08-14 13:37:54.000000,2026-08-14 13:19:10.066680,orders_table,True,,4.267778000000001,True,False,23.0,-18.732222,True,1.1006684166666667,3.167109583333334,False,0,0,False,0,False
O00008,C0223,R010,D031,D031,delivered,2026-08-27 22:22:00,2026-08-27 22:40:00,2026-08-27 23:11:00.536098,2026-08-27 23:40:06.000000,2026-08-27 23:49:46.166229,2026-08-28 00:06:57.494136,orders_table,True,,26.8582356,True,True,9.66943715,17.18879845,True,31.00893496666667,-4.150699366666668,True,1,0,True,1,False
O00009,C0685,R053,D078,D078,delivered,2026-08-09 13:16:00,2026-08-09 13:34:00,2026-08-09 13:48:11.662156,2026-08-09 14:21:32.383307,2026-08-09 14:23:05.541072,2026-08-09 14:22:13.491008,orders_table,True,,0.6851283499999999,True,False,1.5526294166666665,-0.8675010666666666,True,14.194369266666666,-13.509240916666666,True,0,0,False,0,False
O00010,C0530,R006,D082,D082,delivered,2026-08-22 13:27:00,2026-08-22 13:45:00,2026-08-22 13:51:04.636196,2026-08-22 14:28:13.625987,2026-08-22 14:29:11.871401,2026-08-22 14:22:26.150344,orders_table,True,,-5.791260716666667,False,False,0.9707568999999999,-6.762017616666666,True,6.077269933333333,-11.86853065,False,0,0,False,0,False
O00011,C0709,R048,D007,D007,delivered,2026-08-13 19:57:00,2026-08-13 20:15:00,2026-08-13 20:25:14.921540,2026-08-13 20:47:19.733166,2026-08-13 20:48:38.076159,2026-08-13 20:51:14.432682,orders_table,True,,3.9116586,True,False,1.30571655,2.6059420500000003,True,10.248692333333334,-6.337033733333334,True,0,0,False,1,True
O00012,C0366,R008,D094,D094,delivered,2026-08-22 12:32:00,2026-08-22 12:50:00,2026-08-22 13:23:21.406966,2026-08-22 13:25:02.757323,2026-08-22 13:44:55.167498,2026-08-22 13:55:10.513418,orders_table,True,,30.12926825,True,True,19.873502916666666,10.255765333333333,True,33.35678276666667,-3.2275145166666697,True,0,0,False,0,False
O00013,C0317,R055,D098,D098,delivered,2026-08-23 19:31:00,2026-08-23 19:49:00,2026-08-23 19:56:41.741882,2026-08-23 20:38:21.808411,2026-08-23 20:44:03.396288,2026-08-23 20:34:57.522531,orders_table,True,,-3.4047646666666664,False,False,5.693131283333333,-9.09789595,True,7.695698033333333,-11.1004627,False,0,0,False,0,False
O00014,C0542,R052,D005,D005,delivered,2026-08-22 18:35:00,2026-08-22 18:53:00,2026-08-22 18:59:38.422208,2026-08-22 19:56:36.000000,2026-08-22 20:12:36.000000,2026-08-22 20:01:42.256596,orders_table,True,,5.1042766,True,False,16.0,-10.895723400000001,True,6.640370133333334,-1.5360935333333332,False,0,0,False,0,False
O00015,C0578,R035,D014,D014,delivered,2026-08-16 19:17:00,2026-08-16 19:35:00,2026-08-16 19:44:32.256723,2026-08-16 20:32:36.000000,2026-08-16 20:36:36.000000,2026-08-16 20:36:53.095103,orders_table,True,,4.284918383333333,True,False,4.0,0.28491838333333336,True,9.53761205,-5.252693666666667,False,0,0,False,0,False
O00016,C0326,R028,D102,D102,delivered,2026-08-14 12:53:00,2026-08-14 13:11:00,2026-08-14 13:21:47.806363,2026-08-14 14:11:06.000000,2026-08-14 14:20:54.063909,2026-08-14 14:13:35.547689,orders_table,True,,2.4924614833333334,True,False,9.80106515,-7.3086036666666665,True,10.796772716666668,-8.304311233333335,True,0,0,False,0,False
O00017,C0270,R001,D028,D028,cancelled,2026-08-24 20:51:00,2026-08-24 21:09:00,2026-08-24 21:13:50.967069,2026-08-24 21:57:35.299563,2026-08-24 22:01:35.299563,,,False,not_delivered,,,,4.0,,False,,,,0,0,False,1,False
O00018,C0886,R051,D095,D095,delivered,2026-08-24 13:29:00,2026-08-24 13:47:00,2026-08-24 13:49:52.409699,2026-08-24 15:00:24.000000,2026-08-24 15:30:24.000000,2026-08-24 15:09:50.026151,orders_table,True,,9.433769183333334,True,False,30.0,-20.566230816666668,True,2.873494983333333,6.560274200000001,False,0,0,False,0,False
O00019,C0357,R006,D016,D016,delivered,2026-08-13 15:53:00,2026-08-13 16:11:00,2026-08-13 16:21:28.629470,2026-08-13 16:38:01.926141,2026-08-13 16:47:01.926141,2026-08-13 16:42:01.993336,orders_table,True,,4.001119916666666,True,False,9.0,-4.998880083333333,True,10.477157833333333,-6.476037916666667,True,0,0,False,0,False
O00020,C0384,R037,D036,D036,delivered,2026-08-07 21:39:00,2026-08-07 21:57:00,2026-08-07 22:08:05.978241,2026-08-07 22:32:52.179324,2026-08-07 22:32:52.179324,2026-08-07 22:40:46.404645,orders_table,True,,7.90375535,True,False,0.0,7.90375535,True,11.09963735,-3.195882,True,0,0,False,0,False
O00021,C0090,R010,D034,D034,delivered,2026-08-10 12:01:00,2026-08-10 12:19:00,2026-08-10 12:13:20.502684,2026-08-10 13:26:24.000000,2026-08-10 13:46:23.978947,2026-08-10 13:18:22.060190,orders_table,True,,-8.032330166666666,False,False,19.999649116666667,-28.03197928333333,True,-5.658288600000001,-2.3740415666666657,False,0,0,False,0,False
O00022,C0189,R047,D055,D055,delivered,2026-08-26 11:34:00,2026-08-26 11:52:00,2026-08-26 11:59:18.389455,2026-08-26 12:41:50.989599,2026-08-26 12:45:50.989599,2026-08-26 12:38:45.059668,orders_table,True,,-3.0988321833333337,False,False,4.0,-7.098832183333333,True,7.306490916666666,-10.4053231,False,0,0,False,1,True
O00023,C0129,R050,D028,D028,delivered,2026-08-26 22:49:00,2026-08-26 23:07:00,2026-08-26 23:06:00.277655,2026-08-26 23:41:18.130365,2026-08-26 23:46:10.071814,2026-08-26 23:36:12.854112,orders_table,True,,-5.08793755,False,False,4.865690816666667,-9.953628366666667,True,-0.9953724166666666,-4.092565133333334,False,0,0,False,0,False
O00024,C0677,R011,D049,D049,delivered,2026-08-16 14:51:00,2026-08-16 15:09:00,2026-08-16 15:17:20.724084,2026-08-16 15:49:04.387462,2026-08-16 15:53:04.387462,2026-08-16 15:53:03.503851,orders_table,True,,3.98527315,True,False,4.0,-0.014726850000000001,True,8.3454014,-4.360128250000001,False,0,0,False,1,False
O00025,C0886,R023,D039,D039,delivered,2026-08-01 12:14:00,2026-08-01 12:32:00,2026-08-01 12:29:31.152542,2026-08-01 13:29:36.000000,2026-08-01 13:33:36.000000,2026-08-01 13:20:06.003033,orders_table,True,,-9.49994945,False,False,4.0,-13.49994945,True,-2.4807909666666665,-7.019158483333334,False,0,0,False,0,False
O00026,C0387,R010,D078,D078,delivered,2026-08-18 22:44:00,2026-08-18 23:02:00,2026-08-18 22:55:15.444652,2026-08-18 23:56:48.000000,2026-08-18 23:56:48.000000,2026-08-18 23:41:17.389921,orders_table,True,,-15.510167983333334,False,False,0.0,-15.510167983333334,True,-6.742589133333333,-8.76757885,False,0,0,False,1,True
O00027,C0253,R026,D053,D053,delivered,2026-08-09 11:03:00,2026-08-09 11:21:00,2026-08-09 11:46:29.978834,2026-08-09 12:18:36.000000,2026-08-09 12:30:39.802962,2026-08-09 12:39:24.323714,orders_table,True,,20.805395233333336,True,True,12.0633827,8.742012533333334,True,25.499647233333334,-4.694251999999999,True,0,0,False,1,True
O00028,C0466,R054,D058,D058,delivered,2026-08-04 20:25:00,2026-08-04 20:43:00,2026-08-04 20:39:01.022116,2026-08-04 21:40:36.000000,2026-08-04 21:44:36.000000,2026-08-04 21:26:49.720910,orders_table,True,,-13.771318166666667,False,False,4.0,-17.771318166666667,True,-3.982964733333333,-9.788353433333334,False,0,0,False,1,False
O00029,C0808,R052,D023,D023,delivered,2026-08-15 16:37:00,2026-08-15 16:55:00,2026-08-15 17:00:48.040905,2026-08-15 18:02:24.000000,2026-08-15 18:20:24.000000,2026-08-15 18:04:48.522886,orders_table,True,,2.408714766666667,True,False,18.0,-15.591285233333334,True,5.80068175,-3.391966983333333,False,0,0,False,0,False
O00030,C0409,R005,D120,D120,delivered,2026-08-03 13:26:00,2026-08-03 13:44:00,2026-08-03 13:51:40.389650,2026-08-03 14:41:36.000000,2026-08-03 14:45:36.000000,2026-08-03 14:39:02.098618,orders_table,True,,-2.5650230333333335,False,False,4.0,-6.5650230333333335,True,7.673160833333333,-10.238183866666667,False,0,0,False,0,False
O00031,C0128,R039,D017,D017,delivered,2026-08-09 20:04:00,2026-08-09 20:22:00,2026-08-09 20:33:38.793988,2026-08-09 20:59:54.084176,2026-08-09 21:04:54.084176,2026-08-09 21:01:36.190772,orders_table,True,,1.7017765999999999,True,False,5.0,-3.2982234,True,11.646566466666666,-9.944789866666666,True,0,0,False,0,False
O00032,C0392,R013,D027,D027,delivered,2026-08-14 20:38:00,2026-08-14 20:56:00,2026-08-14 21:07:09.676879,2026-08-14 21:19:53.738003,2026-08-14 21:24:46.679725,2026-08-14 21:18:38.840632,orders_table,True,,-1.2482895166666668,False,False,4.882362033333334,-6.13065155,True,11.161281316666667,-12.409570833333333,True,0,0,False,0,False
O00033,C0536,R024,D118,D118,delivered,2026-08-06 23:27:00,2026-08-06 23:45:00,2026-08-07 00:09:18.107741,2026-08-07 00:46:48.000000,2026-08-07 01:01:56.914915,2026-08-07 01:01:07.342758,orders_table,True,,14.3223793,True,True,15.148581916666666,-0.8262026166666666,True,24.301795683333335,-9.979416383333335,True,1,0,True,1,True
O00034,C0356,R028,D035,D035,delivered,2026-08-25 17:32:00,2026-08-25 17:50:00,2026-08-25 17:56:21.860118,2026-08-25 18:39:32.450377,2026-08-25 18:50:27.367891,2026-08-25 18:39:08.259091,orders_table,True,,-0.40318810000000005,False,False,10.9152919,-11.31848,True,6.3643353,-6.7675234,False,0,0,False,0,False
O00035,C0386,R050,D113,D053,delivered,2026-08-10 18:44:00,2026-08-10 19:02:00,2026-08-10 19:12:19.400185,2026-08-10 19:26:13.163221,2026-08-10 19:30:13.163221,2026-08-10 19:27:44.429504,orders_table,True,,1.5211047166666667,True,False,4.0,-2.4788952833333338,True,10.323336416666667,-8.8022317,True,0,0,False,0,False
O00036,C0495,R025,D082,D082,delivered,2026-08-23 16:45:00,2026-08-23 17:03:00,2026-08-23 17:04:53.954518,2026-08-23 17:56:06.187144,2026-08-23 18:05:06.187144,2026-08-23 17:53:16.280620,orders_table,True,,-2.8317753999999997,False,False,9.0,-11.8317754,True,1.8992419666666664,-4.731017366666666,False,0,0,False,0,False
O00037,C0346,R023,D076,D076,delivered,2026-08-09 20:18:00,2026-08-09 20:36:00,2026-08-09 20:50:48.474029,2026-08-09 21:40:18.000000,2026-08-09 21:56:35.522976,2026-08-09 21:55:45.135763,orders_table,True,,15.452262716666667,True,True,16.2920496,-0.8397868833333334,True,14.807900483333333,0.6443622333333341,True,1,1,True,0,False
O00038,C0375,R041,D050,D050,delivered,2026-08-08 21:26:00,2026-08-08 21:44:00,2026-08-08 21:48:05.008508,2026-08-08 22:38:48.000000,2026-08-08 22:38:48.000000,2026-08-08 22:35:35.238022,orders_table,True,,-3.2126996333333335,False,False,0.0,-3.2126996333333335,True,4.083475133333334,-7.296174766666667,False,0,0,False,0,False
O00039,C0266,R051,D037,D037,delivered,2026-08-11 21:55:00,2026-08-11 22:13:00,2026-08-11 22:27:09.021609,2026-08-11 23:03:45.760272,2026-08-11 23:16:29.441630,2026-08-11 23:09:25.053883,orders_table,True,,5.654893516666666,True,False,12.728022633333334,-7.073129116666666,True,14.150360150000001,-8.495466633333335,True,0,0,False,0,False
O00040,C0374,R012,D035,D035,delivered,2026-08-11 19:56:00,2026-08-11 20:14:00,2026-08-11 20:40:03.749918,2026-08-11 20:50:06.147184,2026-08-11 21:09:29.106326,2026-08-11 21:15:39.373978,orders_table,True,,25.5537799,True,True,19.382652366666665,6.171127533333333,True,26.062498633333334,-0.5087187333333354,True,0,1,True,0,False
O00041,C0008,R028,D098,D098,delivered,2026-08-01 11:50:00,2026-08-01 12:08:00,2026-08-01 12:20:10.069906,2026-08-01 13:02:48.000000,2026-08-01 13:05:04.033960,2026-08-01 13:08:11.752741,orders_table,True,,5.395879016666667,True,False,2.2672326666666667,3.12864635,True,12.167831766666666,-6.771952749999999,True,0,1,True,0,False
O00042,C0862,R025,D041,D041,delivered,2026-08-09 18:42:00,2026-08-09 19:00:00,2026-08-09 19:07:01.883678,2026-08-09 19:28:40.298913,2026-08-09 19:34:45.898496,2026-08-09 19:34:20.331287,orders_table,True,,5.667206233333333,True,False,6.093326383333333,-0.42612015,True,7.031394633333333,-1.3641883999999997,False,0,1,True,0,False
O00043,C0405,R008,D102,D102,delivered,2026-08-04 14:36:00,2026-08-04 14:54:00,2026-08-04 15:24:49.846453,2026-08-04 15:47:08.390718,2026-08-04 15:52:26.183839,2026-08-04 16:17:15.734220,driver_app,True,,30.122391699999998,True,True,5.296552016666666,24.825839683333335,True,30.83077421666667,-0.7083825166666706,True,0,0,False,0,False
O00044,C0644,R006,D080,D080,delivered,2026-08-08 19:39:00,2026-08-08 19:57:00,2026-08-08 20:09:43.232668,2026-08-08 20:44:05.343184,2026-08-08 20:48:05.343184,2026-08-08 20:50:55.989452,orders_table,True,,6.844104466666667,True,False,4.0,2.8441044666666664,True,12.720544466666666,-5.87644,True,0,0,False,0,False
O00045,C0306,R038,D020,D020,delivered,2026-08-14 13:08:00,2026-08-14 13:26:00,2026-08-14 13:29:04.252494,2026-08-14 14:30:18.000000,2026-08-14 14:46:09.679106,2026-08-14 14:35:01.740517,orders_table,True,,4.7290086166666665,True,False,15.861318433333334,-11.132309816666666,True,3.0708749,1.6581337166666663,False,0,0,False,1,True
O00046,C0828,R048,D034,D034,delivered,2026-08-05 20:14:00,2026-08-05 20:32:00,2026-08-05 20:29:13.634840,2026-08-05 21:05:50.477087,2026-08-05 21:15:52.914375,2026-08-05 20:51:44.881147,orders_table,True,,-14.093265666666667,False,False,10.040621466666666,-24.133887133333335,True,-2.772752666666667,-11.320513,False,0,0,False,0,False
O00047,C0285,R011,D111,D111,delivered,2026-08-22 15:24:00,2026-08-22 15:42:00,2026-08-22 16:15:40.868551,2026-08-22 16:45:39.750546,2026-08-22 17:05:34.512498,2026-08-22 17:13:46.468098,orders_table,True,,28.1119592,True,True,19.912699200000002,8.19926,True,33.68114251666667,-5.569183316666667,True,1,0,True,0,False
O00048,C0675,R044,D039,D039,delivered,2026-08-10 23:07:00,2026-08-10 23:25:00,2026-08-10 23:53:00.424638,2026-08-11 00:01:58.798201,2026-08-11 00:12:43.222503,2026-08-11 00:20:25.937903,orders_table,True,,18.452328366666666,True,True,10.740405033333333,7.711923333333333,True,28.0070773,-9.554748933333332,True,0,0,False,0,False
O00049,C0544,R025,D042,D042,delivered,2026-08-09 11:23:00,2026-08-09 11:41:00,2026-08-09 11:50:43.930186,2026-08-09 12:04:23.146170,2026-08-09 12:04:23.146170,2026-08-09 12:06:08.285589,orders_table,True,,1.7523236500000001,True,False,0.0,1.7523236500000001,True,9.732169766666667,-7.979846116666667,False,0,1,True,0,False
O00050,C0116,R036,D070,D070,delivered,2026-08-22 14:40:00,2026-08-22 14:58:00,2026-08-22 15:11:29.011983,2026-08-22 15:33:47.676881,2026-08-22 15:42:30.789946,2026-08-22 15:36:07.615519,orders_table,True,,2.3323106333333334,True,False,8.718551083333333,-6.38624045,True,13.48353305,-11.151222416666666,True,0,0,False,0,False
O00051,C0875,R039,D058,D058,delivered,2026-08-01 15:09:00,2026-08-01 15:27:00,2026-08-01 16:24:51.495665,2026-08-01 16:28:30.928528,2026-08-01 16:46:30.928528,2026-08-01 16:19:51.495665,orders_table,True,,-8.657214383333333,False,False,18.0,-26.657214383333333,False,,,,0,0,False,0,False
O00052,C0610,R055,D086,D086,delivered,2026-08-24 17:07:00,2026-08-24 17:25:00,2026-08-24 18:16:16.946011,2026-08-24 18:26:48.000000,2026-08-24 18:36:48.000000,2026-08-24 18:11:16.946011,orders_table,True,,-15.517566483333333,False,False,10.0,-25.517566483333333,False,,,,0,0,False,1,True
O00053,C0797,R030,D028,D028,delivered,2026-08-13 17:06:00,2026-08-13 17:24:00,2026-08-13 18:25:53.797613,2026-08-13 17:58:50.809718,2026-08-13 18:12:10.051993,2026-08-13 18:20:53.797613,orders_table,True,,22.04979825,True,True,13.320704583333333,8.729093666666667,False,,,,0,0,False,0,False
O00054,C0270,R002,D113,D113,delivered,2026-08-28 19:56:00,2026-08-28 20:14:00,2026-08-28 21:25:10.582862,2026-08-28 21:15:48.000000,2026-08-28 21:29:05.428182,2026-08-28 21:20:10.582862,orders_table,True,,4.376381033333333,True,False,13.2904697,-8.914088666666666,False,,,,0,0,False,1,True
O00055,C0511,R049,D030,D030,delivered,2026-08-16 12:53:00,2026-08-16 13:11:00,2026-08-16 14:08:05.645770,2026-08-16 14:05:48.000000,2026-08-16 14:05:48.000000,2026-08-16 14:03:05.645770,orders_table,True,,-2.705903833333333,False,False,0.0,-2.705903833333333,False,,,,0,0,False,1,False
O00056,C0321,R022,D087,D087,delivered,2026-08-10 19:22:00,2026-08-10 19:40:00,2026-08-10 19:40:53.826897,2026-08-10 20:30:21.288843,2026-08-10 20:30:21.288843,2026-08-10 20:27:29.150791,orders_table,True,,-2.868967533333333,False,False,0.0,-2.868967533333333,True,0.8971149500000001,-3.7660824833333333,False,0,0,False,1,False
O00057,C0097,R006,D018,D018,delivered,2026-08-27 19:43:00,2026-08-27 20:01:00,2026-08-27 20:05:29.848536,2026-08-27 20:59:09.428116,2026-08-27 21:09:09.428116,2026-08-27 20:56:43.749750,orders_table,True,,-2.427972766666667,False,False,10.0,-12.427972766666667,True,4.4974756000000005,-6.925448366666668,False,0,0,False,0,False
O00058,C0604,R030,D007,D007,delivered,2026-08-05 20:01:00,2026-08-05 20:19:00,2026-08-05 20:32:28.460434,2026-08-05 21:06:02.914275,2026-08-05 21:07:40.967071,2026-08-05 21:08:44.647933,orders_table,True,,2.6955609666666667,True,False,1.6342132666666667,1.0613477,True,13.474340566666665,-10.778779599999998,True,0,1,True,1,False
O00059,C0242,R018,D024,D024,delivered,2026-08-09 18:27:00,2026-08-09 18:45:00,2026-08-09 18:46:59.607808,2026-08-09 19:23:43.716443,2026-08-09 19:29:27.965406,2026-08-09 19:12:16.937862,orders_table,True,,-11.446309683333334,False,False,5.737482716666666,-17.1837924,True,1.9934634666666669,-13.43977315,False,0,0,False,0,False
O00060,C0210,R038,D023,D023,delivered,2026-08-10 22:49:00,2026-08-10 23:07:00,2026-08-10 23:32:03.056253,2026-08-10 23:58:41.838166,2026-08-10 23:59:13.308999,2026-08-11 00:10:51.404067,orders_table,True,,12.159431683333334,True,True,0.5245138833333333,11.6349178,True,25.05093755,-12.891505866666666,True,0,0,False,0,False
O00061,C0352,R036,D043,D043,delivered,2026-08-03 21:36:00,2026-08-03 21:54:00,2026-08-03 21:49:32.897292,2026-08-03 22:41:14.315041,2026-08-03 22:45:14.315041,2026-08-03 22:29:14.636022,orders_table,True,,-11.994650316666668,False,False,4.0,-15.994650316666668,True,-4.4517118,-7.542938516666668,False,0,0,False,0,False
O00062,C0243,R020,D088,D088,delivered,2026-08-17 12:55:00,2026-08-17 13:13:00,2026-08-17 13:22:19.852864,2026-08-17 14:01:37.407879,2026-08-17 14:06:59.819186,2026-08-17 14:00:44.168583,orders_table,True,,-0.8873216,False,False,5.3735217833333335,-6.2608433833333335,True,9.330881066666667,-10.218202666666667,False,0,0,False,0,False
O00063,C0427,R040,D103,D103,delivered,2026-08-20 13:48:00,2026-08-20 14:06:00,2026-08-20 14:07:56.067127,2026-08-20 15:07:48.000000,2026-08-20 15:17:48.000000,2026-08-20 14:59:23.320672,orders_table,True,,-8.411322133333334,False,False,10.0,-18.411322133333332,True,1.9344521166666666,-10.34577425,False,0,0,False,0,False
O00064,C0265,R002,D032,D032,delivered,2026-08-09 19:22:00,2026-08-09 19:40:00,2026-08-09 20:20:33.032412,2026-08-09 20:29:56.928762,2026-08-09 20:34:23.869857,2026-08-09 21:05:34.486949,orders_table,True,,35.62596978333333,True,True,4.44901825,31.176951533333334,True,40.5505402,-4.924570416666668,True,0,0,False,0,False
O00065,C0553,R019,D065,D065,delivered,2026-08-21 13:38:00,2026-08-21 13:56:00,2026-08-21 14:11:07.263020,2026-08-21 14:53:36.000000,2026-08-21 15:01:22.776631,2026-08-21 15:02:05.311675,orders_table,True,,8.488527916666666,True,False,7.779610516666667,0.7089174,True,15.121050333333333,-6.632522416666667,True,0,0,False,1,True
O00066,C0479,R002,D086,D086,delivered,2026-08-13 17:21:00,2026-08-13 17:39:00,2026-08-13 17:41:22.556953,2026-08-13 18:40:48.000000,2026-08-13 18:50:48.000000,2026-08-13 18:41:27.984968,orders_table,True,,0.6664161333333334,True,False,10.0,-9.333583866666666,True,2.3759492166666667,-1.7095330833333333,False,0,0,False,1,True
O00067,C0684,R033,D006,D006,delivered,2026-08-12 16:41:00,2026-08-12 16:59:00,2026-08-12 17:13:14.803034,2026-08-12 18:00:48.000000,2026-08-12 18:10:48.000000,2026-08-12 18:07:40.488736,orders_table,True,,6.874812266666667,True,False,10.0,-3.1251877333333336,True,14.246717233333333,-7.3719049666666665,True,0,0,False,0,False
O00068,C0359,R058,D003,D003,delivered,2026-08-12 11:19:00,2026-08-12 11:37:00,2026-08-12 11:44:36.650431,2026-08-12 12:31:48.000000,2026-08-12 12:31:48.000000,2026-08-12 12:30:32.618666,orders_table,True,,-1.2563555666666666,False,False,0.0,-1.2563555666666666,True,7.610840516666667,-8.867196083333333,False,0,0,False,0,False
O00069,C0341,R025,D036,D048,delivered,2026-08-20 13:24:00,2026-08-20 13:42:00,2026-08-20 13:51:08.059244,2026-08-20 14:34:38.988329,2026-08-20 14:34:38.988329,2026-08-20 14:33:18.505133,orders_table,True,,-1.3413866,False,False,0.0,-1.3413866,True,9.134320733333334,-10.475707333333334,False,0,0,False,0,False
O00070,C0304,R056,D021,D021,delivered,2026-08-26 20:57:00,2026-08-26 21:15:00,2026-08-26 21:07:28.452409,2026-08-26 22:16:48.000000,2026-08-26 22:26:48.000000,2026-08-26 21:58:51.688833,orders_table,True,,-17.93851945,False,False,10.0,-27.93851945,True,-7.525793183333334,-10.412726266666667,False,0,0,False,1,False
O00071,C0391,R042,D092,D092,delivered,2026-08-21 18:23:00,2026-08-21 18:41:00,2026-08-21 18:56:42.768236,2026-08-21 19:38:00.964322,2026-08-21 19:42:00.964322,2026-08-21 19:49:45.210065,orders_table,True,,11.73742905,True,True,4.0,7.73742905,True,15.712803933333333,-3.975374883333334,True,1,0,True,0,False
O00072,C0499,R016,D088,D013,delivered,2026-08-15 21:59:00,2026-08-15 22:17:00,2026-08-15 22:28:48.467550,2026-08-15 22:55:17.692598,2026-08-15 22:56:01.591517,2026-08-15 23:02:38.501816,orders_table,True,,7.3468203,True,False,0.73164865,6.61517165,True,11.8077925,-4.4609722,True,0,0,False,0,False
O00073,C0750,R050,D070,D070,delivered,2026-08-27 13:45:00,2026-08-27 14:03:00,2026-08-27 14:21:59.206034,2026-08-27 14:43:58.916284,2026-08-27 14:47:58.916284,2026-08-27 14:57:32.152522,orders_table,True,,13.5539373,True,True,4.0,9.5539373,True,18.986767233333335,-5.432829933333336,True,1,1,True,0,False
O00074,C0492,R041,D089,D089,delivered,2026-08-20 18:07:00,2026-08-20 18:25:00,2026-08-20 18:34:00.420270,2026-08-20 19:26:48.000000,2026-08-20 19:36:48.000000,2026-08-20 19:34:23.133807,orders_table,True,,7.5855634499999995,True,False,10.0,-2.41443655,True,9.007004499999999,-1.4214410499999994,False,0,0,False,1,True
O00075,C0055,R033,D035,D035,cancelled,2026-08-17 23:04:00,2026-08-17 23:22:00,2026-08-17 23:34:16.214030,2026-08-18 00:29:24.000000,2026-08-18 00:48:15.975127,,,False,not_delivered,,,,18.866252116666665,,False,,,,0,0,False,0,False
O00076,C0876,R012,D041,D041,delivered,2026-08-21 17:23:00,2026-08-21 17:41:00,2026-08-21 17:50:53.912802,2026-08-21 18:38:36.000000,2026-08-21 18:42:36.000000,2026-08-21 18:41:37.819229,orders_table,True,,3.0303204833333335,True,False,4.0,-0.9696795166666666,True,9.8985467,-6.868226216666667,False,0,0,False,0,False
O00077,C0157,R053,D108,D108,delivered,2026-08-15 23:30:00,2026-08-15 23:48:00,2026-08-16 00:18:41.900236,2026-08-16 00:35:21.487268,2026-08-16 00:57:54.287242,2026-08-16 01:01:54.139242,orders_table,True,,26.54419956666667,True,True,22.546666233333333,3.9975333333333336,True,30.698337266666666,-4.154137699999996,True,1,0,True,0,False
O00078,C0633,R027,D055,D055,delivered,2026-08-25 19:18:00,2026-08-25 19:36:00,2026-08-25 19:38:13.247574,2026-08-25 20:36:06.000000,2026-08-25 20:45:07.499360,2026-08-25 20:30:57.518398,orders_table,True,,-5.141360033333333,False,False,9.024989333333334,-14.166349366666667,True,2.2207928999999997,-7.362152933333332,False,0,0,False,1,False
O00079,C0387,R024,D078,D078,delivered,2026-08-09 20:46:00,2026-08-09 21:04:00,2026-08-09 21:08:46.629720,2026-08-09 22:01:36.000000,2026-08-09 22:07:22.400418,2026-08-09 22:03:08.100826,orders_table,True,,1.5350137666666666,True,False,5.7733403,-4.238326533333333,True,4.777162000000001,-3.2421482333333342,False,0,1,True,1,False
O00080,C0229,R029,D037,D037,delivered,2026-08-20 23:17:00,2026-08-20 23:35:00,2026-08-21 00:04:18.199111,2026-08-21 00:39:18.000000,2026-08-21 01:01:32.014363,2026-08-21 01:01:48.459960,orders_table,True,,22.507665999999997,True,True,22.233572716666668,0.2740932833333333,True,29.303318516666664,-6.795652516666667,True,1,0,True,0,False
O00081,C0581,R037,D004,D004,delivered,2026-08-19 11:09:00,2026-08-19 11:27:00,2026-08-19 11:26:02.999481,2026-08-19 12:31:18.000000,2026-08-19 12:46:18.000000,2026-08-19 12:24:09.886909,orders_table,True,,-7.1352181833333335,False,False,15.0,-22.135218183333333,True,-0.9500086499999999,-6.1852095333333335,False,0,0,False,0,False
O00082,C0366,R060,D029,D029,delivered,2026-08-17 17:35:00,2026-08-17 17:53:00,2026-08-17 17:51:55.830854,2026-08-17 18:22:00.755721,2026-08-17 18:22:53.776515,2026-08-17 18:13:47.804039,orders_table,True,,-8.215861366666667,False,False,0.8836799000000001,-9.099541266666668,True,-1.0694857666666666,-7.146375600000001,False,0,0,False,0,False
O00083,C0404,R021,D061,D061,delivered,2026-08-15 23:51:00,2026-08-16 00:09:00,2026-08-16 00:13:07.414442,2026-08-16 01:13:18.000000,2026-08-16 01:28:18.000000,2026-08-16 01:15:40.179224,orders_table,True,,2.3696537333333336,True,False,15.0,-12.630346266666667,True,4.123574033333333,-1.7539202999999994,False,0,1,True,0,False
O00084,C0242,R004,D008,D008,delivered,2026-08-07 20:15:00,2026-08-07 20:33:00,2026-08-07 20:31:38.288560,2026-08-07 21:34:48.000000,2026-08-07 21:45:21.566405,2026-08-07 21:27:14.338789,orders_table,True,,-7.561020183333333,False,False,10.559440083333334,-18.120460266666665,True,-1.3618573333333333,-6.19916285,False,0,0,False,1,False
O00085,C0219,R009,D037,D037,delivered,2026-08-03 12:20:00,2026-08-03 12:38:00,2026-08-03 12:44:22.694982,2026-08-03 13:39:48.000000,2026-08-03 13:50:52.391131,2026-08-03 13:39:23.274303,orders_table,True,,-0.41209495,False,False,11.073185516666666,-11.485280466666667,True,6.3782497,-6.79034465,False,0,0,False,0,False
O00086,C0011,R042,D108,D108,delivered,2026-08-04 18:19:00,2026-08-04 18:37:00,2026-08-04 18:43:02.980015,2026-08-04 19:31:48.000000,2026-08-04 19:33:00.651713,2026-08-04 19:30:47.013099,orders_table,True,,-1.0164483500000001,False,False,1.2108618833333333,-2.2273102333333332,True,6.049666916666666,-7.0661152666666665,False,0,0,False,0,False
O00087,C0249,R016,D032,D032,delivered,2026-08-06 19:37:00,2026-08-06 19:55:00,2026-08-06 19:55:57.983013,2026-08-06 20:49:48.000000,2026-08-06 20:51:44.620517,2026-08-06 20:41:02.048528,orders_table,True,,-8.765857866666666,False,False,1.9436752833333335,-10.70953315,True,0.96638355,-9.732241416666666,False,0,0,False,1,False
O00088,C0077,R034,D032,D032,delivered,2026-08-16 21:34:00,2026-08-16 21:52:00,2026-08-16 21:51:36.170791,2026-08-16 22:55:36.000000,2026-08-16 23:12:35.718719,2026-08-16 22:55:19.466837,orders_table,True,,-0.27555271666666664,False,False,16.995311983333334,-17.2708647,True,-0.39715348333333333,0.1216007666666667,False,0,0,False,0,False
O00089,C0341,R002,D016,D016,delivered,2026-08-24 23:22:00,2026-08-24 23:40:00,2026-08-24 23:51:10.776789,2026-08-25 00:45:37.010931,2026-08-25 01:05:09.819935,2026-08-25 00:56:28.164196,orders_table,True,,10.852554416666667,True,True,19.546816733333333,-8.694262316666668,True,11.17961315,-0.3270587333333328,True,1,0,True,0,False
O00090,C0435,R039,D106,D106,delivered,2026-08-20 17:55:00,2026-08-20 18:13:00,2026-08-20 18:31:29.635751,2026-08-20 19:17:18.000000,2026-08-20 19:32:18.000000,2026-08-20 19:37:33.495349,orders_table,True,,20.25825581666667,True,True,15.0,5.258255816666666,True,18.493929183333332,1.7643266333333365,True,1,1,True,0,False
O00091,C0567,R026,D050,D014,delivered,2026-08-08 14:22:00,2026-08-08 14:40:00,2026-08-08 14:42:22.888278,2026-08-08 15:34:48.000000,2026-08-08 15:35:55.549595,2026-08-08 15:32:46.714468,orders_table,True,,-2.0214255333333333,False,False,1.1258265833333332,-3.1472521166666665,True,2.3814713000000003,-4.402896833333333,False,0,0,False,1,True
O00092,C0680,R030,D010,D010,delivered,2026-08-03 17:28:00,2026-08-03 17:46:00,2026-08-03 17:53:55.130436,2026-08-03 18:47:48.000000,2026-08-03 18:58:48.048770,2026-08-03 18:51:24.017088,orders_table,True,,3.6002848,True,False,11.000812833333333,-7.400528033333333,True,7.918840599999999,-4.3185557999999995,False,0,0,False,0,False
O00093,C0110,R034,D042,D042,delivered,2026-08-02 11:45:00,2026-08-02 12:03:00,2026-08-02 12:11:43.037180,2026-08-02 13:00:36.000000,2026-08-02 13:06:30.193444,2026-08-02 13:01:53.275765,orders_table,True,,1.2879294166666668,True,False,5.903224066666667,-4.61529465,True,8.717286333333334,-7.429356916666667,False,0,0,False,0,False
O00094,C0878,R003,D072,D072,delivered,2026-08-19 16:52:00,2026-08-19 17:10:00,2026-08-19 17:39:02.564976,2026-08-19 18:04:48.000000,2026-08-19 18:13:28.365901,2026-08-19 18:24:21.698196,orders_table,True,,19.5616366,True,True,8.672765016666666,10.888871583333334,True,29.042749599999997,-9.481112999999997,True,0,1,True,1,True
O00095,C0091,R053,D107,D107,delivered,2026-08-21 20:49:00,2026-08-21 21:07:00,2026-08-21 21:34:59.863473,2026-08-21 22:04:15.237941,2026-08-21 22:14:54.031700,2026-08-21 22:30:16.567079,driver_app,True,,26.022152300000002,True,True,10.64656265,15.37558965,True,27.99772455,-1.975572249999999,True,0,0,False,0,False
O00096,C0757,R046,D006,D006,delivered,2026-08-28 21:46:00,2026-08-28 22:04:00,2026-08-28 22:07:07.159833,2026-08-28 22:58:48.000000,2026-08-28 23:01:58.757867,2026-08-28 22:54:02.388621,orders_table,True,,-4.76018965,False,False,3.1792977833333333,-7.9394874333333325,True,3.11933055,-7.8795202,False,0,0,False,0,False
O00097,C0561,R026,D026,D026,delivered,2026-08-26 19:39:00,2026-08-26 19:57:00,2026-08-26 20:05:04.445452,2026-08-26 21:00:36.000000,2026-08-26 21:17:26.215584,2026-08-26 21:07:54.066262,orders_table,True,,7.301104366666666,True,False,16.8369264,-9.535822033333334,True,8.074090866666667,-0.7729865000000009,False,0,0,False,0,False
O00098,C0318,R054,D035,D035,delivered,2026-08-04 18:34:00,2026-08-04 18:52:00,2026-08-04 19:02:55.655146,2026-08-04 19:37:11.970238,2026-08-04 19:53:16.147646,2026-08-04 19:47:49.583343,orders_table,True,,10.626885083333333,True,True,16.069623466666666,-5.442738383333333,True,10.927585766666665,-0.3007006833333321,True,0,0,False,0,False
O00099,C0046,R038,D040,D040,delivered,2026-08-18 19:08:00,2026-08-18 19:26:00,2026-08-18 19:38:28.716286,2026-08-18 20:17:20.250376,2026-08-18 20:17:20.250376,2026-08-18 20:19:55.577319,orders_table,True,,2.588782383333333,True,False,0.0,2.588782383333333,True,12.478604766666667,-9.889822383333334,True,0,0,False,0,False
O00100,C0485,R036,D090,D090,delivered,2026-08-18 23:10:00,2026-08-18 23:28:00,2026-08-18 23:32:27.248969,2026-08-19 00:26:50.161016,2026-08-19 00:35:50.161016,2026-08-19 00:28:17.159744,orders_table,True,,1.4499788,True,False,9.0,-7.5500212,True,4.4541494833333335,-3.0041706833333333,False,0,0,False,0,False
O00101,C0538,R007,D111,D111,delivered,2026-08-24 20:59:00,2026-08-24 21:17:00,2026-08-24 21:25:03.983984,2026-08-24 20:49:00.000000,2026-08-24 22:20:47.430842,2026-08-24 22:14:30.685278,orders_table,False,promise_before_order,,,,91.79051403333332,,False,,,,1,0,True,1,False
O00102,C0263,R004,D056,D056,delivered,2026-08-11 16:41:00,2026-08-11 16:59:00,2026-08-11 17:05:05.809584,2026-08-11 16:31:00.000000,2026-08-11 18:01:36.434840,2026-08-11 17:57:17.661772,orders_table,False,promise_before_order,,,,90.60724733333333,,False,,,,0,0,False,1,True
O00103,C0389,R020,D098,D098,delivered,2026-08-22 20:11:00,2026-08-22 20:29:00,2026-08-22 20:39:45.064627,2026-08-22 20:01:00.000000,2026-08-22 21:17:53.672446,2026-08-22 21:10:17.342305,orders_table,False,promise_before_order,,,,76.89454076666667,,False,,,,0,0,False,0,False
O00104,C0436,R031,D055,D055,delivered,2026-08-09 22:19:00,2026-08-09 22:37:00,2026-08-09 22:47:33.934776,2026-08-09 22:09:00.000000,2026-08-09 23:37:56.425841,2026-08-09 23:36:20.740161,orders_table,False,promise_before_order,,,,88.94043068333333,,False,,,,0,0,False,0,False
O00105,C0729,R027,D069,D069,delivered,2026-08-08 14:08:00,2026-08-08 14:26:00,2026-08-08 14:26:39.014283,2026-08-08 15:23:36.000000,2026-08-08 15:27:36.000000,2026-08-08 15:14:12.630181,orders_table,True,,-9.389496983333334,False,False,4.0,-13.389496983333334,True,0.65023805,-10.039735033333335,False,0,0,False,0,False
O00106,C0760,R035,D089,D089,delivered,2026-08-12 12:36:00,2026-08-12 12:54:00,2026-08-12 12:46:53.767240,2026-08-12 13:51:18.000000,2026-08-12 13:56:18.000000,2026-08-12 13:37:00.203394,orders_table,True,,-14.2966101,False,False,5.0,-19.296610100000002,True,-7.103879333333333,-7.192730766666667,False,0,0,False,0,False
O00107,C0412,R050,D001,D034,delivered,2026-08-15 20:29:00,2026-08-15 20:47:00,2026-08-15 20:53:47.105998,2026-08-15 21:38:08.527830,2026-08-15 21:38:08.527830,2026-08-15 21:37:21.933301,orders_table,True,,-0.7765754833333334,False,False,0.0,-0.7765754833333334,True,6.7850999666666665,-7.56167545,False,0,0,False,0,False
O00108,C0226,R040,D057,D057,delivered,2026-08-18 23:59:00,2026-08-19 00:17:00,2026-08-19 00:11:01.322470,2026-08-19 01:24:48.000000,2026-08-19 01:46:48.000000,2026-08-19 01:16:32.308921,orders_table,True,,-8.261517983333333,False,False,22.0,-30.26151798333333,True,-5.977958833333333,-2.2835591499999994,False,0,0,False,0,False
O00109,C0894,R002,D040,D040,delivered,2026-08-28 18:41:00,2026-08-28 18:59:00,2026-08-28 19:01:15.568247,2026-08-28 19:48:02.408337,2026-08-28 19:58:02.408337,2026-08-28 19:44:50.633375,orders_table,True,,-3.1962493666666663,False,False,10.0,-13.196249366666667,True,2.2594707833333336,-5.455720149999999,False,0,0,False,0,False
O00110,C0811,R040,D037,D027,delivered,2026-08-12 13:12:00,2026-08-12 13:30:00,2026-08-12 13:56:04.470524,2026-08-12 14:37:24.000000,2026-08-12 15:03:07.984670,2026-08-12 14:58:44.027044,orders_table,True,,21.333784066666666,True,True,25.733077833333333,-4.399293766666667,True,26.074508733333335,-4.740724666666669,True,1,0,True,0,False
O00111,C0338,R031,D118,D118,delivered,2026-08-15 14:13:00,2026-08-15 14:31:00,2026-08-15 14:58:06.249152,2026-08-15 15:32:48.000000,2026-08-15 15:51:56.506551,2026-08-15 15:48:32.793183,orders_table,True,,15.74655305,True,True,19.14177585,-3.3952228,True,27.104152533333334,-11.357599483333335,True,0,0,False,0,False
O00112,C0404,R056,D115,D115,delivered,2026-08-09 12:37:00,2026-08-09 12:55:00,2026-08-09 12:48:00.358227,2026-08-09 13:59:18.000000,2026-08-09 14:14:18.000000,2026-08-09 13:48:51.605724,orders_table,True,,-10.4399046,False,False,15.0,-25.4399046,True,-6.99402955,-3.4458750500000006,False,0,0,False,0,False
O00113,C0605,R058,D059,D059,delivered,2026-08-18 18:54:00,2026-08-18 19:12:00,2026-08-18 19:38:57.053016,2026-08-18 20:12:06.000000,2026-08-18 20:26:53.576454,2026-08-18 20:31:15.102926,orders_table,True,,19.151715433333333,True,True,14.7929409,4.358774533333333,True,26.9508836,-7.799168166666668,True,0,0,False,0,False
O00114,C0602,R056,D093,D093,delivered,2026-08-03 18:53:00,2026-08-03 19:11:00,2026-08-03 19:21:17.131133,2026-08-03 20:05:48.000000,2026-08-03 20:06:34.278406,2026-08-03 20:12:00.539850,orders_table,True,,6.2089975,True,False,0.7713067666666666,5.437690733333333,True,10.285518883333333,-4.076521383333334,True,0,0,False,1,False
O00115,C0104,R017,D029,D029,delivered,2026-08-24 12:48:00,2026-08-24 13:06:00,2026-08-24 13:10:51.877854,2026-08-24 13:39:28.307218,2026-08-24 13:43:28.307218,2026-08-24 13:30:45.204008,orders_table,True,,-8.718386833333334,False,False,4.0,-12.718386833333334,True,4.8646309,-13.583017733333334,False,0,0,False,1,True
O00116,C0264,R004,D100,D100,delivered,2026-08-26 23:30:00,2026-08-26 23:48:00,2026-08-27 00:07:01.064026,2026-08-27 00:49:48.000000,2026-08-27 01:01:47.701605,2026-08-27 01:02:35.610076,orders_table,True,,12.793501266666668,True,True,11.99502675,0.7984745166666667,True,19.017733766666666,-6.224232499999998,True,0,1,True,0,False
O00117,C0480,R032,D016,D016,delivered,2026-08-18 19:43:00,2026-08-18 20:01:00,2026-08-18 20:06:42.521740,2026-08-18 20:58:36.000000,2026-08-18 21:02:36.000000,2026-08-18 20:55:24.550476,orders_table,True,,-3.1908254,False,False,4.0,-7.1908254,True,5.708695666666667,-8.899521066666667,False,0,0,False,0,False
O00118,C0258,R060,D032,D066,delivered,2026-08-27 21:52:00,2026-08-27 22:10:00,2026-08-27 22:23:32.703369,2026-08-27 23:02:48.825147,2026-08-27 23:15:51.622260,2026-08-27 23:11:23.618617,orders_table,True,,8.579891166666666,True,False,13.04661855,-4.466727383333334,True,13.545056149999999,-4.965164983333333,True,1,1,True,0,False
O00119,C0039,R041,D115,D115,delivered,2026-08-24 15:18:00,2026-08-24 15:36:00,2026-08-24 15:55:54.243412,2026-08-24 16:33:18.000000,2026-08-24 16:38:18.000000,2026-08-24 16:46:13.615274,orders_table,True,,12.926921233333333,True,True,5.0,7.926921233333333,True,19.904056866666668,-6.977135633333335,True,0,0,False,0,False
O00120,C0501,R040,D045,D045,delivered,2026-08-13 18:15:00,2026-08-13 18:33:00,2026-08-13 18:29:08.055622,2026-08-13 19:40:24.000000,2026-08-13 19:58:24.000000,2026-08-13 19:34:08.431508,orders_table,True,,-6.259474866666666,False,False,18.0,-24.259474866666668,True,-3.8657396333333334,-2.393735233333333,False,0,0,False,0,False
O00121,C0008,R053,D011,D011,delivered,2026-08-14 19:21:00,2026-08-14 19:39:00,2026-08-14 20:06:13.979013,2026-08-14 20:39:06.000000,2026-08-14 20:54:51.978105,2026-08-14 20:59:24.936926,orders_table,True,,20.315615433333335,True,True,15.76630175,4.549313683333334,True,27.232983549999997,-6.917368116666662,True,0,1,True,0,False
O00122,C0829,R010,D087,D087,delivered,2026-08-11 11:13:00,2026-08-11 11:31:00,2026-08-11 11:38:44.232576,2026-08-11 12:28:36.000000,2026-08-11 12:34:32.924079,2026-08-11 12:29:52.348141,orders_table,True,,1.2724690166666666,True,False,5.9487346500000005,-4.676265633333333,True,7.7372096,-6.464740583333334,False,0,0,False,0,False
O00123,C0110,R017,D104,D104,delivered,2026-08-03 18:22:00,2026-08-03 18:40:00,2026-08-03 18:42:42.220551,2026-08-03 19:31:39.126645,2026-08-03 19:32:17.676463,2026-08-03 19:24:39.852763,orders_table,True,,-6.987898033333334,False,False,0.6424969666666667,-7.630394999999999,True,2.70367585,-9.691573883333334,False,0,0,False,0,False
O00124,C0471,R042,D053,D053,delivered,2026-08-13 17:43:00,2026-08-13 18:01:00,2026-08-13 18:08:49.859896,2026-08-13 18:54:16.027741,2026-08-13 18:58:55.254043,2026-08-13 18:51:21.876941,orders_table,True,,-2.9025133333333333,False,False,4.653771699999999,-7.556285033333333,True,7.830998266666667,-10.7335116,False,0,0,False,0,False
O00125,C0583,R004,D103,D046,delivered,2026-08-01 22:28:00,2026-08-01 22:46:00,2026-08-01 22:57:54.141616,2026-08-01 23:43:36.000000,2026-08-01 23:52:19.397381,2026-08-01 23:45:02.539050,orders_table,True,,1.4423175000000001,True,False,8.723289683333332,-7.280972183333334,True,11.902360266666667,-10.460042766666668,True,0,0,False,0,False
O00126,C0834,R001,D104,D104,delivered,2026-08-03 20:35:00,2026-08-03 20:53:00,2026-08-03 21:03:22.215700,2026-08-03 22:00:48.000000,2026-08-03 22:22:48.000000,2026-08-03 22:13:14.216068,orders_table,True,,12.436934466666665,True,True,22.0,-9.563065533333335,True,10.370261666666666,2.066672799999999,True,1,0,True,1,True
O00127,C0758,R001,D047,D047,delivered,2026-08-03 17:15:00,2026-08-03 17:33:00,2026-08-03 17:34:36.898065,2026-08-03 18:34:48.000000,2026-08-03 18:44:48.000000,2026-08-03 18:27:41.155050,driver_app,True,,-7.114082499999999,False,False,10.0,-17.1140825,True,1.6149677500000001,-8.72905025,False,0,0,False,0,False
O00128,C0704,R013,D010,D010,delivered,2026-08-20 13:20:00,2026-08-20 13:38:00,2026-08-20 13:42:57.335430,2026-08-20 14:35:36.000000,2026-08-20 14:39:36.000000,2026-08-20 14:35:25.533191,orders_table,True,,-0.17444681666666667,False,False,4.0,-4.174446816666667,True,4.9555905,-5.130037316666666,False,0,0,False,0,False
O00129,C0495,R042,D090,D090,cancelled,2026-08-12 12:36:00,2026-08-12 12:54:00,2026-08-12 12:49:35.438483,2026-08-12 13:47:39.322319,2026-08-12 14:01:31.801901,,,False,not_delivered,,,,13.8746597,,False,,,,0,0,False,0,False
O00130,C0783,R053,D041,D041,delivered,2026-08-15 20:53:00,2026-08-15 21:11:00,2026-08-15 21:15:07.369165,2026-08-15 22:02:30.024370,2026-08-15 22:18:43.772263,2026-08-15 21:59:47.592892,orders_table,True,,-2.7071913,False,False,16.229131549999998,-18.93632285,True,4.122819416666667,-6.830010716666667,False,0,0,False,0,False
O00131,C0106,R055,D060,D060,delivered,2026-08-28 19:34:00,2026-08-28 19:52:00,2026-08-28 19:57:44.311187,2026-08-28 20:52:48.000000,2026-08-28 21:04:53.408284,2026-08-28 21:07:19.033974,orders_table,True,,14.5172329,True,True,12.090138066666666,2.4270948333333333,True,5.7385197833333335,8.778713116666665,False,1,1,True,0,False
O00132,C0455,R003,D052,D052,delivered,2026-08-21 17:48:00,2026-08-21 18:06:00,2026-08-21 18:25:18.336678,2026-08-21 19:06:06.000000,2026-08-21 19:18:51.131804,2026-08-21 19:19:26.978884,orders_table,True,,13.349648066666667,True,True,12.752196733333333,0.5974513333333333,True,19.3056113,-5.955963233333332,True,0,0,False,0,False
O00133,C0561,R033,D119,D119,delivered,2026-08-16 12:26:00,2026-08-16 12:44:00,2026-08-16 12:42:56.533519,2026-08-16 13:51:24.000000,2026-08-16 14:09:24.000000,2026-08-16 13:47:43.845091,orders_table,True,,-3.6692484833333334,False,False,18.0,-21.669248483333334,True,-1.0577746833333335,-2.6114737999999997,False,0,0,False,0,False
O00134,C0864,R023,D025,D025,delivered,2026-08-11 12:02:00,2026-08-11 12:20:00,2026-08-11 12:32:24.166489,2026-08-11 13:21:48.000000,2026-08-11 13:31:48.000000,2026-08-11 13:26:44.478045,orders_table,True,,4.94130075,True,False,10.0,-5.05869925,True,12.402774816666666,-7.461474066666666,True,0,0,False,0,False
O00135,C0834,R019,D036,D036,delivered,2026-08-26 17:11:00,2026-08-26 17:29:00,2026-08-26 17:31:55.638508,2026-08-26 18:23:48.000000,2026-08-26 18:24:59.314510,2026-08-26 18:20:00.064441,orders_table,True,,-3.7989259833333335,False,False,1.1885751666666666,-4.98750115,True,2.9273084666666667,-6.72623445,False,0,0,False,1,True
O00136,C0158,R058,D089,D089,delivered,2026-08-19 12:55:00,2026-08-19 13:13:00,2026-08-19 13:17:26.396076,2026-08-19 14:10:36.000000,2026-08-19 14:14:45.414484,2026-08-19 14:06:44.476209,orders_table,True,,-3.85872985,False,False,4.1569080666666665,-8.015637916666666,True,4.4399346,-8.29866445,False,0,0,False,0,False
O00137,C0300,R059,D041,D041,delivered,2026-08-23 20:58:00,2026-08-23 21:16:00,2026-08-23 21:27:56.773299,2026-08-23 22:05:46.644116,2026-08-23 22:20:26.764442,2026-08-23 22:13:57.518372,orders_table,True,,8.1812376,True,False,14.6686721,-6.4874345,True,11.94622165,-3.7649840500000007,True,0,0,False,0,False
O00138,C0083,R042,D064,D064,delivered,2026-08-06 18:31:00,2026-08-06 18:49:00,2026-08-06 18:59:16.807438,2026-08-06 19:46:36.000000,2026-08-06 19:51:59.438841,2026-08-06 19:44:41.606985,orders_table,True,,-1.90655025,False,False,5.39064735,-7.2971976000000005,True,10.280123966666668,-12.186674216666669,True,0,0,False,1,True
O00139,C0013,R002,D040,D040,delivered,2026-08-19 11:48:00,2026-08-19 12:06:00,2026-08-19 12:11:44.683358,2026-08-19 13:03:36.000000,2026-08-19 13:09:11.160831,2026-08-19 13:04:24.637458,orders_table,True,,0.8106243000000001,True,False,5.58601385,-4.77538955,True,5.744722633333334,-4.934098333333334,False,0,0,False,1,True
O00140,C0099,R047,D003,D003,delivered,2026-08-18 20:23:00,2026-08-18 20:41:00,2026-08-18 20:37:17.560186,2026-08-18 21:10:26.587697,2026-08-18 21:14:26.587697,2026-08-18 20:55:05.861193,orders_table,True,,-15.345441733333333,False,False,4.0,-19.345441733333335,True,-3.7073302333333333,-11.638111499999999,False,0,0,False,1,False
O00141,C0168,R031,D015,D015,delivered,2026-08-27 12:55:00,2026-08-27 13:13:00,2026-08-27 13:19:30.920330,2026-08-27 14:16:04.794077,2026-08-27 14:34:04.794077,2026-08-27 14:17:35.745239,orders_table,True,,1.5158527,True,False,18.0,-16.4841473,True,6.515338833333333,-4.999486133333333,False,0,0,False,1,False
O00142,C0056,R022,D036,D036,delivered,2026-08-19 17:17:00,2026-08-19 17:35:00,2026-08-19 17:28:46.105943,2026-08-19 18:21:25.422231,2026-08-19 18:25:33.602338,2026-08-19 18:08:17.238707,orders_table,True,,-13.136392066666668,False,False,4.136335116666666,-17.272727183333334,True,-6.231567616666666,-6.904824450000001,False,0,0,False,1,False
O00143,C0678,R013,D030,D030,delivered,2026-08-08 13:20:00,2026-08-08 13:38:00,2026-08-08 13:46:37.538377,2026-08-08 14:39:48.000000,2026-08-08 14:51:07.175905,2026-08-08 14:37:32.053193,orders_table,True,,-2.265780116666667,False,False,11.319598416666667,-13.585378533333333,True,8.625639616666666,-10.891419733333333,False,0,0,False,0,False
O00144,C0771,R034,D023,D023,delivered,2026-08-23 22:23:00,2026-08-23 22:41:00,2026-08-23 22:55:25.996875,2026-08-23 23:28:49.161332,2026-08-23 23:32:49.161332,2026-08-23 23:35:57.157310,orders_table,True,,7.1332663,True,False,4.0,3.1332663000000003,True,14.43328125,-7.3000149500000004,True,0,0,False,0,False
O00145,C0377,R015,D035,D035,delivered,2026-08-11 18:08:00,2026-08-11 18:26:00,2026-08-11 18:37:22.495775,2026-08-11 19:13:56.187318,2026-08-11 19:17:56.187318,2026-08-11 19:16:48.103141,orders_table,True,,2.8652637166666666,True,False,4.0,-1.1347362833333332,True,11.374929583333333,-8.509665866666667,True,0,0,False,0,False
O00146,C0031,R015,D046,D046,delivered,2026-08-07 23:58:00,2026-08-08 00:16:00,2026-08-08 00:10:12.231564,2026-08-08 00:41:44.791949,2026-08-08 00:41:44.791949,2026-08-08 00:29:43.338196,orders_table,True,,-12.024229216666667,False,False,0.0,-12.024229216666667,True,-5.7961406,-6.228088616666667,False,0,0,False,0,False
O00147,C0572,R016,D025,D045,delivered,2026-08-25 14:41:00,2026-08-25 14:59:00,2026-08-25 15:31:31.074721,2026-08-25 15:37:14.765344,2026-08-25 15:37:36.779500,2026-08-25 15:59:59.246273,orders_table,True,,22.74134881666667,True,True,0.3669026,22.37444621666667,True,32.51791201666666,-9.776563199999995,True,0,1,True,0,False
O00148,C0197,R025,D106,D106,delivered,2026-08-10 13:49:00,2026-08-10 14:07:00,2026-08-10 14:16:35.150451,2026-08-10 15:11:18.000000,2026-08-10 15:26:18.000000,2026-08-10 15:11:50.036755,orders_table,True,,0.5339459166666667,True,False,15.0,-14.466054083333335,True,9.58584085,-9.051894933333333,False,0,0,False,0,False
O00149,C0825,R055,D078,D078,delivered,2026-08-22 18:13:00,2026-08-22 18:31:00,2026-08-22 18:47:37.875668,2026-08-22 19:25:48.000000,2026-08-22 19:27:09.809173,2026-08-22 19:33:44.911350,orders_table,True,,7.9485225,True,False,1.3634862166666666,6.585036283333333,True,16.631261133333332,-8.682738633333333,True,0,0,False,0,False
O00150,C0747,R020,D043,D043,delivered,2026-08-24 19:49:00,2026-08-24 20:07:00,2026-08-24 20:19:34.582382,2026-08-24 20:50:53.351582,2026-08-24 21:08:53.351582,2026-08-24 21:02:17.714042,orders_table,True,,11.406041,True,True,18.0,-6.593959,True,12.576373033333335,-1.1703320333333345,True,0,0,False,0,False
O00151,C0641,R026,D104,D104,delivered,2026-08-08 18:07:00,2026-08-08 18:25:00,2026-08-08 19:00:44.862820,2026-08-08 19:22:36.000000,2026-08-08 19:34:46.611441,2026-08-08 19:50:49.669847,orders_table,True,,28.22783078333333,True,True,12.17685735,16.050973433333333,True,35.74771366666666,-7.519882883333331,True,0,0,False,1,True
O00152,C0179,R010,D109,D109,delivered,2026-08-01 19:00:00,2026-08-01 19:18:00,2026-08-01 19:41:35.702459,2026-08-01 19:57:13.357078,2026-08-01 20:08:57.474056,2026-08-01 20:10:58.760171,orders_table,True,,13.756718216666666,True,True,11.735282966666666,2.02143525,True,23.595040983333334,-9.838322766666668,True,1,0,True,0,False
O00153,C0274,R049,D009,D009,delivered,2026-08-07 23:09:00,2026-08-07 23:27:00,2026-08-07 23:27:02.113360,2026-08-08 00:24:36.000000,2026-08-08 00:28:36.000000,2026-08-08 00:17:04.059853,orders_table,True,,-7.532335783333334,False,False,4.0,-11.532335783333334,True,0.035222666666666666,-7.567558450000001,False,0,0,False,1,False
O00154,C0795,R015,D115,D115,cancelled,2026-08-20 19:19:00,2026-08-20 19:37:00,2026-08-20 19:55:54.825409,2026-08-20 20:15:57.271706,2026-08-20 20:25:57.271706,,,False,not_delivered,,,,10.0,,False,,,,0,0,False,0,False
O00155,C0521,R023,D072,D105,delivered,2026-08-17 18:52:00,2026-08-17 19:10:00,2026-08-17 19:39:21.661056,2026-08-17 20:09:17.422343,2026-08-17 20:26:51.880000,2026-08-17 20:28:38.696717,orders_table,True,,19.3545729,True,True,17.574294283333334,1.7802786166666666,True,29.3610176,-10.0064447,True,0,0,False,0,False
O00156,C0772,R017,D006,D006,delivered,2026-08-02 18:36:00,2026-08-02 18:54:00,2026-08-02 18:56:34.642680,2026-08-02 19:31:00.930944,2026-08-02 19:31:00.930944,2026-08-02 19:25:53.583575,orders_table,True,,-5.1224561500000005,False,False,0.0,-5.1224561500000005,True,2.5773780000000004,-7.699834150000001,False,0,0,False,0,False
O00157,C0663,R045,D090,D090,delivered,2026-08-13 22:11:00,2026-08-13 22:29:00,2026-08-13 22:26:56.657561,2026-08-13 23:38:54.000000,2026-08-14 00:01:54.000000,2026-08-13 23:38:51.565754,orders_table,True,,-0.04057076666666667,False,False,23.0,-23.04057076666667,True,-2.0557073166666666,2.01513655,False,0,0,False,0,False
O00158,C0119,R004,D009,D009,delivered,2026-08-02 13:51:00,2026-08-02 14:09:00,2026-08-02 14:23:48.867978,2026-08-02 15:06:36.000000,2026-08-02 15:12:31.225128,2026-08-02 15:13:25.227823,orders_table,True,,6.820463716666667,True,False,5.920418799999999,0.9000449166666667,True,14.8144663,-7.994002583333333,True,0,0,False,0,False
O00159,C0306,R039,D086,D086,delivered,2026-08-26 16:39:00,2026-08-26 16:57:00,2026-08-26 16:59:36.844737,2026-08-26 17:45:00.464137,2026-08-26 17:49:39.897307,2026-08-26 17:43:17.011006,orders_table,True,,-1.72421885,False,False,4.6572195,-6.38143835,True,2.61407895,-4.3382978,False,0,0,False,0,False
O00160,C0676,R005,D091,D091,delivered,2026-08-11 11:42:00,2026-08-11 12:00:00,2026-08-11 12:04:02.500906,2026-08-11 12:57:36.000000,2026-08-11 13:01:36.000000,2026-08-11 12:59:42.792322,orders_table,True,,2.1132053666666666,True,False,4.0,-1.8867946333333334,True,4.041681766666667,-1.9284764,False,0,0,False,0,False
O00161,C0436,R031,D030,D030,delivered,2026-08-28 18:44:00,2026-08-28 19:02:00,2026-08-28 19:17:06.730220,2026-08-28 20:03:08.425841,2026-08-28 20:15:53.878514,2026-08-28 20:09:18.343135,orders_table,True,,6.165288233333333,True,False,12.75754455,-6.592256316666666,True,15.112170333333333,-8.9468821,True,0,0,False,0,False
O00162,C0348,R003,D001,D001,delivered,2026-08-26 17:53:00,2026-08-26 18:11:00,2026-08-26 18:27:32.131791,2026-08-26 19:12:48.000000,2026-08-26 19:23:46.580752,2026-08-26 19:21:12.950887,orders_table,True,,8.415848116666668,True,False,10.976345866666666,-2.56049775,True,16.53552985,-8.119681733333332,True,0,1,True,1,False
O00163,C0251,R041,D057,D057,delivered,2026-08-10 18:54:00,2026-08-10 19:12:00,2026-08-10 19:15:54.739354,2026-08-10 19:33:54.189206,2026-08-10 19:33:54.189206,2026-08-10 19:29:29.287513,orders_table,True,,-4.415028216666667,False,False,0.0,-4.415028216666667,True,3.9123225666666666,-8.327350783333333,False,0,0,False,0,False
O00164,C0258,R041,D114,D114,delivered,2026-08-10 15:11:00,2026-08-10 15:29:00,2026-08-10 15:33:17.488760,2026-08-10 16:23:48.000000,2026-08-10 16:23:48.000000,2026-08-10 16:20:22.459871,orders_table,True,,-3.4256688166666667,False,False,0.0,-3.4256688166666667,True,4.291479333333333,-7.71714815,False,0,0,False,0,False
O00165,C0433,R047,D058,D009,delivered,2026-08-05 14:25:00,2026-08-05 14:43:00,2026-08-05 14:53:45.473111,2026-08-05 15:08:29.281600,2026-08-05 15:14:20.386846,2026-08-05 15:09:05.679077,orders_table,True,,0.6066246166666667,True,False,5.8517541,-5.245129483333333,True,10.757885183333334,-10.151260566666668,True,0,0,False,0,False
O00166,C0423,R032,D080,D080,delivered,2026-08-11 12:29:00,2026-08-11 12:47:00,2026-08-11 12:50:16.683775,2026-08-11 13:44:18.000000,2026-08-11 13:49:48.475513,2026-08-11 13:39:02.394552,orders_table,True,,-5.2600908,False,False,5.507925216666666,-10.768016016666667,True,3.278062916666667,-8.538153716666667,False,0,0,False,0,False
O00167,C0764,R011,D038,D038,delivered,2026-08-20 19:15:00,2026-08-20 19:33:00,2026-08-20 19:40:06.393514,2026-08-20 20:34:48.000000,2026-08-20 20:45:02.697791,2026-08-20 20:34:19.113734,orders_table,True,,-0.48143776666666666,False,False,10.244963183333335,-10.72640095,True,7.106558566666666,-7.587996333333333,False,0,0,False,0,False
O00168,C0577,R043,D090,D090,delivered,2026-08-12 18:50:00,2026-08-12 19:08:00,2026-08-12 19:15:03.881383,2026-08-12 20:07:21.283439,2026-08-12 20:16:42.908794,2026-08-12 20:04:23.421514,orders_table,True,,-2.964365416666667,False,False,9.360422583333333,-12.324788000000002,True,7.064689716666667,-10.029055133333333,False,0,0,False,1,True
O00169,C0389,R055,D064,D064,delivered,2026-08-22 15:34:00,2026-08-22 15:52:00,2026-08-22 16:19:20.745210,2026-08-22 16:35:43.577965,2026-08-22 17:02:41.391780,2026-08-22 17:04:40.775814,orders_table,True,,28.953297483333333,True,True,26.963563583333332,1.9897339,True,27.3457535,1.6075439833333327,True,0,1,True,0,False
O00170,C0129,R015,D072,D072,delivered,2026-08-23 17:36:00,2026-08-23 17:54:00,2026-08-23 18:07:56.927664,2026-08-23 18:46:40.410530,2026-08-23 18:51:02.876878,2026-08-23 18:51:18.866664,orders_table,True,,4.640935566666667,True,False,4.3744391333333335,0.26649643333333334,True,13.9487944,-9.307858833333334,True,0,0,False,0,False
O00171,C0197,R008,D103,D076,delivered,2026-08-17 18:21:00,2026-08-17 18:39:00,2026-08-17 19:10:31.744691,2026-08-17 19:46:24.000000,2026-08-17 20:12:47.185557,2026-08-17 20:14:45.009468,orders_table,True,,28.350157799999998,True,True,26.38642595,1.9637318499999998,True,31.529078183333336,-3.178920383333338,True,0,0,False,1,True
O00172,C0027,R012,D074,D074,delivered,2026-08-04 16:20:00,2026-08-04 16:38:00,2026-08-04 16:46:21.529411,2026-08-04 17:25:24.396622,2026-08-04 17:25:24.396622,2026-08-04 17:23:20.738324,orders_table,True,,-2.060971633333333,False,False,0.0,-2.060971633333333,True,8.358823516666666,-10.419795149999999,False,0,0,False,1,False
O00173,C0316,R009,D098,D098,cancelled,2026-08-06 20:44:00,2026-08-06 21:02:00,2026-08-06 20:59:02.772135,2026-08-06 22:09:24.000000,2026-08-06 22:29:48.732822,,,False,not_delivered,,,,20.4122137,,False,,,,0,0,False,0,False
O00174,C0797,R049,D056,D056,delivered,2026-08-21 18:59:00,2026-08-21 19:17:00,2026-08-21 19:43:26.579106,2026-08-21 20:03:13.853211,2026-08-21 20:12:22.381413,2026-08-21 20:18:20.245322,orders_table,True,,15.106535183333333,True,True,9.1421367,5.964398483333333,True,26.442985099999998,-11.336449916666664,True,0,1,True,1,True
O00175,C0062,R005,D069,D069,delivered,2026-08-24 11:24:00,2026-08-24 11:42:00,2026-08-24 11:41:02.594801,2026-08-24 12:39:36.000000,2026-08-24 12:43:43.049714,2026-08-24 12:33:24.594820,orders_table,True,,-6.1900863333333325,False,False,4.117495233333333,-10.307581566666666,True,-0.9567533166666667,-5.233333016666665,False,0,0,False,0,False
O00176,C0045,R004,D005,D005,delivered,2026-08-10 11:16:00,2026-08-10 11:34:00,2026-08-10 11:47:24.681107,2026-08-10 12:21:34.354653,2026-08-10 12:39:34.354653,2026-08-10 12:34:38.828932,orders_table,True,,13.074571316666667,True,True,18.0,-4.925428683333333,True,13.411351783333334,-0.33678046666666717,True,0,0,False,0,False
O00177,C0634,R023,D044,D044,delivered,2026-08-02 12:13:00,2026-08-02 12:31:00,2026-08-02 12:36:41.288315,2026-08-02 13:09:59.404344,2026-08-02 13:27:59.404344,2026-08-02 13:06:28.125718,orders_table,True,,-3.5213104333333334,False,False,18.0,-21.521310433333333,True,5.688138583333333,-9.209449016666667,False,0,0,False,1,True
O00178,C0642,R023,D120,D120,delivered,2026-08-20 18:06:00,2026-08-20 18:24:00,2026-08-20 18:52:50.068068,2026-08-20 19:18:48.000000,2026-08-20 19:18:48.000000,2026-08-20 19:37:12.390120,orders_table,True,,18.406502,True,True,0.0,18.406502,True,28.834467800000002,-10.427965800000003,True,0,0,False,0,False
O00179,C0076,R060,D021,D021,delivered,2026-08-15 15:53:00,2026-08-15 16:11:00,2026-08-15 16:19:46.225712,2026-08-15 16:52:10.142586,2026-08-15 16:56:10.142586,2026-08-15 16:58:06.341578,orders_table,True,,5.9366498666666665,True,False,4.0,1.9366498666666667,True,8.770428533333334,-2.8337786666666673,False,0,0,False,0,False
O00180,C0505,R041,D001,D001,delivered,2026-08-08 18:05:00,2026-08-08 18:23:00,2026-08-08 18:43:23.314022,2026-08-08 19:23:06.000000,2026-08-08 19:38:29.929898,2026-08-08 19:37:52.194153,orders_table,True,,14.769902550000001,True,True,15.398831633333334,-0.6289290833333333,True,20.388567033333334,-5.618664483333333,True,0,1,True,0,False
O00181,C0107,R006,D096,D096,delivered,2026-08-14 12:43:00,2026-08-14 13:01:00,2026-08-14 13:08:26.991712,2026-08-14 14:00:30.808398,2026-08-14 14:16:30.808398,2026-08-14 14:04:55.731344,orders_table,True,,4.415382433333334,True,False,16.0,-11.584617566666667,True,7.449861866666667,-3.034479433333333,False,0,0,False,0,False
O00182,C0441,R055,D083,D083,delivered,2026-08-23 19:33:00,2026-08-23 19:51:00,2026-08-23 20:13:00.455578,2026-08-23 20:52:48.000000,2026-08-23 21:09:14.342820,2026-08-23 21:07:17.763162,orders_table,True,,14.4960527,True,True,16.439047,-1.9429942999999998,True,22.007592966666667,-7.5115402666666675,True,0,0,False,0,False
O00183,C0028,R041,D018,D018,delivered,2026-08-16 11:17:00,2026-08-16 11:35:00,2026-08-16 11:47:02.970571,2026-08-16 12:16:05.414444,2026-08-16 12:20:05.414444,2026-08-16 12:17:16.575773,orders_table,True,,1.1860221499999999,True,False,4.0,-2.81397785,True,12.049509516666665,-10.863487366666666,True,0,0,False,0,False
O00184,C0213,R058,D016,D016,delivered,2026-08-09 21:54:00,2026-08-09 22:12:00,2026-08-09 22:15:21.472383,2026-08-09 23:13:48.000000,2026-08-09 23:24:29.497243,2026-08-09 23:11:22.059651,orders_table,True,,-2.43233915,False,False,10.691620716666668,-13.123959866666667,True,3.3578730500000002,-5.7902122,False,0,0,False,0,False
O00185,C0136,R012,D106,D106,delivered,2026-08-27 17:31:00,2026-08-27 17:49:00,2026-08-27 17:46:55.450542,2026-08-27 18:53:18.000000,2026-08-27 19:08:18.000000,2026-08-27 18:45:35.259246,orders_table,True,,-7.7123459,False,False,15.0,-22.7123459,True,-2.0758243,-5.6365216,False,0,0,False,1,False
O00186,C0099,R029,D010,D010,delivered,2026-08-07 21:15:00,2026-08-07 21:33:00,2026-08-07 21:39:56.381458,2026-08-07 22:27:48.000000,2026-08-07 22:27:48.000000,2026-08-07 22:23:24.875304,orders_table,True,,-4.385411599999999,False,False,0.0,-4.385411599999999,True,6.939690966666666,-11.325102566666665,False,0,0,False,0,False
O00187,C0488,R009,D027,D027,delivered,2026-08-28 18:35:00,2026-08-28 18:53:00,2026-08-28 18:48:13.151927,2026-08-28 19:50:36.000000,2026-08-28 19:55:00.208066,2026-08-28 19:33:07.522280,orders_table,True,,-17.474628666666668,False,False,4.403467766666666,-21.878096433333333,True,-4.780801216666666,-12.69382745,False,0,0,False,0,False
O00188,C0303,R009,D102,D033,delivered,2026-08-09 19:32:00,2026-08-09 19:50:00,2026-08-09 20:14:30.302194,2026-08-09 20:47:18.000000,2026-08-09 20:52:18.000000,2026-08-09 21:07:26.879602,orders_table,True,,20.147993366666665,True,True,5.0,15.147993366666666,True,24.505036566666668,-4.357043200000003,True,0,1,True,0,False
O00189,C0150,R011,D001,D001,delivered,2026-08-15 16:33:00,2026-08-15 16:51:00,2026-08-15 17:06:55.662026,2026-08-15 17:38:17.145241,2026-08-15 17:56:51.522279,2026-08-15 17:42:57.478082,orders_table,True,,4.672214016666667,True,False,18.572950633333335,-13.900736616666668,True,15.927700433333333,-11.255486416666667,True,0,0,False,0,False
O00190,C0859,R042,D017,D017,delivered,2026-08-09 19:55:00,2026-08-09 20:13:00,2026-08-09 20:17:53.630198,2026-08-09 21:10:36.000000,2026-08-09 21:14:36.000000,2026-08-09 21:04:16.824909,orders_table,True,,-6.31958485,False,False,4.0,-10.31958485,True,4.893836633333334,-11.213421483333335,False,0,0,False,0,False
O00191,C0566,R004,D113,D113,delivered,2026-08-09 22:25:00,2026-08-09 22:43:00,2026-08-09 22:43:11.060858,2026-08-09 23:06:45.216793,2026-08-09 23:11:34.802452,2026-08-09 22:57:38.025265,orders_table,True,,-9.1198588,False,False,4.82642765,-13.94628645,True,0.18434763333333332,-9.304206433333333,False,0,0,False,1,False
O00192,C0100,R003,D035,D035,delivered,2026-08-06 16:30:00,2026-08-06 16:48:00,2026-08-06 16:53:44.325684,2026-08-06 17:42:48.000000,2026-08-06 17:42:48.000000,2026-08-06 17:43:05.149196,orders_table,True,,0.28581993333333333,True,False,0.0,0.28581993333333333,True,5.7387614000000005,-5.452941466666667,False,0,0,False,0,False
O00193,C0309,R034,D015,D015,delivered,2026-08-11 17:37:00,2026-08-11 17:55:00,2026-08-11 17:57:35.187769,2026-08-11 18:44:24.895731,2026-08-11 18:54:22.997206,2026-08-11 18:44:22.949084,orders_table,True,,-0.03244411666666667,False,False,9.968357916666667,-10.000802033333335,True,2.5864628166666668,-2.6189069333333332,False,0,0,False,1,False
O00194,C0771,R020,D018,D018,delivered,2026-08-11 17:36:00,2026-08-11 17:54:00,2026-08-11 18:31:39.836812,2026-08-11 19:01:48.000000,2026-08-11 19:35:28.802941,2026-08-11 19:40:08.111510,orders_table,True,,38.33519183333333,True,True,33.680049016666665,4.655142816666666,True,37.66394686666667,0.6712449666666629,True,0,1,True,0,False
O00195,C0248,R033,D089,D089,delivered,2026-08-25 13:48:00,2026-08-25 14:06:00,2026-08-25 14:05:59.839412,2026-08-25 15:03:18.000000,2026-08-25 15:10:07.882203,2026-08-25 14:51:09.437606,orders_table,True,,-12.142706566666668,False,False,6.83137005,-18.974076616666665,True,-0.002676466666666667,-12.1400301,False,0,0,False,0,False
O00196,C0604,R043,D017,D017,delivered,2026-08-01 21:48:00,2026-08-01 22:06:00,2026-08-01 22:13:32.237101,2026-08-01 22:55:14.312387,2026-08-01 23:05:14.312387,2026-08-01 22:58:24.258591,orders_table,True,,3.1657700666666666,True,False,10.0,-6.834229933333333,True,7.537285016666667,-4.37151495,False,0,0,False,0,False
O00197,C0020,R009,D062,D062,delivered,2026-08-24 18:33:00,2026-08-24 18:51:00,2026-08-24 18:53:02.892832,2026-08-24 19:47:45.443018,2026-08-24 19:56:45.443018,2026-08-24 19:46:59.770377,orders_table,True,,-0.7612106833333333,False,False,9.0,-9.761210683333333,True,2.0482138666666665,-2.8094245499999997,False,0,0,False,1,True
O00198,C0657,R016,D100,D100,delivered,2026-08-19 18:07:00,2026-08-19 18:25:00,2026-08-19 19:02:58.154574,2026-08-19 18:57:33.382886,2026-08-19 19:10:50.521428,2026-08-19 19:32:47.457048,orders_table,True,,35.23456936666666,True,True,13.285642366666668,21.948927,True,37.969242900000005,-2.7346735333333427,True,0,1,True,1,True
O00199,C0657,R057,D109,D109,cancelled,2026-08-15 17:35:00,2026-08-15 17:53:00,2026-08-15 17:46:51.846009,2026-08-15 18:25:56.810917,2026-08-15 18:31:06.786196,,,False,not_delivered,,,,5.16625465,,False,,,,0,0,False,1,False
O00200,C0099,R002,D079,D079,delivered,2026-08-22 18:39:00,2026-08-22 18:57:00,2026-08-22 19:02:52.989888,2026-08-22 19:54:36.000000,2026-08-22 19:59:03.240098,2026-08-22 19:48:44.061281,orders_table,True,,-5.865645316666667,False,False,4.454001633333333,-10.31964695,True,5.8831648,-11.748810116666668,False,0,0,False,0,False
O00201,C0236,R044,D018,D012,delivered,2026-08-12 19:18:00,2026-08-12 19:36:00,2026-08-12 19:36:31.160966,2026-08-12 20:30:48.000000,2026-08-12 20:30:48.000000,2026-08-12 20:26:04.092369,orders_table,True,,-4.73179385,False,False,0.0,-4.73179385,True,0.5193494333333333,-5.251143283333333,False,0,0,False,1,True
O00202,C0028,R002,D004,D004,delivered,2026-08-24 12:16:00,2026-08-24 12:34:00,2026-08-24 12:41:50.019998,2026-08-24 13:35:48.000000,2026-08-24 13:45:48.000000,2026-08-24 13:37:33.955969,orders_table,True,,1.7659328166666666,True,False,10.0,-8.234067183333334,True,7.833666633333333,-6.067733816666667,False,0,0,False,0,False
O00203,C0030,R039,D052,D052,delivered,2026-08-01 21:42:00,2026-08-01 22:00:00,2026-08-01 21:57:25.508600,2026-08-01 22:57:16.886898,2026-08-01 23:07:37.921516,2026-08-01 22:49:16.501866,orders_table,True,,-8.0064172,False,False,10.350576966666667,-18.356994166666667,True,-2.574856666666667,-5.431560533333332,False,0,0,False,1,False
O00204,C0078,R005,D046,D046,delivered,2026-08-14 19:51:00,2026-08-14 20:09:00,2026-08-14 20:25:54.560652,2026-08-14 21:03:48.000000,2026-08-14 21:03:48.000000,2026-08-14 21:17:33.766221,orders_table,True,,13.76277035,True,True,0.0,13.76277035,True,16.9093442,-3.1465738499999993,True,0,0,False,1,True
O00205,C0708,R023,D088,D088,delivered,2026-08-27 20:57:00,2026-08-27 21:15:00,2026-08-27 21:45:58.227850,2026-08-27 22:12:18.000000,2026-08-27 22:22:48.191513,2026-08-27 22:39:05.173478,orders_table,True,,26.786224633333333,True,True,10.503191883333333,16.28303275,True,30.970464166666666,-4.184239533333333,True,0,1,True,0,False
O00206,C0691,R017,D109,D109,delivered,2026-08-24 15:22:00,2026-08-24 15:40:00,2026-08-24 16:20:42.508840,2026-08-24 16:24:00.543725,2026-08-24 16:42:51.538209,2026-08-24 16:59:27.120052,driver_app,True,,35.44293878333334,True,True,18.849908066666668,16.593030716666668,True,40.70848066666667,-5.265541883333327,True,0,0,False,1,True
O00207,C0470,R060,D009,D009,delivered,2026-08-09 11:14:00,2026-08-09 11:32:00,2026-08-09 11:50:44.010529,2026-08-09 12:01:09.434287,2026-08-09 12:06:12.088342,2026-08-09 12:12:32.100911,orders_table,True,,11.377777066666665,True,True,5.044234250000001,6.333542816666666,True,18.733508816666664,-7.355731749999999,True,1,0,True,0,False
O00208,C0066,R051,D103,D103,delivered,2026-08-27 12:38:00,2026-08-27 12:56:00,2026-08-27 13:10:47.635198,2026-08-27 14:03:24.000000,2026-08-27 14:21:24.000000,2026-08-27 14:19:47.904938,orders_table,True,,16.398415633333332,True,True,18.0,-1.6015843666666667,True,14.793919966666666,1.6044956666666668,True,0,0,False,0,False
O00209,C0711,R034,D067,D067,delivered,2026-08-15 12:48:00,2026-08-15 13:06:00,2026-08-15 13:14:51.234060,2026-08-15 13:45:50.420206,2026-08-15 13:55:50.420206,2026-08-15 13:54:31.073405,orders_table,True,,8.677553316666666,True,False,10.0,-1.3224466833333333,True,8.853901,-0.17634768333333461,False,0,0,False,1,True
O00210,C0457,R022,D113,D113,delivered,2026-08-14 12:39:00,2026-08-14 12:57:00,2026-08-14 13:14:16.633243,2026-08-14 13:50:10.282018,2026-08-14 13:50:10.282018,2026-08-14 13:56:28.663330,orders_table,True,,6.3063552,True,False,0.0,6.3063552,True,17.277220716666665,-10.970865516666667,True,0,1,True,0,False
O00211,C0629,R016,D051,D051,delivered,2026-08-22 19:32:00,2026-08-22 19:50:00,2026-08-22 20:30:58.587689,2026-08-22 20:24:31.293362,2026-08-22 20:25:29.700506,2026-08-22 20:56:54.054420,orders_table,True,,32.37935096666667,True,True,0.9734524,31.405898566666668,True,40.97646148333333,-8.59711051666666,True,1,1,True,0,False
O00212,C0773,R037,D064,D064,delivered,2026-08-20 19:20:00,2026-08-20 19:38:00,2026-08-20 19:47:06.305371,2026-08-20 20:08:44.328921,2026-08-20 20:12:44.328921,2026-08-20 20:07:31.126142,orders_table,True,,-1.2200463166666669,False,False,4.0,-5.220046316666667,True,9.105089516666668,-10.325135833333334,False,0,0,False,0,False
O00213,C0832,R058,D083,D083,delivered,2026-08-17 16:44:00,2026-08-17 17:02:00,2026-08-17 17:04:50.610309,2026-08-17 17:23:01.795000,2026-08-17 17:27:01.795000,2026-08-17 17:17:26.305252,orders_table,True,,-5.591495800000001,False,False,4.0,-9.591495799999999,True,2.84350515,-8.435000950000001,False,0,0,False,0,False
O00214,C0687,R052,D003,D003,delivered,2026-08-17 18:40:00,2026-08-17 18:58:00,2026-08-17 19:14:32.141352,2026-08-17 19:55:36.000000,2026-08-17 20:01:38.588677,2026-08-17 20:04:36.555241,orders_table,True,,9.009254016666667,True,False,6.043144616666667,2.9661094,True,16.5356892,-7.526435183333334,True,0,0,False,0,False
O00215,C0646,R030,D117,D117,delivered,2026-08-07 15:50:00,2026-08-07 16:08:00,2026-08-07 16:13:00.435235,2026-08-07 17:02:48.000000,2026-08-07 17:04:43.771778,2026-08-07 16:55:34.879004,orders_table,True,,-7.218683266666667,False,False,1.9295296333333334,-9.1482129,True,5.0072539166666665,-12.225937183333333,False,0,0,False,0,False
O00216,C0148,R009,D033,D033,delivered,2026-08-18 17:32:00,2026-08-18 17:50:00,2026-08-18 17:47:02.127090,2026-08-18 18:54:18.000000,2026-08-18 19:09:38.795998,2026-08-18 18:46:38.289296,orders_table,True,,-7.661845066666667,False,False,15.346599966666668,-23.00844503333333,True,-2.9645485,-4.697296566666667,False,0,0,False,0,False
O00217,C0210,R039,D089,D089,delivered,2026-08-20 21:55:00,2026-08-20 22:13:00,2026-08-20 22:26:51.296982,2026-08-20 23:17:18.000000,2026-08-20 23:32:18.000000,2026-08-20 23:30:50.343756,orders_table,True,,13.5390626,True,True,15.0,-1.4609374,True,13.854949699999999,-0.3158870999999994,True,0,0,False,0,False
O00218,C0792,R058,D071,D071,delivered,2026-08-06 23:47:00,2026-08-07 00:05:00,2026-08-07 00:18:46.205586,2026-08-07 00:53:07.226252,2026-08-07 01:00:27.486769,2026-08-07 01:03:24.532067,orders_table,True,,10.288430250000001,True,True,7.337675283333334,2.9507549666666666,True,13.7700931,-3.4816628499999993,True,0,1,True,1,True
O00219,C0139,R011,D031,D031,delivered,2026-08-25 22:39:00,2026-08-25 22:57:00,2026-08-25 23:07:07.403085,2026-08-25 23:37:20.159468,2026-08-25 23:51:25.409355,2026-08-25 23:42:42.522840,orders_table,True,,5.372722866666667,True,False,14.087498116666666,-8.71477525,True,10.123384750000001,-4.7506618833333345,True,0,0,False,0,False
O00220,C0242,R037,D054,D054,delivered,2026-08-08 21:42:00,2026-08-08 22:00:00,2026-08-08 21:56:57.150068,2026-08-08 22:49:58.216241,2026-08-08 22:54:17.044861,2026-08-08 22:39:22.717471,orders_table,True,,-10.591646166666667,False,False,4.3138103333333335,-14.905456500000001,True,-3.0474988666666665,-7.5441473000000006,False,0,0,False,1,True
O00221,C0734,R003,D073,D073,cancelled,2026-08-02 19:20:00,2026-08-02 19:38:00,2026-08-02 19:52:07.413338,2026-08-02 20:38:06.000000,2026-08-02 20:54:53.417397,,,False,not_delivered,,,,16.790289950000002,,False,,,,0,0,False,0,False
O00222,C0118,R017,D095,D095,delivered,2026-08-17 20:28:00,2026-08-17 20:46:00,2026-08-17 20:53:03.318779,2026-08-17 21:27:39.749518,2026-08-17 21:34:12.374060,2026-08-17 21:23:40.777654,orders_table,True,,-3.9828644,False,False,6.543742366666667,-10.526606766666667,True,7.055312983333334,-11.038177383333334,False,0,0,False,0,False
O00223,C0009,R048,D061,D061,delivered,2026-08-14 21:13:00,2026-08-14 21:31:00,2026-08-14 21:43:01.908501,2026-08-14 22:15:36.432168,2026-08-14 22:20:33.911114,2026-08-14 22:15:48.757674,orders_table,True,,0.2054251,True,False,4.957982433333333,-4.752557333333333,True,12.03180835,-11.826383250000001,True,0,0,False,1,True
O00224,C0843,R003,D047,D047,delivered,2026-08-03 18:14:00,2026-08-03 18:32:00,2026-08-03 18:27:41.400103,2026-08-03 19:39:24.000000,2026-08-03 19:57:24.000000,2026-08-03 19:33:55.006553,orders_table,True,,-5.483224116666666,False,False,18.0,-23.48322411666667,True,-4.309998283333333,-1.1732258333333334,False,0,0,False,0,False
O00225,C0659,R030,D026,D026,delivered,2026-08-23 21:22:00,2026-08-23 21:40:00,2026-08-23 21:34:40.586784,2026-08-23 22:41:56.858166,2026-08-23 22:59:56.858166,2026-08-23 22:37:54.569290,orders_table,True,,-4.038147933333333,False,False,18.0,-22.038147933333335,True,-5.323553599999999,1.2854056666666667,False,0,0,False,0,False
O00226,C0147,R005,D007,D007,delivered,2026-08-05 20:50:00,2026-08-05 21:08:00,2026-08-05 21:12:48.675379,2026-08-05 21:59:52.178916,2026-08-05 22:09:52.178916,2026-08-05 21:55:44.667731,orders_table,True,,-4.125186416666667,False,False,10.0,-14.125186416666667,True,4.811256316666667,-8.936442733333333,False,0,0,False,1,True
O00227,C0765,R014,D092,D092,delivered,2026-08-04 11:36:00,2026-08-04 11:54:00,2026-08-04 11:56:24.808083,2026-08-04 12:51:36.000000,2026-08-04 12:55:36.000000,2026-08-04 12:39:49.635946,orders_table,True,,-11.772734233333333,False,False,4.0,-15.772734233333333,True,2.41346805,-14.186202283333333,False,0,0,False,0,False
O00228,C0863,R034,D038,D038,delivered,2026-08-07 12:42:00,2026-08-07 13:00:00,2026-08-07 12:54:25.997721,2026-08-07 14:04:18.000000,2026-08-07 14:19:18.000000,2026-08-07 13:54:30.909888,orders_table,True,,-9.7848352,False,False,15.0,-24.7848352,True,-5.56670465,-4.21813055,False,0,0,False,1,False
O00229,C0534,R014,D074,D074,delivered,2026-08-05 19:15:00,2026-08-05 19:33:00,2026-08-05 19:34:58.114221,2026-08-05 20:01:09.875300,2026-08-05 20:01:26.437871,2026-08-05 19:59:59.576166,orders_table,True,,-1.1716522333333332,False,False,0.27604284999999995,-1.4476950833333333,True,1.96857035,-3.1402225833333333,False,0,0,False,0,False
O00230,C0109,R021,D099,D099,delivered,2026-08-26 14:47:00,2026-08-26 15:05:00,2026-08-26 15:20:35.724645,2026-08-26 16:06:48.000000,2026-08-26 16:16:48.000000,2026-08-26 16:14:46.113824,orders_table,True,,7.968563733333334,True,False,10.0,-2.0314362666666668,True,15.595410750000001,-7.626847016666667,True,0,0,False,0,False
O00231,C0761,R049,D028,D066,delivered,2026-08-27 15:52:00,2026-08-27 16:10:00,2026-08-27 16:14:21.027804,2026-08-27 17:04:48.000000,2026-08-27 17:04:48.000000,2026-08-27 16:57:15.411001,orders_table,True,,-7.5431499833333335,False,False,0.0,-7.5431499833333335,True,4.3504634,-11.893613383333333,False,0,1,True,0,False
O00232,C0384,R041,D095,D095,delivered,2026-08-18 18:49:00,2026-08-18 19:07:00,2026-08-18 19:15:24.960281,2026-08-18 19:49:17.705707,2026-08-18 19:49:38.112814,2026-08-18 19:46:40.076059,orders_table,True,,-2.6271608,False,False,0.34011845,-2.96727925,True,8.416004683333334,-11.043165483333334,False,0,0,False,0,False
O00233,C0605,R016,D029,D029,delivered,2026-08-26 23:43:00,2026-08-27 00:01:00,2026-08-27 00:09:45.356652,2026-08-27 00:55:48.000000,2026-08-27 00:55:59.896073,2026-08-27 00:53:51.846104,orders_table,True,,-1.9358982666666666,False,False,0.1982678833333333,-2.13416615,True,8.7559442,-10.691842466666667,False,0,0,False,0,False
O00234,C0669,R028,D116,D084,delivered,2026-08-03 15:14:00,2026-08-03 15:32:00,2026-08-03 15:34:32.833871,2026-08-03 16:26:48.000000,2026-08-03 16:26:48.000000,2026-08-03 16:22:45.539351,orders_table,True,,-4.041010816666667,False,False,0.0,-4.041010816666667,True,2.547231183333333,-6.588241999999999,False,0,0,False,0,False
O00235,C0200,R030,D029,D029,delivered,2026-08-19 19:53:00,2026-08-19 20:11:00,2026-08-19 20:32:35.796300,2026-08-19 20:49:41.074319,2026-08-19 20:51:36.512183,2026-08-19 20:58:07.392789,orders_table,True,,8.438641166666667,True,False,1.9239644,6.514676766666667,True,21.596605,-13.157963833333334,True,1,0,True,0,False
O00236,C0499,R041,D073,D073,delivered,2026-08-06 14:32:00,2026-08-06 14:50:00,2026-08-06 14:57:23.989880,2026-08-06 15:44:20.976175,2026-08-06 15:55:08.153402,2026-08-06 15:43:15.337316,orders_table,True,,-1.0939809833333334,False,False,10.786287116666667,-11.8802681,True,7.399831333333334,-8.493812316666668,False,0,0,False,0,False
O00237,C0586,R013,D073,D073,delivered,2026-08-08 11:36:00,2026-08-08 11:54:00,2026-08-08 11:58:58.236455,2026-08-08 12:26:36.103840,2026-08-08 12:31:29.823238,2026-08-08 12:23:28.548159,orders_table,True,,-3.1259280166666668,False,False,4.8953233,-8.021251316666667,True,4.970607583333333,-8.0965356,False,0,0,False,0,False
O00238,C0138,R018,D097,D097,delivered,2026-08-27 16:05:00,2026-08-27 16:23:00,2026-08-27 16:29:29.912528,2026-08-27 16:45:12.731702,2026-08-27 16:46:18.210373,2026-08-27 16:41:13.945139,orders_table,True,,-3.97977605,False,False,1.0913111833333333,-5.071087233333333,True,6.498542133333333,-10.478318183333332,False,0,0,False,0,False
O00239,C0519,R055,D113,D113,delivered,2026-08-03 14:24:00,2026-08-03 14:42:00,2026-08-03 14:47:11.880018,2026-08-03 15:33:34.499795,2026-08-03 15:33:34.499795,2026-08-03 15:35:54.815008,orders_table,True,,2.3385868833333334,True,False,0.0,2.3385868833333334,True,5.1980003,-2.859413416666667,False,0,0,False,0,False
O00240,C0850,R028,D058,D058,delivered,2026-08-25 12:30:00,2026-08-25 12:48:00,2026-08-25 13:09:45.724465,2026-08-25 13:39:40.727261,2026-08-25 13:54:40.727261,2026-08-25 13:54:43.870567,orders_table,True,,15.052388433333334,True,True,15.0,0.05238843333333333,True,21.762074416666668,-6.709685983333333,True,1,1,True,0,False
O00241,C0765,R030,D059,D059,delivered,2026-08-24 22:53:00,2026-08-24 23:11:00,2026-08-24 23:30:43.463053,2026-08-25 00:09:46.426430,2026-08-25 00:25:38.745886,2026-08-25 00:24:07.293935,orders_table,True,,14.34779175,True,True,15.871990933333333,-1.5241991833333333,True,19.724384216666667,-5.376592466666667,True,0,0,False,1,True
O00242,C0801,R025,D025,D025,delivered,2026-08-19 18:33:00,2026-08-19 18:51:00,2026-08-19 19:02:07.134998,2026-08-19 19:41:33.444966,2026-08-19 19:41:57.691575,2026-08-19 19:47:18.082571,orders_table,True,,5.7439600833333335,True,False,0.40411015,5.3398499333333325,True,11.118916633333333,-5.374956549999999,True,0,0,False,0,False
O00243,C0366,R051,D104,D104,delivered,2026-08-18 20:30:00,2026-08-18 20:48:00,2026-08-18 20:59:54.324407,2026-08-18 21:23:06.113832,2026-08-18 21:23:06.113832,2026-08-18 21:29:18.676372,orders_table,True,,6.209375666666667,True,False,0.0,6.209375666666667,True,11.905406783333332,-5.696031116666664,True,0,0,False,1,True
O00244,C0864,R047,D108,D108,delivered,2026-08-23 22:06:00,2026-08-23 22:24:00,2026-08-23 22:26:46.606052,2026-08-23 23:00:42.146886,2026-08-23 23:01:37.226350,2026-08-23 22:56:12.575827,orders_table,True,,-4.492850983333333,False,False,0.9179910666666667,-5.41084205,True,2.7767675333333335,-7.269618516666666,False,0,1,True,0,False
O00245,C0516,R006,D069,D069,delivered,2026-08-09 14:05:00,2026-08-09 14:23:00,2026-08-09 14:26:32.065655,2026-08-09 15:20:36.000000,2026-08-09 15:26:50.438380,2026-08-09 15:17:12.754442,orders_table,True,,-3.3874259666666666,False,False,6.240639666666667,-9.628065633333334,True,3.534427583333333,-6.92185355,False,0,0,False,0,False
O00246,C0231,R048,D021,D032,delivered,2026-08-22 22:33:00,2026-08-22 22:51:00,2026-08-22 22:43:19.130186,2026-08-22 23:48:36.000000,2026-08-22 23:52:36.000000,2026-08-22 23:33:30.939288,orders_table,True,,-15.0843452,False,False,4.0,-19.084345199999998,True,-7.681163566666667,-7.4031816333333325,False,0,0,False,0,False
O00247,C0247,R030,D120,D120,delivered,2026-08-17 11:45:00,2026-08-17 12:03:00,2026-08-17 12:04:15.974181,2026-08-17 12:45:14.956657,2026-08-17 12:45:14.956657,2026-08-17 12:36:16.480018,orders_table,True,,-8.974610649999999,False,False,0.0,-8.974610649999999,True,1.26623635,-10.240846999999999,False,0,0,False,0,False
O00248,C0089,R058,D119,D119,delivered,2026-08-06 17:06:00,2026-08-06 17:24:00,2026-08-06 17:32:56.600700,2026-08-06 18:21:36.000000,2026-08-06 18:27:20.521887,2026-08-06 18:15:14.871854,orders_table,True,,-6.352135766666667,False,False,5.74203145,-12.094167216666667,True,8.943344999999999,-15.295480766666666,False,0,0,False,0,False
O00249,C0135,R059,D066,D066,delivered,2026-08-15 21:55:00,2026-08-15 22:13:00,2026-08-15 22:32:17.195880,2026-08-15 22:51:12.474173,2026-08-15 22:58:09.530765,2026-08-15 22:57:58.772271,orders_table,True,,6.771634966666666,True,False,6.9509432,-0.17930823333333334,True,19.286598,-12.514963033333334,True,0,0,False,0,False
O00250,C0610,R051,D007,D007,delivered,2026-08-10 12:43:00,2026-08-10 13:01:00,2026-08-10 13:07:46.912923,2026-08-10 14:02:48.000000,2026-08-10 14:13:04.827531,2026-08-10 14:04:06.770459,orders_table,True,,1.3128409833333334,True,False,10.28045885,-8.967617866666666,True,6.781882049999999,-5.469041066666666,False,0,0,False,0,False
O00251,C0521,R036,D091,D091,delivered,2026-08-28 15:14:00,2026-08-28 15:32:00,2026-08-28 15:35:59.517626,2026-08-28 16:26:48.000000,2026-08-28 16:26:48.000000,2026-08-28 16:22:11.264660,orders_table,True,,-4.612255666666667,False,False,0.0,-4.612255666666667,True,3.9919604333333334,-8.6042161,False,0,1,True,1,False
O00252,C0310,R025,D119,D119,delivered,2026-08-11 18:56:00,2026-08-11 19:14:00,2026-08-11 19:08:05.137962,2026-08-11 19:56:03.342084,2026-08-11 20:12:37.212377,2026-08-11 19:47:00.008093,orders_table,True,,-9.055566516666666,False,False,16.56450488333333,-25.620071399999997,True,-5.914367299999999,-3.1411992166666662,False,0,0,False,0,False
O00253,C0153,R022,D008,D008,delivered,2026-08-06 18:07:00,2026-08-06 18:25:00,2026-08-06 18:45:28.815425,2026-08-06 19:02:23.376338,2026-08-06 19:12:23.376338,2026-08-06 19:21:01.734655,orders_table,True,,18.639305283333332,True,True,10.0,8.639305283333334,True,20.480257083333335,-1.8409518000000027,True,0,0,False,0,False
O00254,C0100,R002,D024,D024,delivered,2026-08-16 17:26:00,2026-08-16 17:44:00,2026-08-16 17:44:39.740270,2026-08-16 18:31:43.960799,2026-08-16 18:41:43.960799,2026-08-16 18:27:55.036836,orders_table,True,,-3.8153993833333333,False,False,10.0,-13.815399383333332,True,0.6623378333333334,-4.477737216666666,False,0,0,False,0,False
O00255,C0087,R034,D072,D072,delivered,2026-08-26 23:09:00,2026-08-26 23:27:00,2026-08-26 23:34:38.487121,2026-08-27 00:21:37.867271,2026-08-27 00:26:37.459036,2026-08-27 00:20:49.932172,orders_table,True,,-0.7989183166666667,False,False,4.993196083333333,-5.7921144,True,7.641452016666666,-8.440370333333334,False,0,0,False,0,False
O00256,C0289,R008,D006,D006,delivered,2026-08-06 12:52:00,2026-08-06 13:10:00,2026-08-06 13:22:55.816674,2026-08-06 14:10:06.000000,2026-08-06 14:26:28.183322,2026-08-06 14:25:39.923296,orders_table,True,,15.565388266666668,True,True,16.369722033333332,-0.8043337666666667,True,12.9302779,2.6351103666666678,True,1,1,True,0,False
O00257,C0324,R039,D018,D018,delivered,2026-08-20 14:36:00,2026-08-20 14:54:00,2026-08-20 15:06:02.989481,2026-08-20 15:55:48.000000,2026-08-20 16:06:36.260630,2026-08-20 15:59:58.073061,orders_table,True,,4.16788435,True,False,10.804343833333332,-6.636459483333334,True,12.049824683333332,-7.881940333333333,True,0,0,False,1,True
O00258,C0656,R006,D041,D041,delivered,2026-08-11 17:39:00,2026-08-11 17:57:00,2026-08-11 18:09:24.033904,2026-08-11 18:37:05.681393,2026-08-11 18:50:43.118774,2026-08-11 18:45:58.931227,orders_table,True,,8.887497233333333,True,False,13.623956349999998,-4.7364591166666665,True,12.400565066666667,-3.5130678333333343,True,0,0,False,0,False
O00259,C0285,R032,D014,D014,delivered,2026-08-06 13:01:00,2026-08-06 13:19:00,2026-08-06 13:30:47.934772,2026-08-06 14:13:48.000000,2026-08-06 14:13:48.000000,2026-08-06 14:14:59.886717,orders_table,True,,1.1981119500000001,True,False,0.0,1.1981119500000001,True,11.798912866666665,-10.600800916666666,True,0,0,False,0,False
O00260,C0296,R028,D022,D022,delivered,2026-08-09 19:05:00,2026-08-09 19:23:00,2026-08-09 19:35:28.756223,2026-08-09 20:14:11.024973,2026-08-09 20:29:11.024973,2026-08-09 20:24:00.711509,orders_table,True,,9.828108933333334,True,False,15.0,-5.171891066666666,True,12.479270383333333,-2.6511614499999983,True,1,0,True,0,False
O00261,C0715,R051,D002,D002,delivered,2026-08-18 22:35:00,2026-08-18 22:53:00,2026-08-18 23:05:19.486790,2026-08-18 23:41:09.639283,2026-08-18 23:57:24.736093,2026-08-18 23:45:02.098682,orders_table,True,,3.8743233166666666,True,False,16.2516135,-12.377290183333335,True,12.324779833333334,-8.450456516666668,True,0,0,False,1,True
O00262,C0263,R041,D093,D093,delivered,2026-08-10 17:16:00,2026-08-10 17:34:00,2026-08-10 17:36:52.143291,2026-08-10 18:28:48.000000,2026-08-10 18:28:48.000000,2026-08-10 18:20:11.031749,orders_table,True,,-8.616137516666667,False,False,0.0,-8.616137516666667,True,2.86905485,-11.485192366666666,False,0,0,False,0,False
O00263,C0511,R032,D112,D112,delivered,2026-08-18 17:26:00,2026-08-18 17:44:00,2026-08-18 17:47:22.990397,2026-08-18 18:41:12.790516,2026-08-18 18:53:02.489708,2026-08-18 18:44:48.004054,orders_table,True,,3.5868923,True,False,11.828319866666668,-8.241427566666667,True,3.3831732833333334,0.2037190166666667,False,0,0,False,0,False
O00264,C0442,R037,D068,D068,delivered,2026-08-23 19:18:00,2026-08-23 19:36:00,2026-08-23 19:46:05.099974,2026-08-23 20:03:23.571179,2026-08-23 20:16:44.772155,2026-08-23 20:08:16.109566,orders_table,True,,4.875639783333333,True,False,13.3533496,-8.477709816666668,True,10.084999566666665,-5.2093597833333325,True,0,0,False,1,True
O00265,C0477,R018,D065,D065,cancelled,2026-08-18 11:06:00,2026-08-18 11:24:00,2026-08-18 11:44:06.146841,2026-08-18 12:07:35.616582,2026-08-18 12:13:31.265328,,,False,not_delivered,,,,5.9274791,,False,,,,0,0,False,0,False
O00266,C0796,R058,D023,D101,delivered,2026-08-10 20:31:00,2026-08-10 20:49:00,2026-08-10 20:49:43.021037,2026-08-10 21:56:24.000000,2026-08-10 22:16:36.143659,2026-08-10 21:54:49.095897,orders_table,True,,-1.58173505,False,False,20.202394316666666,-21.784129366666665,True,0.7170172833333334,-2.2987523333333333,False,0,1,True,1,True
O00267,C0891,R001,D116,D116,delivered,2026-08-08 17:28:00,2026-08-08 17:46:00,2026-08-08 17:52:17.197705,2026-08-08 18:49:36.000000,2026-08-08 19:05:36.000000,2026-08-08 18:58:29.175060,orders_table,True,,8.886251,True,False,16.0,-7.113749,True,6.286628416666667,2.599622583333333,False,0,0,False,1,True
O00268,C0392,R042,D070,D070,delivered,2026-08-18 18:16:00,2026-08-18 18:34:00,2026-08-18 19:04:45.635105,2026-08-18 19:31:36.000000,2026-08-18 19:35:36.000000,2026-08-18 19:50:08.272395,orders_table,True,,18.53787325,True,True,4.0,14.537873249999999,True,30.760585083333336,-12.222711833333335,True,0,0,False,1,True
O00269,C0073,R046,D017,D017,delivered,2026-08-19 20:30:00,2026-08-19 20:48:00,2026-08-19 20:55:39.464242,2026-08-19 21:30:14.067027,2026-08-19 21:40:14.067027,2026-08-19 21:32:15.685345,orders_table,True,,2.026971966666667,True,False,10.0,-7.973028033333334,True,7.657737366666667,-5.6307654,False,0,0,False,0,False
O00270,C0406,R023,D090,D090,delivered,2026-08-08 16:35:00,2026-08-08 16:53:00,2026-08-08 17:06:06.246062,2026-08-08 17:35:26.409529,2026-08-08 17:46:58.414568,2026-08-08 17:48:54.357852,orders_table,True,,13.465805383333333,True,True,11.533417316666666,1.9323880666666668,True,13.104101033333334,0.36170434999999834,True,1,0,True,0,False
O00271,C0227,R044,D089,D089,delivered,2026-08-10 18:31:00,2026-08-10 18:49:00,2026-08-10 19:00:33.708939,2026-08-10 19:07:03.000000,2026-08-10 19:09:03.296536,2026-08-10 19:12:50.086181,orders_table,True,,5.784769683333334,True,False,2.0049422666666668,3.779827416666667,True,11.56181565,-5.777045966666666,True,0,0,False,1,False
O00272,C0073,R038,D022,D022,delivered,2026-08-15 11:40:00,2026-08-15 11:58:00,2026-08-15 12:12:12.819359,2026-08-15 12:51:07.234660,2026-08-15 12:55:07.234660,2026-08-15 12:56:13.079753,orders_table,True,,5.097418216666667,True,False,4.0,1.0974182166666668,True,14.213655983333332,-9.116237766666664,True,0,0,False,0,False
O00273,C0627,R053,D107,D107,cancelled,2026-08-14 19:07:00,2026-08-14 19:25:00,2026-08-14 19:43:13.662702,2026-08-14 20:19:48.000000,2026-08-14 20:29:05.266589,,,False,not_delivered,,,,9.287776483333333,,False,,,,0,0,False,0,False
O00274,C0792,R007,D094,D094,delivered,2026-08-04 11:41:00,2026-08-04 11:59:00,2026-08-04 11:50:04.120318,2026-08-04 13:00:48.000000,2026-08-04 13:10:54.840360,2026-08-04 12:51:27.414687,orders_table,True,,-9.343088550000001,False,False,10.114006,-19.45709455,True,-8.931328033333333,-0.4117605166666678,False,0,0,False,0,False
O00275,C0731,R029,D082,D082,delivered,2026-08-15 20:03:00,2026-08-15 20:21:00,2026-08-15 20:29:43.272580,2026-08-15 21:18:36.000000,2026-08-15 21:24:44.344362,2026-08-15 21:16:46.009723,orders_table,True,,-1.8331712833333333,False,False,6.1390727,-7.972243983333333,True,8.721209666666665,-10.554380949999999,False,0,0,False,0,False
O00276,C0754,R057,D017,D017,delivered,2026-08-08 18:12:00,2026-08-08 18:30:00,2026-08-08 18:41:49.927610,2026-08-08 18:54:34.180197,2026-08-08 18:56:35.066588,2026-08-08 19:00:24.003233,orders_table,True,,5.830383933333334,True,False,2.0147731833333333,3.81561075,True,11.832126833333332,-6.001742899999998,True,0,0,False,0,False
O00277,C0105,R053,D092,D092,delivered,2026-08-06 18:38:00,2026-08-06 18:56:00,2026-08-06 18:55:30.744066,2026-08-06 19:53:36.000000,2026-08-06 19:57:36.000000,2026-08-06 19:48:20.028067,orders_table,True,,-5.266198883333333,False,False,4.0,-9.266198883333335,True,-0.4875989,-4.778599983333333,False,0,0,False,1,False
O00278,C0183,R033,D096,D096,delivered,2026-08-24 15:28:00,2026-08-24 15:46:00,2026-08-24 15:55:21.486457,2026-08-24 16:43:36.000000,2026-08-24 16:50:52.781961,2026-08-24 16:44:03.642516,orders_table,True,,0.4607086,True,False,7.2796993500000005,-6.81899075,True,9.358107616666667,-8.897399016666666,False,0,0,False,1,True
O00279,C0648,R039,D108,D108,cancelled,2026-08-23 20:58:00,2026-08-23 21:16:00,2026-08-23 21:20:41.566801,2026-08-23 21:52:00.142269,2026-08-23 21:56:00.142269,,,False,not_delivered,,,,4.0,,False,,,,0,0,False,0,False
O00280,C0343,R015,D050,D050,delivered,2026-08-09 17:37:00,2026-08-09 17:55:00,2026-08-09 18:07:20.012310,2026-08-09 18:42:07.736626,2026-08-09 18:47:14.250779,2026-08-09 18:47:13.505917,orders_table,True,,5.0961548500000005,True,False,5.108569216666667,-0.012414366666666668,True,12.3335385,-7.237383649999999,True,0,1,True,1,True
O00281,C0608,R015,D116,D116,delivered,2026-08-27 22:38:00,2026-08-27 22:56:00,2026-08-27 23:01:04.623515,2026-08-27 23:45:57.257164,2026-08-27 23:56:48.242438,2026-08-27 23:44:10.732761,orders_table,True,,-1.7754067166666667,False,False,10.849754566666666,-12.625161283333334,True,5.077058583333334,-6.8524653,False,0,0,False,1,True
O00282,C0367,R015,D098,D098,cancelled,2026-08-21 21:59:00,2026-08-21 22:17:00,2026-08-21 22:25:52.836811,2026-08-21 23:11:48.000000,2026-08-21 23:14:50.185634,,,False,not_delivered,,,,3.0364272333333333,,False,,,,0,0,False,0,False
O00283,C0094,R052,D113,D113,delivered,2026-08-11 18:14:00,2026-08-11 18:32:00,2026-08-11 18:29:04.753850,2026-08-11 19:11:24.812183,2026-08-11 19:11:24.812183,2026-08-11 19:01:47.091394,orders_table,True,,-9.628679816666667,False,False,0.0,-9.628679816666667,True,-2.9207691666666666,-6.7079106500000005,False,0,0,False,0,False
O00284,C0331,R060,D091,D091,delivered,2026-08-09 12:32:00,2026-08-09 12:50:00,2026-08-09 12:57:08.585107,2026-08-09 13:17:37.224154,2026-08-09 13:22:17.692578,2026-08-09 13:17:11.445942,orders_table,True,,-0.4296368666666667,False,False,4.6744737333333335,-5.1041106,True,7.143085116666667,-7.5727219833333335,False,0,0,False,0,False
O00285,C0378,R037,D095,D095,delivered,2026-08-22 17:23:00,2026-08-22 17:41:00,2026-08-22 17:51:09.129424,2026-08-22 18:38:24.175521,2026-08-22 18:42:24.175521,2026-08-22 18:41:51.915946,orders_table,True,,3.4623404166666663,True,False,4.0,-0.5376595833333333,True,10.152157066666666,-6.689816649999999,True,0,0,False,0,False
O00286,C0714,R001,D102,D102,delivered,2026-08-28 12:47:00,2026-08-28 13:05:00,2026-08-28 13:05:31.182691,2026-08-28 13:46:37.008959,2026-08-28 13:51:37.008959,2026-08-28 13:38:27.029598,driver_app,True,,-8.166322683333332,False,False,5.0,-13.166322683333334,True,0.5197115166666666,-8.686034199999998,False,0,0,False,0,False
O00287,C0201,R039,D068,D068,delivered,2026-08-09 18:39:00,2026-08-09 18:57:00,2026-08-09 19:18:49.059800,2026-08-09 19:41:39.048514,2026-08-09 19:51:39.048514,2026-08-09 19:58:06.401473,orders_table,True,,16.45588265,True,True,10.0,6.45588265,True,21.817663333333332,-5.361780683333333,True,0,0,False,1,True
O00288,C0760,R050,D090,D090,delivered,2026-08-09 19:58:00,2026-08-09 20:16:00,2026-08-09 20:38:09.682298,2026-08-09 21:20:18.000000,2026-08-09 21:43:22.139042,2026-08-09 21:39:23.200153,orders_table,True,,19.086669216666667,True,True,23.068984033333333,-3.9823148166666664,True,22.16137163333333,-3.074702416666664,True,1,1,True,1,True
O00289,C0796,R035,D070,D070,cancelled,2026-08-23 11:15:00,2026-08-23 11:33:00,2026-08-23 11:40:04.608917,2026-08-23 12:40:24.000000,2026-08-23 12:59:59.026573,,,False,not_delivered,,,,19.583776216666667,,False,,,,0,0,False,0,False
O00290,C0500,R048,D050,D050,delivered,2026-08-21 16:32:00,2026-08-21 16:50:00,2026-08-21 16:57:55.403525,2026-08-21 17:33:14.828540,2026-08-21 17:38:25.041044,2026-08-21 17:34:23.549810,orders_table,True,,1.1453545,True,False,5.170208400000001,-4.0248539,True,7.923392083333334,-6.778037583333334,False,0,0,False,0,False
O00291,C0875,R018,D051,D051,delivered,2026-08-22 19:40:00,2026-08-22 19:58:00,2026-08-22 20:00:35.334397,2026-08-22 20:44:46.075448,2026-08-22 20:55:24.659668,2026-08-22 20:42:22.373562,orders_table,True,,-2.3950314333333336,False,False,10.643070333333332,-13.038101766666667,True,2.5889066166666668,-4.983938050000001,False,0,0,False,0,False
O00292,C0735,R048,D083,D083,delivered,2026-08-05 16:45:00,2026-08-05 17:03:00,2026-08-05 17:12:17.506734,2026-08-05 17:59:00.716564,2026-08-05 18:14:00.716564,2026-08-05 18:08:15.442834,orders_table,True,,9.245437833333334,True,False,15.0,-5.754562166666667,True,9.2917789,-0.04634106666666682,False,1,0,True,1,True
O00293,C0425,R033,D024,D024,delivered,2026-08-05 20:48:00,2026-08-05 21:06:00,2026-08-05 21:13:35.349867,2026-08-05 22:09:36.000000,2026-08-05 22:25:36.000000,2026-08-05 22:14:56.306129,orders_table,True,,5.338435483333333,True,False,16.0,-10.661564516666665,True,7.58916445,-2.250728966666667,False,0,0,False,0,False
O00294,C0761,R059,D100,D100,delivered,2026-08-20 19:38:00,2026-08-20 19:56:00,2026-08-20 20:01:53.647350,2026-08-20 20:53:36.000000,2026-08-20 20:58:33.897090,2026-08-20 20:50:41.502789,orders_table,True,,-2.90828685,False,False,4.9649515,-7.873238349999999,True,5.8941225,-8.80240935,False,0,0,False,0,False
O00295,C0322,R027,D090,D090,delivered,2026-08-08 11:48:00,2026-08-08 12:06:00,2026-08-08 12:27:33.592157,2026-08-08 13:15:54.000000,2026-08-08 13:39:30.365811,2026-08-08 13:37:09.251713,orders_table,True,,21.25419521666667,True,True,23.606096849999997,-2.3519016333333336,True,21.559869283333335,-0.30567406666666486,True,0,1,True,0,False
O00296,C0704,R040,D042,D042,delivered,2026-08-13 20:38:00,2026-08-13 20:56:00,2026-08-13 21:04:29.187057,2026-08-13 21:57:48.000000,2026-08-13 22:09:44.946692,2026-08-13 22:01:13.834192,orders_table,True,,3.4305698666666666,True,False,11.949111533333333,-8.518541666666668,True,8.48645095,-5.055881083333333,False,0,0,False,1,True
O00297,C0303,R017,D040,D040,delivered,2026-08-24 11:24:00,2026-08-24 11:42:00,2026-08-24 12:00:31.515909,2026-08-24 12:37:24.026885,2026-08-24 12:46:13.863151,2026-08-24 12:47:10.827183,orders_table,True,,9.780004966666667,True,False,8.830604433333333,0.9494005333333334,True,18.52526515,-8.745260183333333,True,0,0,False,0,False
O00298,C0287,R052,D064,D064,delivered,2026-08-15 20:28:00,2026-08-15 20:46:00,2026-08-15 20:47:55.535139,2026-08-15 21:29:36.748678,2026-08-15 21:29:36.748678,2026-08-15 21:23:05.997016,orders_table,True,,-6.512527700000001,False,False,0.0,-6.512527700000001,True,1.92558565,-8.43811335,False,0,0,False,1,True
O00299,C0531,R017,D032,D032,delivered,2026-08-15 12:20:00,2026-08-15 12:38:00,2026-08-15 12:40:14.931931,2026-08-15 13:42:18.000000,2026-08-15 13:57:18.000000,2026-08-15 13:41:58.302211,orders_table,True,,-0.32829648333333333,False,False,15.0,-15.328296483333332,True,2.2488655166666667,-2.577162,False,0,0,False,0,False
O00300,C0331,R037,D090,D040,delivered,2026-08-02 20:58:00,2026-08-02 21:16:00,2026-08-02 21:16:11.755388,2026-08-02 22:09:40.636372,2026-08-02 22:18:40.636372,2026-08-02 22:03:46.840978,orders_table,True,,-5.8965898999999995,False,False,9.0,-14.8965899,True,0.19592313333333333,-6.092513033333333,False,0,0,False,0,False
O00301,C0440,R059,D053,D053,delivered,2026-08-20 20:00:00,2026-08-20 20:18:00,2026-08-20 20:45:28.977122,2026-08-20 21:18:06.000000,2026-08-20 21:27:07.461794,2026-08-20 21:33:53.109909,orders_table,True,,15.785165150000001,True,True,9.024363233333334,6.760801916666667,True,27.482952033333333,-11.697786883333332,True,0,1,True,1,False
O00302,C0800,R019,D063,D063,delivered,2026-08-20 19:52:00,2026-08-20 20:10:00,2026-08-20 20:42:14.783326,2026-08-20 21:11:48.000000,2026-08-20 21:28:39.501031,2026-08-20 21:38:07.176647,orders_table,True,,26.319610783333335,True,True,16.85835051666667,9.461260266666667,True,32.24638876666667,-5.926777983333334,True,1,1,True,1,True
O00303,C0411,R039,D038,D038,delivered,2026-08-19 20:11:00,2026-08-19 20:29:00,2026-08-19 21:00:38.818166,2026-08-19 21:33:34.265202,2026-08-19 21:53:48.596403,2026-08-19 22:06:43.654438,orders_table,True,,33.156487266666666,True,True,20.23885335,12.917633916666666,True,31.646969433333332,1.5095178333333337,True,0,1,True,0,False
O00304,C0531,R052,D050,D050,delivered,2026-08-23 21:21:00,2026-08-23 21:39:00,2026-08-23 21:42:03.681952,2026-08-23 22:36:36.000000,2026-08-23 22:40:36.000000,2026-08-23 22:30:24.419630,orders_table,True,,-6.193006166666667,False,False,4.0,-10.193006166666667,True,3.0613658666666668,-9.254372033333333,False,0,0,False,0,False
O00305,C0385,R030,D110,D110,delivered,2026-08-20 17:08:00,2026-08-20 17:26:00,2026-08-20 17:34:44.066387,2026-08-20 18:27:30.696940,2026-08-20 18:38:56.769451,2026-08-20 18:27:45.687998,orders_table,True,,0.24985096666666667,True,False,11.434541849999999,-11.184690883333333,True,8.734439783333332,-8.484588816666665,False,0,0,False,0,False
O00306,C0032,R014,D057,D057,delivered,2026-08-26 12:54:00,2026-08-26 13:12:00,2026-08-26 13:27:42.072743,2026-08-26 14:06:48.000000,2026-08-26 14:06:48.000000,2026-08-26 14:13:33.863579,orders_table,True,,6.764392983333334,True,False,0.0,6.764392983333334,True,15.701212383333333,-8.9368194,True,0,0,False,0,False
O00307,C0161,R010,D044,D044,cancelled,2026-08-11 20:07:00,2026-08-11 20:25:00,2026-08-11 20:30:43.830328,2026-08-11 21:26:48.000000,2026-08-11 21:37:33.966600,,,False,not_delivered,,,,10.76611,,False,,,,0,0,False,0,False
O00308,C0049,R029,D017,D017,delivered,2026-08-27 16:43:00,2026-08-27 17:01:00,2026-08-27 17:15:15.153714,2026-08-27 17:51:58.596765,2026-08-27 17:59:56.210074,2026-08-27 17:57:33.839883,orders_table,True,,5.587385299999999,True,False,7.9602218166666665,-2.3728365166666667,True,14.2525619,-8.6651766,True,0,0,False,0,False
O00309,C0257,R055,D032,D032,delivered,2026-08-18 18:13:00,2026-08-18 18:31:00,2026-08-18 18:31:14.682527,2026-08-18 19:24:34.179870,2026-08-18 19:30:53.915629,2026-08-18 19:17:32.988197,orders_table,True,,-7.0198612166666665,False,False,6.328929316666666,-13.348790533333332,True,0.24470878333333335,-7.26457,False,0,0,False,0,False
O00310,C0356,R006,D010,D010,delivered,2026-08-28 20:19:00,2026-08-28 20:37:00,2026-08-28 20:50:09.314799,2026-08-28 21:18:33.759603,2026-08-28 21:34:04.819778,2026-08-28 21:24:21.391755,orders_table,True,,5.7938692000000005,True,False,15.517669583333333,-9.723800383333334,True,13.15524665,-7.36137745,True,0,0,False,0,False
O00311,C0212,R054,D054,D054,delivered,2026-08-03 18:01:00,2026-08-03 18:19:00,2026-08-03 18:28:07.996297,2026-08-03 19:23:18.000000,2026-08-03 19:38:18.000000,2026-08-03 19:35:03.569984,orders_table,True,,11.759499733333334,True,True,15.0,-3.2405002666666665,True,9.133271616666667,2.626228116666667,False,0,0,False,0,False
O00312,C0056,R055,D041,D041,cancelled,2026-08-22 23:13:00,2026-08-22 23:31:00,2026-08-22 23:37:24.530725,2026-08-23 00:06:01.172658,2026-08-23 00:16:01.172658,,,False,not_delivered,,,,10.0,,False,,,,0,0,False,0,False
O00313,C0767,R001,D070,D070,delivered,2026-08-11 18:02:00,2026-08-11 18:20:00,2026-08-11 18:41:55.323810,2026-08-11 19:14:48.000000,2026-08-11 19:15:15.687470,2026-08-11 19:27:46.494195,orders_table,True,,12.97490325,True,True,0.46145783333333334,12.513445416666666,True,21.9220635,-8.94716025,True,1,0,True,0,False
O00314,C0182,R059,D062,D062,delivered,2026-08-04 11:39:00,2026-08-04 11:57:00,2026-08-04 11:54:59.260084,2026-08-04 12:46:34.708158,2026-08-04 12:52:10.883344,2026-08-04 12:35:12.883567,orders_table,True,,-11.363743183333334,False,False,5.602919766666667,-16.96666295,True,-2.0123319333333334,-9.35141125,False,0,0,False,0,False
O00315,C0141,R011,D095,D095,delivered,2026-08-16 22:03:00,2026-08-16 22:21:00,2026-08-16 22:17:16.329046,2026-08-16 22:51:14.139789,2026-08-16 22:51:36.737062,2026-08-16 22:36:13.722274,orders_table,True,,-15.006958583333333,False,False,0.3766212166666667,-15.3835798,True,-3.727849233333333,-11.279109349999999,False,0,0,False,0,False
O00316,C0557,R057,D031,D031,delivered,2026-08-03 23:48:00,2026-08-04 00:06:00,2026-08-04 00:25:01.239441,2026-08-04 00:33:06.724821,2026-08-04 00:50:48.314588,2026-08-04 00:41:08.358449,orders_table,True,,8.027227133333334,True,False,17.69316278333333,-9.66593565,True,19.02065735,-10.993430216666667,True,0,0,False,0,False
O00317,C0054,R056,D009,D009,delivered,2026-08-12 17:44:00,2026-08-12 18:02:00,2026-08-12 18:03:37.236364,2026-08-12 19:09:24.000000,2026-08-12 19:27:24.000000,2026-08-12 19:06:26.431046,orders_table,True,,-2.9594825666666664,False,False,18.0,-20.95948256666667,True,1.6206060666666666,-4.580088633333333,False,0,0,False,1,False
O00318,C0413,R046,D017,D017,delivered,2026-08-17 12:52:00,2026-08-17 13:10:00,2026-08-17 13:27:57.043764,2026-08-17 14:11:48.000000,2026-08-17 14:22:05.382023,2026-08-17 14:24:36.997551,orders_table,True,,12.816625850000001,True,True,10.289700383333333,2.526925466666667,True,17.9507294,-5.134103549999999,True,0,0,False,0,False
O00319,C0318,R007,D082,D082,delivered,2026-08-14 18:21:00,2026-08-14 18:39:00,2026-08-14 19:12:10.363848,2026-08-14 19:36:36.000000,2026-08-14 19:43:06.707178,2026-08-14 20:00:44.129361,orders_table,True,,24.13548935,True,True,6.5117863,17.62370305,True,33.1727308,-9.037241449999996,True,0,0,False,0,False
O00320,C0379,R018,D033,D033,delivered,2026-08-13 12:06:00,2026-08-13 12:24:00,2026-08-13 12:20:09.876998,2026-08-13 13:14:18.956685,2026-08-13 13:24:18.956685,2026-08-13 13:01:48.473552,orders_table,True,,-12.508052216666666,False,False,10.0,-22.508052216666666,True,-3.835383366666667,-8.672668849999999,False,0,1,True,1,False
O00321,C0533,R050,D017,D017,delivered,2026-08-15 18:24:00,2026-08-15 18:42:00,2026-08-15 18:36:00.140455,2026-08-15 19:33:01.397181,2026-08-15 19:43:01.397181,2026-08-15 19:21:30.240887,orders_table,True,,-11.519271566666667,False,False,10.0,-21.519271566666664,True,-5.997659083333334,-5.5216124833333335,False,0,0,False,0,False
O00322,C0357,R052,D076,D076,delivered,2026-08-28 13:18:00,2026-08-28 13:36:00,2026-08-28 14:04:39.367541,2026-08-28 14:33:18.000000,2026-08-28 14:38:18.000000,2026-08-28 14:55:30.304349,orders_table,True,,22.205072483333332,True,True,5.0,17.205072483333332,True,28.656125683333336,-6.451053200000004,True,1,0,True,0,False
O00323,C0496,R028,D058,D058,delivered,2026-08-06 18:12:00,2026-08-06 18:30:00,2026-08-06 18:28:34.628352,2026-08-06 19:25:34.259282,2026-08-06 19:34:34.259282,2026-08-06 19:19:08.468302,orders_table,True,,-6.429849666666667,False,False,9.0,-15.429849666666666,True,-1.4228607999999998,-5.006988866666667,False,0,0,False,0,False
O00324,C0161,R020,D017,D017,delivered,2026-08-22 18:08:00,2026-08-22 18:26:00,2026-08-22 18:25:38.578468,2026-08-22 19:00:56.818878,2026-08-22 19:00:56.818878,2026-08-22 18:52:49.576995,orders_table,True,,-8.12069805,False,False,0.0,-8.12069805,True,-0.3570255333333333,-7.7636725166666665,False,0,0,False,1,False
O00325,C0013,R005,D068,D068,delivered,2026-08-19 18:46:00,2026-08-19 19:04:00,2026-08-19 19:09:09.791464,2026-08-19 19:58:39.561493,2026-08-19 20:04:45.780356,2026-08-19 19:56:49.826012,orders_table,True,,-1.8289246833333332,False,False,6.103647716666667,-7.9325724,True,5.163191066666667,-6.99211575,False,0,0,False,0,False
O00326,C0636,R036,D037,D037,delivered,2026-08-25 20:29:00,2026-08-25 20:47:00,2026-08-25 21:04:21.204453,2026-08-25 21:44:36.000000,2026-08-25 21:50:29.461545,2026-08-25 21:49:43.512376,orders_table,True,,5.125206266666667,True,False,5.89102575,-0.7658194833333333,True,17.35340755,-12.228201283333334,True,0,0,False,0,False
O00327,C0081,R021,D001,D001,delivered,2026-08-19 20:26:00,2026-08-19 20:44:00,2026-08-19 20:50:44.724434,2026-08-19 21:47:36.000000,2026-08-19 22:03:36.000000,2026-08-19 21:50:57.630966,orders_table,True,,3.3605161,True,False,16.0,-12.6394839,True,6.745407233333333,-3.3848911333333334,False,0,0,False,0,False
O00328,C0488,R030,D109,D109,delivered,2026-08-01 16:05:00,2026-08-01 16:23:00,2026-08-01 16:27:51.282392,2026-08-01 17:17:48.000000,2026-08-01 17:17:48.000000,2026-08-01 17:10:24.095574,orders_table,True,,-7.3984071,False,False,0.0,-7.3984071,True,4.854706533333333,-12.253113633333333,False,0,0,False,0,False
O00329,C0696,R044,D016,D016,delivered,2026-08-26 19:31:00,2026-08-26 19:49:00,2026-08-26 20:20:50.763861,2026-08-26 20:43:48.000000,2026-08-26 20:54:24.247163,2026-08-26 21:04:31.001842,orders_table,True,,20.716697366666665,True,True,10.604119383333334,10.112577983333333,True,31.84606435,-11.129366983333334,True,1,0,True,0,False
O00330,C0609,R015,D054,D054,delivered,2026-08-19 20:22:00,2026-08-19 20:40:00,2026-08-19 20:47:39.420763,2026-08-19 21:09:50.313623,2026-08-19 21:09:50.313623,2026-08-19 21:12:42.624005,orders_table,True,,2.8718397,True,False,0.0,2.8718397,True,7.657012716666667,-4.785173016666667,False,0,0,False,0,False
O00331,C0369,R006,D032,D032,delivered,2026-08-15 17:20:00,2026-08-15 17:38:00,2026-08-15 18:02:06.194305,2026-08-15 18:31:58.306739,2026-08-15 18:58:18.658018,2026-08-15 18:53:57.358916,orders_table,True,,21.98420295,True,True,26.339187983333332,-4.3549850333333335,True,24.103238416666667,-2.1190354666666664,True,0,1,True,0,False
O00332,C0624,R055,D094,D002,delivered,2026-08-22 20:46:00,2026-08-22 21:04:00,2026-08-22 21:03:06.859842,2026-08-22 22:04:35.142048,2026-08-22 22:14:35.142048,2026-08-22 22:01:08.472938,orders_table,True,,-3.4444851666666665,False,False,10.0,-13.444485166666668,True,-0.8856693,-2.5588158666666665,False,0,0,False,0,False
O00333,C0671,R033,D027,D027,delivered,2026-08-24 16:12:00,2026-08-24 16:30:00,2026-08-24 16:45:10.913093,2026-08-24 17:24:48.000000,2026-08-24 17:31:19.630564,2026-08-24 17:30:23.742830,orders_table,True,,5.595713833333334,True,False,6.527176066666667,-0.9314622333333333,True,15.181884883333334,-9.58617105,True,0,1,True,0,False
O00334,C0696,R030,D047,D047,delivered,2026-08-26 23:57:00,2026-08-27 00:15:00,2026-08-27 00:18:52.271358,2026-08-27 00:52:53.783494,2026-08-27 00:53:24.457862,2026-08-27 00:47:37.871156,orders_table,True,,-5.265205633333333,False,False,0.5112394666666666,-5.7764451,True,3.8711892999999997,-9.136394933333333,False,0,0,False,0,False
O00335,C0639,R021,D006,D006,delivered,2026-08-13 16:03:00,2026-08-13 16:21:00,2026-08-13 16:44:18.311732,2026-08-13 17:21:06.000000,2026-08-13 17:30:06.000000,2026-08-13 17:42:05.613011,orders_table,True,,20.993550183333333,True,True,9.0,11.993550183333333,True,23.305195533333332,-2.311645349999999,True,0,0,False,1,True
O00336,C0503,R015,D073,D073,delivered,2026-08-03 12:46:00,2026-08-03 13:04:00,2026-08-03 13:10:05.894716,2026-08-03 13:42:37.672955,2026-08-03 13:46:37.672955,2026-08-03 13:42:42.794076,orders_table,True,,0.08535201666666666,True,False,4.0,-3.9146479833333334,True,6.098245266666667,-6.01289325,False,0,0,False,0,False
O00337,C0864,R024,D005,D005,cancelled,2026-08-16 18:25:00,2026-08-16 18:43:00,2026-08-16 18:48:42.005698,2026-08-16 19:47:18.000000,2026-08-16 20:02:18.000000,,,False,not_delivered,,,,15.0,,False,,,,0,0,False,0,False
O00338,C0331,R018,D031,D031,delivered,2026-08-04 18:59:00,2026-08-04 19:17:00,2026-08-04 19:42:45.398764,2026-08-04 20:07:26.348596,2026-08-04 20:25:26.348596,2026-08-04 20:27:05.860421,orders_table,True,,19.658530416666668,True,True,18.0,1.6585304166666668,True,25.75664606666667,-6.09811565,True,0,0,False,1,True
O00339,C0367,R038,D080,D080,delivered,2026-08-22 13:44:00,2026-08-22 14:02:00,2026-08-22 14:07:38.997695,2026-08-22 14:59:36.000000,2026-08-22 15:04:43.038798,2026-08-22 14:59:03.530059,orders_table,True,,-0.5411656833333333,False,False,5.1173133,-5.6584789833333335,True,5.649961583333334,-6.191127266666667,False,0,0,False,0,False
O00340,C0266,R055,D007,D007,delivered,2026-08-10 18:53:00,2026-08-10 19:11:00,2026-08-10 19:32:49.800549,2026-08-10 20:18:48.000000,2026-08-10 20:45:53.999796,2026-08-10 20:41:49.445594,orders_table,True,,23.024093233333335,True,True,27.0999966,-4.075903366666667,True,21.830009150000002,1.1940840833333333,True,0,0,False,0,False
O00341,C0302,R035,D052,D052,delivered,2026-08-24 13:41:00,2026-08-24 13:59:00,2026-08-24 14:02:59.669982,2026-08-24 14:56:18.000000,2026-08-24 15:01:33.326186,2026-08-24 14:56:47.963711,driver_app,True,,0.4993951833333333,True,False,5.255436433333333,-4.75604125,True,3.9944997,-3.4951045166666668,False,0,0,False,1,True
O00342,C0047,R024,D067,D067,delivered,2026-08-19 12:52:00,2026-08-19 13:10:00,2026-08-19 13:18:19.110517,2026-08-19 14:04:48.000000,2026-08-19 14:04:48.000000,2026-08-19 14:05:58.984450,orders_table,True,,1.1830741666666666,True,False,0.0,1.1830741666666666,True,8.318508616666668,-7.135434450000001,False,0,0,False,0,False
O00343,C0674,R038,D063,D063,delivered,2026-08-02 19:21:00,2026-08-02 19:39:00,2026-08-02 19:56:53.359370,2026-08-02 20:33:48.000000,2026-08-02 20:33:48.000000,2026-08-02 20:39:51.698929,orders_table,True,,6.061648816666667,True,False,0.0,6.061648816666667,True,17.88932283333333,-11.827674016666665,True,0,0,False,0,False
O00344,C0851,R033,D020,D020,delivered,2026-08-03 19:37:00,2026-08-03 19:55:00,2026-08-03 19:52:50.568117,2026-08-03 20:56:48.000000,2026-08-03 21:06:48.000000,2026-08-03 20:50:06.391097,orders_table,True,,-6.693481716666667,False,False,10.0,-16.693481716666668,True,-2.15719805,-4.536283666666667,False,0,0,False,0,False
O00345,C0190,R046,D022,D022,delivered,2026-08-16 19:05:00,2026-08-16 19:23:00,2026-08-16 19:39:53.069929,2026-08-16 20:25:58.837917,2026-08-16 20:40:58.837917,2026-08-16 20:36:49.818387,orders_table,True,,10.849674499999999,True,True,15.0,-4.1503255,True,16.884498816666667,-6.034824316666668,True,1,0,True,0,False
O00346,C0897,R012,D029,D048,delivered,2026-08-02 13:50:00,2026-08-02 14:08:00,2026-08-02 14:08:21.516421,2026-08-02 14:58:01.091506,2026-08-02 15:03:01.091506,2026-08-02 14:54:43.522053,orders_table,True,,-3.292824216666667,False,False,5.0,-8.292824216666666,True,0.35860701666666667,-3.6514312333333336,False,0,0,False,0,False
O00347,C0398,R002,D024,D024,delivered,2026-08-16 18:04:00,2026-08-16 18:22:00,2026-08-16 18:23:52.342556,2026-08-16 19:23:48.000000,2026-08-16 19:35:00.257502,2026-08-16 19:18:39.792906,orders_table,True,,-5.136784899999999,False,False,11.2042917,-16.3410766,True,1.8723759333333334,-7.009160833333333,False,0,0,False,0,False
O00348,C0599,R050,D073,D073,delivered,2026-08-07 17:14:00,2026-08-07 17:32:00,2026-08-07 17:58:27.684576,2026-08-07 18:12:56.676640,2026-08-07 18:19:39.594293,2026-08-07 18:34:03.056448,orders_table,True,,21.106330133333334,True,True,6.715294216666666,14.391035916666668,True,26.461409600000003,-5.35507946666667,True,0,1,True,0,False
O00349,C0523,R057,D094,D094,delivered,2026-08-02 15:07:00,2026-08-02 15:25:00,2026-08-02 15:36:55.065279,2026-08-02 16:09:34.555807,2026-08-02 16:19:34.555807,2026-08-02 16:17:46.573484,orders_table,True,,8.200294616666666,True,False,10.0,-1.7997053833333332,True,11.917754650000001,-3.717460033333335,True,0,0,False,0,False
O00350,C0524,R048,D044,D044,delivered,2026-08-07 19:53:00,2026-08-07 20:11:00,2026-08-07 20:09:15.242894,2026-08-07 20:59:23.366458,2026-08-07 21:03:23.366458,2026-08-07 20:50:25.990790,orders_table,True,,-8.956261133333333,False,False,4.0,-12.956261133333333,True,-1.7459517666666666,-7.210309366666666,False,0,0,False,1,False
O00351,C0643,R028,D015,D015,delivered,2026-08-16 20:32:00,2026-08-16 20:50:00,2026-08-16 21:00:40.289073,2026-08-16 21:44:48.000000,2026-08-16 21:46:39.800013,2026-08-16 21:50:09.729065,orders_table,True,,5.362151083333333,True,False,1.8633335500000001,3.4988175333333333,True,10.67148455,-5.309333466666668,True,0,0,False,1,True
O00352,C0772,R013,D015,D015,delivered,2026-08-16 19:10:00,2026-08-16 19:28:00,2026-08-16 19:54:00.821798,2026-08-16 20:31:28.569291,2026-08-16 20:47:20.181762,2026-08-16 20:52:52.901477,orders_table,True,,21.405536433333335,True,True,15.86020785,5.545328583333333,True,26.013696633333332,-4.608160199999997,True,0,0,False,0,False
O00353,C0059,R040,D082,D082,delivered,2026-08-23 16:02:00,2026-08-23 16:20:00,2026-08-23 16:29:05.535612,2026-08-23 17:17:36.000000,2026-08-23 17:22:06.190029,2026-08-23 17:15:03.310079,orders_table,True,,-2.5448320166666667,False,False,4.5031671499999995,-7.047999166666667,True,9.0922602,-11.637092216666666,False,0,0,False,0,False
O00354,C0859,R056,D034,D034,delivered,2026-08-12 21:07:00,2026-08-12 21:25:00,2026-08-12 21:34:24.381053,2026-08-12 22:22:36.000000,2026-08-12 22:31:51.121487,2026-08-12 22:25:46.080603,orders_table,True,,3.16801005,True,False,9.252024783333333,-6.084014733333333,True,9.406350883333333,-6.238340833333334,False,0,0,False,0,False
O00355,C0056,R059,D113,D113,delivered,2026-08-25 19:44:00,2026-08-25 20:02:00,2026-08-25 20:14:48.229896,2026-08-25 20:44:23.613450,2026-08-25 20:45:20.124107,2026-08-25 20:48:45.398257,orders_table,True,,4.363080116666667,True,False,0.9418442833333334,3.4212358333333333,True,12.8038316,-8.440751483333333,True,0,0,False,0,False
O00356,C0101,R046,D074,D074,delivered,2026-08-18 21:28:00,2026-08-18 21:46:00,2026-08-18 21:53:05.327226,2026-08-18 22:25:40.505807,2026-08-18 22:40:40.505807,2026-08-18 22:29:46.405078,orders_table,True,,4.098321183333334,True,False,15.0,-10.901678816666667,True,7.0887871,-2.9904659166666665,False,0,0,False,0,False
O00357,C0853,R043,D003,D003,delivered,2026-08-23 13:09:00,2026-08-23 13:27:00,2026-08-23 13:33:54.394112,2026-08-23 14:06:15.000676,2026-08-23 14:16:15.000676,2026-08-23 14:01:29.257915,orders_table,True,,-4.76237935,False,False,10.0,-14.76237935,True,6.906568533333333,-11.668947883333333,False,0,0,False,0,False
O00358,C0207,R045,D086,D086,delivered,2026-08-28 20:53:00,2026-08-28 21:11:00,2026-08-28 21:25:44.733578,2026-08-28 22:14:29.275144,2026-08-28 22:33:03.419363,2026-08-28 22:21:08.692875,orders_table,True,,6.6569621833333334,True,False,18.569070316666668,-11.912108133333334,True,14.745559633333333,-8.088597449999998,True,0,0,False,1,True
O00359,C0536,R019,D024,D024,delivered,2026-08-08 18:18:00,2026-08-08 18:36:00,2026-08-08 18:52:01.594456,2026-08-08 19:37:48.000000,2026-08-08 19:49:35.159653,2026-08-08 19:52:10.109482,orders_table,True,,14.368491366666666,True,True,11.785994216666667,2.58249715,True,16.026574266666668,-1.658082900000002,True,1,1,True,0,False
O00360,C0682,R028,D115,D115,delivered,2026-08-05 13:07:00,2026-08-05 13:25:00,2026-08-05 13:36:07.262652,2026-08-05 14:04:58.570767,2026-08-05 14:10:01.384259,2026-08-05 14:14:36.129525,orders_table,True,,9.625979300000001,True,False,5.0468915333333335,4.5790877666666665,True,11.1210442,-1.4950648999999991,True,0,0,False,1,True
O00361,C0696,R012,D038,D038,delivered,2026-08-16 20:29:00,2026-08-16 20:47:00,2026-08-16 20:51:50.456544,2026-08-16 21:32:04.512977,2026-08-16 21:50:04.512977,2026-08-16 21:31:40.293468,orders_table,True,,-0.4036584833333333,False,False,18.0,-18.403658483333334,True,4.8409424,-5.244600883333334,False,0,0,False,0,False
O00362,C0395,R054,D049,D049,cancelled,2026-08-11 19:46:00,2026-08-11 20:04:00,2026-08-11 20:05:41.493161,2026-08-11 21:01:36.000000,2026-08-11 21:05:36.000000,,,False,not_delivered,,,,4.0,,False,,,,0,0,False,0,False
O00363,C0345,R051,D032,D070,delivered,2026-08-15 17:20:00,2026-08-15 17:38:00,2026-08-15 17:28:21.700020,2026-08-15 18:12:54.543911,2026-08-15 18:12:54.543911,2026-08-15 17:54:21.366296,orders_table,True,,-18.55296025,False,False,0.0,-18.55296025,True,-9.638333,-8.914627250000002,False,0,0,False,0,False
O00364,C0394,R011,D085,D085,delivered,2026-08-12 17:45:00,2026-08-12 18:03:00,2026-08-12 18:18:14.197763,2026-08-12 18:49:11.775703,2026-08-12 19:01:49.540006,2026-08-12 18:57:44.158657,orders_table,True,,8.539715900000001,True,False,12.62940505,-4.08968915,True,15.236629383333334,-6.696913483333333,True,1,0,True,0,False
O00365,C0501,R018,D074,D074,delivered,2026-08-14 20:26:00,2026-08-14 20:44:00,2026-08-14 21:04:25.341143,2026-08-14 21:38:48.000000,2026-08-14 21:46:59.328905,2026-08-14 21:50:07.724515,orders_table,True,,11.328741916666667,True,True,8.188815083333333,3.1399268333333334,True,20.422352383333337,-9.09361046666667,True,0,0,False,0,False
O00366,C0217,R037,D082,D082,delivered,2026-08-05 14:53:00,2026-08-05 15:11:00,2026-08-05 15:35:52.058284,2026-08-05 15:35:49.999247,2026-08-05 15:47:39.618678,2026-08-05 15:48:06.842914,orders_table,True,,12.280727783333333,True,True,11.826990516666665,0.4537372666666667,True,24.867638066666665,-12.586910283333332,True,0,0,False,0,False
O00367,C0404,R059,D025,D025,delivered,2026-08-16 12:42:00,2026-08-16 13:00:00,2026-08-16 13:02:35.163684,2026-08-16 13:49:08.677012,2026-08-16 13:59:20.025363,2026-08-16 13:41:30.839347,orders_table,True,,-7.63062775,False,False,10.189139183333333,-17.819766933333334,True,2.5860613999999997,-10.21668915,False,0,0,False,0,False
O00368,C0345,R003,D063,D063,delivered,2026-08-16 23:52:00,2026-08-17 00:10:00,2026-08-17 00:20:48.059677,2026-08-17 01:04:48.000000,2026-08-17 01:04:48.000000,2026-08-17 01:05:57.795524,orders_table,True,,1.1632587333333333,True,False,0.0,1.1632587333333333,True,10.800994616666665,-9.637735883333333,True,0,0,False,1,True
O00369,C0752,R009,D025,D025,delivered,2026-08-12 11:18:00,2026-08-12 11:36:00,2026-08-12 11:49:39.189589,2026-08-12 12:36:06.000000,2026-08-12 12:45:06.000000,2026-08-12 12:40:10.926714,orders_table,True,,4.0821119,True,False,9.0,-4.9178881,True,13.653159816666665,-9.571047916666664,True,0,0,False,0,False
O00370,C0844,R016,D100,D100,delivered,2026-08-12 20:00:00,2026-08-12 20:18:00,2026-08-12 20:29:08.557201,2026-08-12 21:02:39.192990,2026-08-12 21:05:12.652649,2026-08-12 21:02:20.863369,orders_table,True,,-0.3054936833333333,False,False,2.5576609833333332,-2.8631546666666665,True,11.142620016666665,-11.448113699999999,True,0,0,False,0,False
O00371,C0215,R007,D010,D010,delivered,2026-08-04 20:59:00,2026-08-04 21:17:00,2026-08-04 21:32:19.080236,2026-08-04 22:11:48.000000,2026-08-04 22:14:23.613693,2026-08-04 22:13:52.159366,orders_table,True,,2.0693227666666667,True,False,2.59356155,-0.5242387833333333,True,15.318003933333333,-13.248681166666668,True,0,0,False,1,True
O00372,C0240,R007,D116,D116,delivered,2026-08-05 19:19:00,2026-08-05 19:37:00,2026-08-05 19:50:49.397797,2026-08-05 20:31:48.000000,2026-08-05 20:38:52.114894,2026-08-05 20:33:09.521921,orders_table,True,,1.3586986833333334,True,False,7.0685815666666665,-5.709882883333333,True,13.823296616666665,-12.464597933333332,True,0,0,False,0,False
O00373,C0349,R056,D023,D023,delivered,2026-08-02 18:58:00,2026-08-02 19:16:00,2026-08-02 19:17:32.288314,2026-08-02 20:13:36.000000,2026-08-02 20:17:36.000000,2026-08-02 20:09:38.146404,orders_table,True,,-3.9642266000000004,False,False,4.0,-7.9642266,True,1.5381385666666667,-5.502365166666667,False,0,0,False,0,False
O00374,C0843,R036,D001,D001,delivered,2026-08-19 17:10:00,2026-08-19 17:28:00,2026-08-19 17:34:20.116953,2026-08-19 18:24:58.125026,2026-08-19 18:39:58.125026,2026-08-19 18:31:14.298709,orders_table,True,,6.2695613833333335,True,False,15.0,-8.730438616666667,True,6.3352825500000005,-0.06572116666666705,False,0,0,False,0,False
O00375,C0707,R044,D085,D085,delivered,2026-08-07 22:54:00,2026-08-07 23:12:00,2026-08-07 23:14:11.858204,2026-08-08 00:13:48.000000,2026-08-08 00:23:59.919033,2026-08-08 00:10:32.483413,orders_table,True,,-3.258609783333333,False,False,10.19865055,-13.457260333333332,True,2.1976367333333333,-5.456246516666667,False,0,0,False,0,False
O00376,C0276,R048,D110,D110,delivered,2026-08-15 12:08:00,2026-08-15 12:26:00,2026-08-15 12:34:27.705834,2026-08-15 12:53:04.458548,2026-08-15 12:58:36.809318,2026-08-15 12:50:42.324350,orders_table,True,,-2.3689033,False,False,5.5391795,-7.9080828,True,8.4617639,-10.830667199999999,False,0,0,False,0,False
O00377,C0260,R020,D053,D053,delivered,2026-08-28 17:54:00,2026-08-28 18:12:00,2026-08-28 18:18:11.811990,2026-08-28 18:52:41.615973,2026-08-28 18:57:41.615973,2026-08-28 18:53:13.696174,orders_table,True,,0.5346700166666667,True,False,5.0,-4.4653299833333335,True,6.1968665,-5.662196483333333,False,0,0,False,0,False
O00378,C0087,R041,D011,D011,delivered,2026-08-23 19:06:00,2026-08-23 19:24:00,2026-08-23 19:32:45.361566,2026-08-23 20:28:18.000000,2026-08-23 20:44:12.912603,2026-08-23 20:36:56.288888,orders_table,True,,8.638148133333335,True,False,15.91521005,-7.277061916666667,True,8.756026100000001,-0.11787796666666672,False,0,0,False,0,False
O00379,C0582,R042,D098,D098,delivered,2026-08-26 20:25:00,2026-08-26 20:43:00,2026-08-26 20:37:02.211297,2026-08-26 21:22:29.238692,2026-08-26 21:26:29.238692,2026-08-26 21:08:17.367164,orders_table,True,,-14.1978588,False,False,4.0,-18.1978588,True,-5.96314505,-8.234713750000001,False,0,0,False,0,False
O00380,C0536,R017,D005,D005,delivered,2026-08-16 19:11:00,2026-08-16 19:29:00,2026-08-16 19:25:02.611520,2026-08-16 20:13:57.495432,2026-08-16 20:17:57.495432,2026-08-16 20:01:53.244407,orders_table,True,,-12.070850416666667,False,False,4.0,-16.070850416666666,True,-3.9564746666666664,-8.11437575,False,0,0,False,0,False
O00381,C0282,R055,D080,D080,delivered,2026-08-18 17:55:00,2026-08-18 18:13:00,2026-08-18 18:20:57.058759,2026-08-18 19:10:36.000000,2026-08-18 19:14:36.000000,2026-08-18 19:08:39.382818,orders_table,True,,-1.9436197,False,False,4.0,-5.9436197,True,7.9509793166666665,-9.894599016666666,False,0,0,False,0,False
O00382,C0573,R004,D082,D082,delivered,2026-08-28 20:56:00,2026-08-28 21:14:00,2026-08-28 21:39:20.716819,2026-08-28 21:54:13.123900,2026-08-28 22:12:48.127039,2026-08-28 22:12:02.937686,orders_table,True,,17.830229766666665,True,True,18.58338565,-0.7531558833333333,True,25.345280316666667,-7.5150505500000016,True,1,0,True,0,False
O00383,C0557,R050,D100,D100,delivered,2026-08-13 19:22:00,2026-08-13 19:40:00,2026-08-13 20:09:01.449265,2026-08-13 20:22:18.067805,2026-08-13 20:39:04.499065,2026-08-13 20:44:09.791917,orders_table,True,,21.862068533333336,True,True,16.773854333333333,5.0882141999999995,True,29.024154416666665,-7.162085883333329,True,1,0,True,0,False
O00384,C0012,R060,D110,D110,cancelled,2026-08-21 16:05:00,2026-08-21 16:23:00,2026-08-21 16:32:11.702845,2026-08-21 17:11:27.779222,2026-08-21 17:31:26.315406,,,False,not_delivered,,,,19.975603066666668,,False,,,,0,0,False,0,False
O00385,C0667,R018,D065,D065,delivered,2026-08-22 21:36:00,2026-08-22 21:54:00,2026-08-22 22:26:04.337203,2026-08-22 22:38:31.151906,2026-08-22 22:48:20.971073,2026-08-22 23:01:01.308053,orders_table,True,,22.502602449999998,True,True,9.83031945,12.672283,True,32.07228671666667,-9.56968426666667,True,0,1,True,1,True
O00386,C0101,R043,D072,D072,delivered,2026-08-11 13:19:00,2026-08-11 13:37:00,2026-08-11 13:43:10.825241,2026-08-11 14:06:14.265833,2026-08-11 14:12:23.968831,2026-08-11 14:01:21.008075,orders_table,True,,-4.8876293,False,False,6.161716633333333,-11.049345933333333,True,6.180420683333334,-11.068049983333335,False,0,0,False,1,False
O00387,C0457,R057,D070,D070,delivered,2026-08-03 19:37:00,2026-08-03 19:55:00,2026-08-03 20:21:29.972443,2026-08-03 20:35:10.014244,2026-08-03 20:44:32.479100,2026-08-03 20:53:23.748909,orders_table,True,,18.228911083333333,True,True,9.374414266666667,8.854496816666666,True,26.49954071666667,-8.270629633333336,True,0,0,False,0,False
O00388,C0181,R033,D063,D063,delivered,2026-08-20 18:42:00,2026-08-20 19:00:00,2026-08-20 19:20:01.461152,2026-08-20 20:01:48.000000,2026-08-20 20:21:25.963195,2026-08-20 20:12:32.475488,orders_table,True,,10.741258133333334,True,True,19.632719916666666,-8.891461783333334,True,20.024352533333335,-9.283094400000001,True,0,0,False,0,False
O00389,C0608,R045,D073,D073,delivered,2026-08-08 13:43:00,2026-08-08 14:01:00,2026-08-08 14:13:48.970442,2026-08-08 14:54:38.461031,2026-08-08 15:09:38.461031,2026-08-08 15:02:50.349868,orders_table,True,,8.198147283333334,True,False,15.0,-6.801852716666667,True,12.816174033333334,-4.61802675,True,0,0,False,1,True
O00390,C0666,R017,D009,D022,delivered,2026-08-04 13:01:00,2026-08-04 13:19:00,2026-08-04 13:14:57.572546,2026-08-04 14:01:21.052216,2026-08-04 14:10:21.052216,2026-08-04 13:51:42.914025,orders_table,True,,-9.635636516666667,False,False,9.0,-18.63563651666667,True,-4.0404575666666664,-5.59517895,False,0,0,False,0,False
O00391,C0024,R035,D007,D007,delivered,2026-08-16 20:03:00,2026-08-16 20:21:00,2026-08-16 20:40:29.052534,2026-08-16 21:22:03.940450,2026-08-16 21:34:45.637908,2026-08-16 21:36:10.361588,orders_table,True,,14.107018966666667,True,True,12.694957633333333,1.4120613333333334,True,19.4842089,-5.377189933333332,True,0,1,True,0,False
O00392,C0372,R003,D113,D113,delivered,2026-08-04 18:53:00,2026-08-04 19:11:00,2026-08-04 19:25:11.487414,2026-08-04 20:08:36.000000,2026-08-04 20:12:36.000000,2026-08-04 20:12:56.928491,orders_table,True,,4.348808183333333,True,False,4.0,0.34880818333333335,True,14.191456899999999,-9.842648716666666,True,0,0,False,0,False
O00393,C0512,R054,D109,D109,delivered,2026-08-07 23:28:00,2026-08-07 23:46:00,2026-08-08 00:12:22.791458,2026-08-08 00:46:06.000000,2026-08-08 01:01:32.034525,2026-08-08 01:10:59.732094,orders_table,True,,24.895534899999998,True,True,15.43390875,9.46162615,True,26.379857633333334,-1.484322733333336,True,0,1,True,0,False
O00394,C0062,R048,D067,D067,delivered,2026-08-01 19:57:00,2026-08-01 20:15:00,2026-08-01 20:26:47.410789,2026-08-01 21:14:48.850681,2026-08-01 21:24:48.263766,2026-08-01 21:13:09.877796,orders_table,True,,-1.6495480833333334,False,False,9.990218083333334,-11.639766166666668,True,11.790179816666667,-13.439727900000001,True,0,0,False,0,False
O00395,C0060,R040,D059,D059,delivered,2026-08-15 17:58:00,2026-08-15 18:16:00,2026-08-15 18:20:44.580725,2026-08-15 19:25:54.000000,2026-08-15 19:48:54.000000,2026-08-15 19:30:28.678239,orders_table,True,,4.57797065,True,False,23.0,-18.42202935,True,4.7430120833333325,-0.16504143333333232,False,0,0,False,0,False
O00396,C0775,R055,D012,D012,delivered,2026-08-28 12:49:00,2026-08-28 13:07:00,2026-08-28 13:09:42.864711,2026-08-28 14:14:24.000000,2026-08-28 14:33:59.055959,2026-08-28 14:13:24.650787,orders_table,True,,-0.9891535499999999,False,False,19.584265983333335,-20.573419533333333,True,2.71441185,-3.7035653999999996,False,0,0,False,0,False
O00397,C0747,R005,D038,D038,delivered,2026-08-27 18:20:00,2026-08-27 18:38:00,2026-08-27 19:02:28.708725,2026-08-27 19:31:26.416249,2026-08-27 19:42:13.991333,2026-08-27 19:46:41.191047,orders_table,True,,15.246246633333334,True,True,10.792918066666665,4.453328566666666,True,24.47847875,-9.232232116666667,True,0,0,False,0,False
O00398,C0225,R050,D076,D076,delivered,2026-08-23 23:53:00,2026-08-24 00:11:00,2026-08-24 00:21:08.275161,2026-08-24 01:03:58.563290,2026-08-24 01:13:58.563290,2026-08-24 01:07:49.200891,orders_table,True,,3.8439600166666663,True,False,10.0,-6.156039983333333,True,10.13791935,-6.293959333333334,True,0,0,False,0,False
O00399,C0530,R001,D036,D036,delivered,2026-08-13 22:56:00,2026-08-13 23:14:00,2026-08-13 23:38:16.479414,2026-08-14 00:10:49.485364,2026-08-14 00:21:09.151439,2026-08-14 00:25:09.809597,orders_table,True,,14.338737216666667,True,True,10.327767916666666,4.0109693,True,24.2746569,-9.935919683333333,True,0,0,False,1,True
O00400,C0851,R004,D035,D035,delivered,2026-08-05 12:23:00,2026-08-05 12:41:00,2026-08-05 13:04:02.481272,2026-08-05 13:00:37.220060,2026-08-05 13:06:45.901527,2026-08-05 13:14:08.233667,orders_table,True,,13.51689345,True,True,6.1446911166666665,7.372202333333333,True,23.041354533333333,-9.524461083333334,True,0,0,False,0,False
O00401,C0842,,D046,D046,delivered,2026-08-24 18:08:00,2026-08-24 18:26:00,2026-08-24 18:43:49.644278,2026-08-24 19:23:36.000000,2026-08-24 19:27:36.000000,2026-08-24 19:32:35.926083,orders_table,True,,8.998768049999999,True,False,4.0,4.99876805,True,17.827404633333334,-8.828636583333335,True,0,0,False,0,False
O00402,C0662,,D107,D107,delivered,2026-08-21 18:00:00,2026-08-21 18:18:00,2026-08-21 18:21:13.418765,2026-08-21 18:52:49.033044,2026-08-21 19:01:49.033044,2026-08-21 18:47:25.022309,orders_table,True,,-5.4001789166666665,False,False,9.0,-14.400178916666666,True,3.2236460833333336,-8.623825,False,0,0,False,0,False
O00403,C0240,,D099,D099,delivered,2026-08-16 22:38:00,2026-08-16 22:56:00,2026-08-16 23:10:17.272665,2026-08-17 00:09:24.000000,2026-08-17 00:39:24.000000,2026-08-17 00:26:52.711811,orders_table,True,,17.47853018333333,True,True,30.0,-12.521469816666666,True,14.28787775,3.19065243333333,True,1,0,True,1,True
O00404,C0715,R010,,D064,delivered,2026-08-06 18:59:00,2026-08-06 19:17:00,2026-08-06 19:44:41.534794,2026-08-06 19:55:50.781031,2026-08-06 20:08:46.767722,2026-08-06 20:14:58.336586,orders_table,True,,19.125925916666667,True,True,12.933111516666665,6.1928144000000005,True,27.692246566666665,-8.566320649999998,True,1,0,True,0,False
O00405,C0809,R035,,D094,delivered,2026-08-20 20:59:00,2026-08-20 21:17:00,2026-08-20 21:10:48.826622,2026-08-20 22:10:59.969242,2026-08-20 22:14:59.969242,2026-08-20 21:58:43.608157,orders_table,True,,-12.27268475,False,False,4.0,-16.27268475,True,-6.186222966666667,-6.086461783333333,False,0,0,False,0,False
O00406,C0746,R048,,D020,delivered,2026-08-06 19:27:00,2026-08-06 19:45:00,2026-08-06 19:43:30.498697,2026-08-06 20:42:18.000000,2026-08-06 20:47:28.611390,2026-08-06 20:29:35.614643,orders_table,True,,-12.706422616666666,False,False,5.1768564999999995,-17.883279116666664,True,-1.4916883833333332,-11.214734233333333,False,0,0,False,0,False
O00407,C0522,R005,D089,D089,delivered,2026-08-06 21:47:00,2026-08-06 22:05:00,2026-08-06 22:11:11.408483,2026-08-06 23:02:36.000000,2026-08-06 23:06:36.000000,2026-08-06 22:52:25.575684,orders_table,True,,-10.1737386,False,False,4.0,-14.1737386,True,6.190141383333333,-16.363879983333334,False,0,0,False,0,False
O00408,C0801,R042,D105,D059,delivered,2026-08-04 21:01:00,2026-08-04 21:19:00,2026-08-04 21:37:07.720823,2026-08-04 22:22:36.000000,2026-08-04 22:43:57.882774,2026-08-04 22:40:13.132647,orders_table,True,,17.61887745,True,True,21.364712899999997,-3.74583545,True,18.128680383333336,-0.5098029333333365,True,0,0,False,1,True
O00409,C0833,R018,D047,D047,delivered,2026-08-15 16:46:00,2026-08-15 17:04:00,2026-08-15 17:33:56.083111,2026-08-15 18:13:54.000000,2026-08-15 18:40:04.880063,2026-08-15 18:41:17.365236,orders_table,True,,27.3894206,True,True,26.181334383333333,1.2080862166666668,True,29.934718516666667,-2.545297916666666,True,0,0,False,1,True
O00410,C0240,R057,D038,D038,delivered,2026-08-01 21:10:00,2026-08-01 21:28:00,2026-08-01 21:28:28.765037,2026-08-01 22:25:36.000000,2026-08-01 22:29:36.000000,2026-08-01 22:17:16.393051,orders_table,True,,-8.326782483333334,False,False,4.0,-12.326782483333334,True,0.47941728333333333,-8.806199766666667,False,0,0,False,0,False
O00411,C0227,R017,D087,D087,delivered,2026-08-07 18:56:00,2026-08-07 19:14:00,2026-08-07 19:29:13.619671,2026-08-07 20:11:36.000000,2026-08-07 20:15:50.427709,2026-08-07 20:20:35.202056,orders_table,True,,8.986700933333333,True,False,4.2404618166666666,4.746239116666667,True,15.226994516666668,-6.240293583333335,True,1,0,True,0,False
O00412,C0504,R008,D003,D003,delivered,2026-08-16 18:41:00,2026-08-16 18:59:00,2026-08-16 19:07:10.882552,2026-08-16 19:56:36.000000,2026-08-16 20:00:36.000000,2026-08-16 19:55:09.085320,orders_table,True,,-1.4485780000000001,False,False,4.0,-5.4485779999999995,True,8.181375866666666,-9.629953866666666,False,0,0,False,1,True
O00413,C0463,R017,D044,D044,delivered,2026-08-14 17:29:00,2026-08-14 17:47:00,2026-08-14 18:05:07.858144,2026-08-14 18:48:48.000000,2026-08-14 18:59:22.121465,2026-08-14 18:59:53.343732,orders_table,True,,11.0890622,True,True,10.568691083333333,0.5203711166666667,True,18.13096906666667,-7.041906866666668,True,0,0,False,0,False
O00414,C0794,R045,D077,D077,delivered,2026-08-23 16:37:00,2026-08-23 16:55:00,2026-08-23 17:01:32.420393,2026-08-23 17:36:16.732852,2026-08-23 17:46:19.153095,2026-08-23 17:35:10.727789,orders_table,True,,-1.1000843833333334,False,False,10.040337383333334,-11.140421766666666,True,6.540339883333333,-7.640424266666667,False,0,0,False,0,False
O00415,C0339,R040,D072,D072,delivered,2026-08-04 11:41:00,2026-08-04 11:59:00,2026-08-04 12:05:41.256716,2026-08-04 12:56:36.000000,2026-08-04 13:00:42.900570,2026-08-04 13:02:04.576882,orders_table,True,,5.476281366666667,True,False,4.1150095,1.3612718666666666,True,6.687611933333333,-1.2113305666666658,False,0,0,False,0,False
O00416,C0662,R020,D056,D056,delivered,2026-08-23 23:54:00,2026-08-24 00:12:00,2026-08-24 00:38:00.030492,2026-08-24 00:44:27.031961,2026-08-24 00:49:00.270114,2026-08-24 01:02:02.845479,orders_table,True,,17.596891966666664,True,True,4.553969216666667,13.04292275,True,26.000508200000002,-8.403616233333338,True,0,0,False,1,True
O00417,C0302,R022,D035,D035,delivered,2026-08-16 11:28:00,2026-08-16 11:46:00,2026-08-16 11:51:05.315081,2026-08-16 12:43:36.000000,2026-08-16 12:47:36.000000,2026-08-16 12:38:13.516569,driver_app,True,,-5.37472385,False,False,4.0,-9.37472385,True,5.088584683333334,-10.463308533333333,False,0,0,False,1,True
O00418,C0476,R057,D032,D032,delivered,2026-08-16 18:46:00,2026-08-16 19:04:00,2026-08-16 19:04:58.710867,2026-08-16 19:49:46.772563,2026-08-16 19:59:46.772563,2026-08-16 19:41:01.155907,orders_table,True,,-8.7602776,False,False,10.0,-18.7602776,True,0.97851445,-9.73879205,False,0,0,False,0,False
O00419,C0729,R032,D046,D046,delivered,2026-08-21 17:44:00,2026-08-21 18:02:00,2026-08-21 18:08:48.212238,2026-08-21 18:59:36.000000,2026-08-21 19:05:06.199624,2026-08-21 18:52:37.016518,orders_table,True,,-6.983058033333333,False,False,5.5033270666666665,-12.4863851,True,6.8035373,-13.786595333333334,False,0,0,False,0,False
O00420,C0696,R010,D072,D072,delivered,2026-08-22 19:23:00,2026-08-22 19:41:00,2026-08-22 19:35:15.327557,2026-08-22 20:25:52.048553,2026-08-22 20:40:52.048553,2026-08-22 20:12:57.582167,orders_table,True,,-12.907773100000002,False,False,15.0,-27.9077731,True,-5.744540716666666,-7.163232383333336,False,0,0,False,0,False
O00421,C0246,R045,D049,D049,delivered,2026-08-16 16:13:00,2026-08-16 16:31:00,2026-08-16 16:27:24.562471,2026-08-16 17:30:19.761307,2026-08-16 17:46:19.761307,2026-08-16 17:22:02.337957,orders_table,True,,-8.290389166666667,False,False,16.0,-24.290389166666667,True,-3.5906254833333335,-4.699763683333334,False,0,0,False,0,False
O00422,C0193,R024,D068,D068,delivered,2026-08-09 23:50:00,2026-08-10 00:08:00,2026-08-10 00:21:17.685063,2026-08-10 01:05:36.000000,2026-08-10 01:11:27.300580,2026-08-10 01:11:13.941923,orders_table,True,,5.632365383333333,True,False,5.855009666666667,-0.22264428333333333,True,13.29475105,-7.662385666666667,True,0,0,False,0,False
O00423,C0757,R054,D046,D046,delivered,2026-08-20 20:06:00,2026-08-20 20:24:00,2026-08-20 20:38:45.082177,2026-08-20 21:14:47.938614,2026-08-20 21:31:45.521531,2026-08-20 21:24:09.603263,orders_table,True,,9.361077483333334,True,False,16.95971528333333,-7.5986378000000006,True,14.751369616666667,-5.3902921333333325,True,1,0,True,0,False
O00424,C0205,R036,D072,D072,delivered,2026-08-28 14:26:00,2026-08-28 14:44:00,2026-08-28 14:42:25.733641,2026-08-28 15:42:26.121250,2026-08-28 15:52:26.121250,2026-08-28 15:36:54.841762,orders_table,True,,-5.5213248,False,False,10.0,-15.5213248,True,-1.5711059833333332,-3.950218816666667,False,0,1,True,0,False
O00425,C0173,R027,D074,D019,delivered,2026-08-08 13:27:00,2026-08-08 13:45:00,2026-08-08 13:54:11.889666,2026-08-08 14:32:01.304358,2026-08-08 14:36:01.304358,2026-08-08 14:28:50.303810,orders_table,True,,-3.1833424666666668,False,False,4.0,-7.183342466666667,True,9.1981611,-12.381503566666666,False,0,0,False,0,False
O00426,C0023,R034,D120,D120,delivered,2026-08-02 19:41:00,2026-08-02 19:59:00,2026-08-02 20:00:38.300571,2026-08-02 20:53:48.000000,2026-08-02 20:53:48.000000,2026-08-02 20:44:23.948590,orders_table,True,,-9.400856833333334,False,False,0.0,-9.400856833333334,True,1.6383428500000001,-11.039199683333335,False,0,0,False,0,False
O00427,C0894,R015,D024,D024,delivered,2026-08-17 19:09:00,2026-08-17 19:27:00,2026-08-17 19:20:28.637551,2026-08-17 20:07:43.943480,2026-08-17 20:17:43.943480,2026-08-17 19:50:24.964047,orders_table,True,,-17.316323883333332,False,False,10.0,-27.316323883333332,True,-6.522707483333334,-10.793616399999998,False,0,0,False,0,False
O00428,C0882,R007,D040,D103,delivered,2026-08-05 18:34:00,2026-08-05 18:52:00,2026-08-05 19:08:12.922426,2026-08-05 19:49:36.000000,2026-08-05 19:53:36.000000,2026-08-05 19:58:06.809822,orders_table,True,,8.513497033333334,True,False,4.0,4.5134970333333335,True,16.215373766666666,-7.701876733333332,True,0,1,True,1,True
O00429,C0002,R044,D003,D003,delivered,2026-08-12 15:32:00,2026-08-12 15:50:00,2026-08-12 15:44:29.195931,2026-08-12 16:47:36.000000,2026-08-12 16:51:36.000000,2026-08-12 16:37:40.219550,orders_table,True,,-9.929674166666667,False,False,4.0,-13.929674166666667,True,-5.513401150000001,-4.416273016666666,False,0,0,False,1,False
O00430,C0202,R030,D012,D012,delivered,2026-08-23 18:08:00,2026-08-23 18:26:00,2026-08-23 18:38:58.898892,2026-08-23 18:59:04.338422,2026-08-23 19:09:04.338422,2026-08-23 19:08:20.075743,orders_table,True,,9.262288683333333,True,False,10.0,-0.7377113166666667,True,12.9816482,-3.7193595166666675,True,0,1,True,1,False
O00431,C0502,R029,D002,D002,delivered,2026-08-15 12:43:00,2026-08-15 13:01:00,2026-08-15 13:24:20.674411,2026-08-15 13:55:24.648274,2026-08-15 14:01:08.704687,2026-08-15 14:09:44.999580,orders_table,True,,14.339188433333334,True,True,5.73427355,8.604914883333333,True,23.344573516666667,-9.005385083333334,True,0,0,False,1,True
O00432,C0381,R008,D030,D030,cancelled,2026-08-15 13:45:00,2026-08-15 14:03:00,2026-08-15 14:08:34.836005,2026-08-15 14:48:20.523075,2026-08-15 14:52:20.523075,,,False,not_delivered,,,,4.0,,False,,,,0,0,False,1,False
O00433,C0336,R050,D051,D051,delivered,2026-08-04 19:26:00,2026-08-04 19:44:00,2026-08-04 20:01:46.731336,2026-08-04 20:38:48.000000,2026-08-04 20:39:19.128844,2026-08-04 20:48:09.272928,orders_table,True,,9.3545488,True,False,0.5188140666666666,8.835734733333334,True,17.7788556,-8.4243068,True,0,0,False,0,False
O00434,C0101,R060,D102,D102,delivered,2026-08-10 21:13:00,2026-08-10 21:31:00,2026-08-10 21:47:32.917101,2026-08-10 22:14:23.774461,2026-08-10 22:20:39.746994,2026-08-10 22:21:41.776640,orders_table,True,,7.300036316666667,True,False,6.266208883333333,1.0338274333333333,True,16.54861835,-9.248582033333335,True,0,0,False,0,False
O00435,C0132,R024,D039,D039,delivered,2026-08-25 18:28:00,2026-08-25 18:46:00,2026-08-25 19:06:12.364806,2026-08-25 19:40:48.000000,2026-08-25 19:47:29.922865,2026-08-25 19:46:59.243904,orders_table,True,,6.1873984,True,False,6.698714416666666,-0.5113160166666667,True,20.2060801,-14.018681700000002,True,0,0,False,0,False
O00436,C0841,R020,D023,D074,delivered,2026-08-26 20:19:00,2026-08-26 20:37:00,2026-08-26 20:43:39.141619,2026-08-26 21:07:14.832222,2026-08-26 21:11:44.342965,2026-08-26 21:07:50.694054,orders_table,True,,0.5976972,True,False,4.491845716666666,-3.8941485166666667,True,6.652360316666667,-6.054663116666667,False,0,0,False,1,False
O00437,C0685,R008,D057,D057,delivered,2026-08-06 23:17:00,2026-08-06 23:35:00,2026-08-06 23:43:31.993973,2026-08-07 00:03:37.872613,2026-08-07 00:16:22.839692,2026-08-07 00:09:45.053104,orders_table,True,,6.11967485,True,False,12.749451316666667,-6.629776466666667,True,8.533232883333334,-2.4135580333333335,False,0,1,True,0,False
O00438,C0376,R022,D111,D111,delivered,2026-08-11 17:05:00,2026-08-11 17:23:00,2026-08-11 17:25:56.515880,2026-08-11 18:11:10.630939,2026-08-11 18:11:10.630939,2026-08-11 18:04:08.838969,orders_table,True,,-7.029866166666666,False,False,0.0,-7.029866166666666,True,2.9419313333333337,-9.971797500000001,False,0,0,False,0,False
O00439,C0642,R053,D037,D037,delivered,2026-08-01 19:19:00,2026-08-01 19:37:00,2026-08-01 19:35:45.766686,2026-08-01 20:16:27.122711,2026-08-01 20:20:27.122711,2026-08-01 20:07:49.250300,orders_table,True,,-8.631206850000002,False,False,4.0,-12.631206850000002,True,-1.2372219,-7.393984950000002,False,0,0,False,0,False
O00440,C0531,R017,D061,D061,delivered,2026-08-04 15:20:00,2026-08-04 15:38:00,2026-08-04 15:41:19.457322,2026-08-04 16:35:36.000000,2026-08-04 16:40:04.346874,2026-08-04 16:34:17.163086,orders_table,True,,-1.3139485666666666,False,False,4.472447900000001,-5.786396466666667,True,3.3242887,-4.638237266666667,False,0,0,False,0,False
O00441,C0294,R016,D005,D005,delivered,2026-08-21 18:50:00,2026-08-21 19:08:00,2026-08-21 19:11:05.536493,2026-08-21 20:13:53.409808,2026-08-21 20:31:53.409808,2026-08-21 20:13:54.660469,orders_table,True,,0.02084435,True,False,18.0,-17.97915565,True,3.0922748833333333,-3.0714305333333334,False,0,0,False,0,False
O00442,C0758,R058,D012,D096,delivered,2026-08-16 15:16:00,2026-08-16 15:34:00,2026-08-16 15:45:58.484206,2026-08-16 16:35:48.000000,2026-08-16 16:46:37.428825,2026-08-16 16:41:19.586539,orders_table,True,,5.5264423166666665,True,False,10.82381375,-5.297371433333334,True,11.974736766666666,-6.44829445,True,0,1,True,0,False
O00443,C0495,R053,D120,D120,delivered,2026-08-07 19:51:00,2026-08-07 20:09:00,2026-08-07 20:18:36.734225,2026-08-07 20:39:40.493123,2026-08-07 20:43:40.493123,2026-08-07 20:39:53.336758,orders_table,True,,0.21406058333333336,True,False,4.0,-3.7859394166666664,True,9.612237083333333,-9.3981765,False,0,0,False,0,False
O00444,C0307,R026,D081,D081,delivered,2026-08-20 18:57:00,2026-08-20 19:15:00,2026-08-20 19:28:04.430931,2026-08-20 20:09:48.000000,2026-08-20 20:11:31.685382,2026-08-20 20:13:22.809956,orders_table,True,,3.5801659333333333,True,False,1.7280897000000002,1.8520762333333332,True,13.07384885,-9.493682916666666,True,0,0,False,0,False
O00445,C0741,R060,D074,D036,delivered,2026-08-06 21:51:00,2026-08-06 22:09:00,2026-08-06 22:14:43.060868,2026-08-06 22:52:49.650682,2026-08-06 23:03:23.470565,2026-08-06 22:55:45.658926,orders_table,True,,2.933470733333333,True,False,10.563664716666667,-7.630193983333333,True,5.7176811333333335,-2.7842104000000005,False,0,0,False,1,False
O00446,C0780,R045,D081,D081,delivered,2026-08-02 15:57:00,2026-08-02 16:15:00,2026-08-02 16:42:19.366626,2026-08-02 17:16:48.000000,2026-08-02 17:36:22.639767,2026-08-02 17:37:54.470187,orders_table,True,,21.107836449999997,True,True,19.577329449999997,1.530507,True,27.3227771,-6.214940650000003,True,1,0,True,0,False
O00447,C0725,R048,D036,D036,delivered,2026-08-09 22:54:00,2026-08-09 23:12:00,2026-08-09 23:14:55.686606,2026-08-10 00:01:40.137664,2026-08-10 00:06:54.695683,2026-08-09 23:56:36.830649,orders_table,True,,-5.055116916666666,False,False,5.24263365,-10.297750566666668,True,2.9281101,-7.983227016666666,False,0,0,False,0,False
O00448,C0284,R026,D028,D028,delivered,2026-08-11 17:26:00,2026-08-11 17:44:00,2026-08-11 17:35:39.744301,2026-08-11 18:41:36.000000,2026-08-11 18:45:36.000000,2026-08-11 18:28:35.108836,orders_table,True,,-13.014852733333333,False,False,4.0,-17.014852733333335,True,-8.337594983333334,-4.677257749999999,False,0,0,False,0,False
O00449,C0070,R035,D008,D008,delivered,2026-08-24 14:44:00,2026-08-24 15:02:00,2026-08-24 15:16:58.800082,2026-08-24 15:59:36.000000,2026-08-24 16:03:36.000000,2026-08-24 16:03:31.310257,orders_table,True,,3.9218376166666666,True,False,4.0,-0.07816238333333334,True,14.980001366666666,-11.05816375,True,0,0,False,0,False
O00450,C0202,R007,D094,D094,delivered,2026-08-11 21:15:00,2026-08-11 21:33:00,2026-08-11 21:43:23.756324,2026-08-11 22:27:48.000000,2026-08-11 22:27:57.838526,2026-08-11 22:28:04.340517,orders_table,True,,0.27234195,True,False,0.16397543333333334,0.10836651666666668,True,10.395938733333333,-10.123596783333333,True,0,0,False,0,False
O00451,C0549,R018,D088,D088,delivered,2026-08-28 19:50:00,2026-08-28 20:08:00,2026-08-28 20:06:53.045584,2026-08-28 21:05:18.000000,2026-08-28 21:11:53.594998,2026-08-28 20:50:59.561341,orders_table,True,,-14.307310983333334,False,False,6.593249966666666,-20.90056095,True,-1.1159069333333334,-13.191404050000001,False,0,0,False,0,False
O00452,C0020,R057,D106,D067,delivered,2026-08-20 11:24:00,2026-08-20 11:42:00,2026-08-20 11:44:42.156314,2026-08-20 12:39:36.000000,2026-08-20 12:43:36.000000,2026-08-20 12:29:57.824096,orders_table,True,,-9.636265066666665,False,False,4.0,-13.636265066666665,True,2.7026052333333337,-12.338870299999998,False,0,0,False,1,False
O00453,C0546,R057,D095,D095,delivered,2026-08-26 21:57:00,2026-08-26 22:15:00,2026-08-26 22:14:23.713907,2026-08-26 22:56:53.748975,2026-08-26 23:00:53.748975,2026-08-26 22:49:09.630432,orders_table,True,,-7.73530905,False,False,4.0,-11.735309050000001,True,-0.6047682166666667,-7.130540833333333,False,0,0,False,0,False
O00454,C0179,R036,D027,D027,delivered,2026-08-19 21:49:00,2026-08-19 22:07:00,2026-08-19 22:20:59.619685,2026-08-19 22:51:28.955751,2026-08-19 22:52:15.107231,2026-08-19 22:50:24.317720,orders_table,True,,-1.0773005166666667,False,False,0.7691913333333333,-1.84649185,True,13.993661416666667,-15.070961933333333,True,0,0,False,1,True
O00455,C0202,R024,D003,D003,delivered,2026-08-07 19:12:00,2026-08-07 19:30:00,2026-08-07 19:29:38.924040,2026-08-07 20:31:48.000000,2026-08-07 20:41:59.908331,2026-08-07 20:23:57.360990,orders_table,True,,-7.843983499999999,False,False,10.198472183333333,-18.042455683333333,True,-0.35126599999999997,-7.4927174999999995,False,0,0,False,0,False
O00456,C0746,R009,D053,D053,delivered,2026-08-01 19:44:00,2026-08-01 20:02:00,2026-08-01 20:02:34.501796,2026-08-01 20:59:36.000000,2026-08-01 21:03:36.000000,2026-08-01 20:50:35.703316,orders_table,True,,-9.004944733333334,False,False,4.0,-13.004944733333334,True,0.5750299333333333,-9.579974666666667,False,0,0,False,0,False
O00457,C0168,R037,D035,D026,cancelled,2026-08-01 18:09:00,2026-08-01 18:27:00,2026-08-01 18:28:52.499454,2026-08-01 19:23:01.963181,2026-08-01 19:28:13.682174,,,False,not_delivered,,,,5.19531655,,False,,,,0,0,False,0,False
O00458,C0438,R012,D032,D032,delivered,2026-08-09 20:21:00,2026-08-09 20:39:00,2026-08-09 20:48:52.500807,2026-08-09 21:40:48.000000,2026-08-09 21:50:48.000000,2026-08-09 21:46:14.169158,orders_table,True,,5.436152633333333,True,False,10.0,-4.563847366666667,True,9.87501345,-4.438860816666668,False,0,0,False,0,False
O00459,C0468,R041,D002,D002,delivered,2026-08-15 15:51:00,2026-08-15 16:09:00,2026-08-15 16:19:29.867757,2026-08-15 17:06:36.000000,2026-08-15 17:10:36.000000,2026-08-15 17:10:33.050292,orders_table,True,,3.9508382,True,False,4.0,-0.049161800000000005,True,10.49779595,-6.546957750000001,True,0,0,False,1,True
O00460,C0087,R026,D104,D104,delivered,2026-08-12 16:27:00,2026-08-12 16:45:00,2026-08-12 17:21:45.188189,2026-08-12 17:52:24.000000,2026-08-12 18:18:24.182486,2026-08-12 18:29:16.970368,orders_table,True,,36.88283946666666,True,True,26.003041433333333,10.879798033333334,True,36.753136483333336,0.12970298333332408,True,0,0,False,0,False
O00461,C0106,R051,D094,D094,delivered,2026-08-07 20:50:00,2026-08-07 21:08:00,2026-08-07 21:24:54.520288,2026-08-07 22:00:29.282287,2026-08-07 22:10:51.327114,2026-08-07 22:11:51.984216,orders_table,True,,11.378365483333333,True,True,10.367413783333335,1.0109517000000001,True,16.908671466666668,-5.530305983333335,True,0,0,False,0,False
O00462,C0013,R014,D008,D008,delivered,2026-08-19 17:58:00,2026-08-19 18:16:00,2026-08-19 18:22:08.015036,2026-08-19 19:16:51.095938,2026-08-19 19:26:51.095938,2026-08-19 19:15:36.063975,orders_table,True,,-1.2505327166666667,False,False,10.0,-11.250532716666667,True,6.133583933333333,-7.384116649999999,False,0,1,True,0,False
O00463,C0046,R043,D094,D094,delivered,2026-08-05 20:18:00,2026-08-05 20:36:00,2026-08-05 20:38:40.569574,2026-08-05 21:09:20.034501,2026-08-05 21:13:20.034501,2026-08-05 20:59:25.548003,orders_table,True,,-9.9081083,False,False,4.0,-13.9081083,True,2.6761595666666667,-12.584267866666668,False,0,0,False,0,False
O00464,C0113,R006,D053,D053,delivered,2026-08-12 22:18:00,2026-08-12 22:36:00,2026-08-12 22:38:43.935647,2026-08-12 23:19:16.349188,2026-08-12 23:29:54.309603,2026-08-12 23:20:52.276320,orders_table,True,,1.5987855333333334,True,False,10.632673583333334,-9.03388805,True,2.732260783333333,-1.1334752499999996,False,0,0,False,1,True
O00465,C0061,R038,D112,D039,delivered,2026-08-22 21:12:00,2026-08-22 21:30:00,2026-08-22 21:37:56.960467,2026-08-22 22:37:48.000000,2026-08-22 23:02:08.819836,2026-08-22 22:44:22.405513,orders_table,True,,6.573425216666666,True,False,24.346997266666666,-17.77357205,True,7.949341116666667,-1.3759159000000007,False,0,0,False,0,False
O00466,C0746,R007,D088,D088,delivered,2026-08-25 22:55:00,2026-08-25 23:13:00,2026-08-25 23:09:57.216011,2026-08-26 00:10:36.000000,2026-08-26 00:14:36.000000,2026-08-25 23:54:10.521612,orders_table,True,,-16.4246398,False,False,4.0,-20.4246398,True,-3.0463998166666664,-13.378239983333335,False,0,0,False,1,False
O00467,C0778,R006,D016,D016,delivered,2026-08-25 22:26:00,2026-08-25 22:44:00,2026-08-25 22:39:36.250437,2026-08-25 23:09:25.878898,2026-08-25 23:10:13.605762,2026-08-25 22:57:16.469139,orders_table,True,,-12.156829316666666,False,False,0.7954477333333333,-12.95227705,True,-4.39582605,-7.761003266666666,False,0,0,False,0,False
O00468,C0736,R004,D003,D003,delivered,2026-08-25 19:19:00,2026-08-25 19:37:00,2026-08-25 19:45:10.926338,2026-08-25 20:28:18.813867,2026-08-25 20:33:21.959132,2026-08-25 20:26:28.040733,orders_table,True,,-1.8462189,False,False,5.052421083333333,-6.898639983333334,True,8.182105633333332,-10.028324533333333,False,0,0,False,1,True
O00469,C0266,R041,D005,D005,delivered,2026-08-16 12:36:00,2026-08-16 12:54:00,2026-08-16 12:50:02.914224,2026-08-16 14:01:24.000000,2026-08-16 14:19:24.000000,2026-08-16 13:57:01.320777,orders_table,True,,-4.37798705,False,False,18.0,-22.37798705,True,-3.9514296,-0.4265574499999998,False,0,0,False,0,False
O00470,C0897,R030,D083,D083,delivered,2026-08-08 16:33:00,2026-08-08 16:51:00,2026-08-08 17:01:51.082439,2026-08-08 17:21:01.861986,2026-08-08 17:21:35.302793,2026-08-08 17:21:49.192249,orders_table,True,,0.7888377166666667,True,False,0.5573467833333333,0.23149093333333332,True,10.851373983333334,-10.062536266666667,True,0,0,False,0,False
O00471,C0099,R010,D007,D007,delivered,2026-08-07 16:52:00,2026-08-07 17:10:00,2026-08-07 17:20:12.632435,2026-08-07 18:05:01.715169,2026-08-07 18:18:11.105001,2026-08-07 18:12:27.727545,orders_table,True,,7.4335396000000005,True,False,13.156497199999999,-5.7229576,True,10.210540583333334,-2.777000983333333,True,0,1,True,0,False
O00472,C0448,R056,D109,D109,delivered,2026-08-08 18:58:00,2026-08-08 19:16:00,2026-08-08 19:33:38.617887,2026-08-08 20:13:36.000000,2026-08-08 20:17:36.000000,2026-08-08 20:27:50.690781,orders_table,True,,14.24484635,True,True,4.0,10.24484635,True,17.64363145,-3.3987851000000013,True,1,1,True,0,False
O00473,C0719,R002,D064,D064,delivered,2026-08-14 18:58:00,2026-08-14 19:16:00,2026-08-14 20:05:22.631148,2026-08-14 20:17:48.000000,2026-08-14 20:36:39.431172,2026-08-14 21:04:00.769224,orders_table,True,,46.212820400000005,True,True,18.8571862,27.3556342,True,49.3771858,-3.164365399999994,True,0,0,False,1,False
O00474,C0127,R021,D050,D004,delivered,2026-08-04 23:04:00,2026-08-04 23:22:00,2026-08-04 23:19:24.678164,2026-08-05 00:23:48.000000,2026-08-05 00:34:08.801579,2026-08-05 00:17:35.652368,orders_table,True,,-6.205793866666666,False,False,10.346692983333332,-16.55248685,True,-2.5886972666666663,-3.6170966,False,0,0,False,0,False
O00475,C0883,R056,D058,D058,delivered,2026-08-11 19:29:00,2026-08-11 19:47:00,2026-08-11 19:45:41.208149,2026-08-11 20:44:36.000000,2026-08-11 20:48:36.000000,2026-08-11 20:37:47.131885,orders_table,True,,-6.814468583333333,False,False,4.0,-10.814468583333333,True,-1.3131975166666665,-5.501271066666667,False,0,0,False,1,False
O00476,C0889,R054,D117,D117,delivered,2026-08-04 18:25:00,2026-08-04 18:43:00,2026-08-04 19:08:28.451241,2026-08-04 19:37:48.000000,2026-08-04 19:43:07.353102,2026-08-04 19:51:57.232492,orders_table,True,,14.153874866666666,True,True,5.3225517,8.831323166666666,True,25.47418735,-11.320312483333336,True,0,0,False,1,True
O00477,C0117,R007,D011,D011,delivered,2026-08-21 19:42:00,2026-08-21 20:00:00,2026-08-21 20:14:32.816157,2026-08-21 21:01:48.000000,2026-08-21 21:12:10.355646,2026-08-21 21:10:10.485830,orders_table,True,,8.374763833333335,True,False,10.372594099999999,-1.9978302666666667,True,14.54693595,-6.172172116666665,True,1,0,True,0,False
O00478,C0264,R045,D096,D096,delivered,2026-08-11 20:43:00,2026-08-11 21:01:00,2026-08-11 20:58:20.684682,2026-08-11 21:47:16.786315,2026-08-11 21:57:16.786315,2026-08-11 21:41:14.596300,orders_table,True,,-6.0365002500000005,False,False,10.0,-16.03650025,True,-2.6552553,-3.3812449500000006,False,0,0,False,1,True
O00479,C0477,R038,D023,D023,cancelled,2026-08-13 22:07:00,2026-08-13 22:25:00,2026-08-13 22:37:57.674973,2026-08-13 23:22:36.000000,2026-08-13 23:27:43.126136,,,False,not_delivered,,,,5.118768933333333,,False,,,,0,0,False,1,False
O00480,C0718,R045,D119,D119,delivered,2026-08-03 19:17:00,2026-08-03 19:35:00,2026-08-03 20:01:17.339837,2026-08-03 20:09:31.086534,2026-08-03 20:25:12.541475,2026-08-03 20:24:59.005306,orders_table,True,,15.465312866666666,True,True,15.690915683333333,-0.22560281666666665,True,26.288997283333334,-10.823684416666667,True,1,0,True,1,True
O00481,C0811,R014,D036,D036,delivered,2026-08-23 17:59:00,2026-08-23 18:17:00,2026-08-23 18:28:42.877804,2026-08-23 19:24:24.000000,2026-08-23 19:42:24.570064,2026-08-23 19:28:49.624756,orders_table,True,,4.4270792666666665,True,False,18.009501066666665,-13.582421799999999,True,11.714630066666667,-7.2875508,True,0,0,False,0,False
O00482,C0093,R043,D073,D073,delivered,2026-08-13 18:47:00,2026-08-13 19:05:00,2026-08-13 19:05:44.137111,2026-08-13 19:33:41.196323,2026-08-13 19:37:41.196323,2026-08-13 19:27:34.860111,orders_table,True,,-6.105603533333333,False,False,4.0,-10.105603533333333,True,0.7356185166666667,-6.84122205,False,0,0,False,0,False
O00483,C0670,R004,D079,D079,delivered,2026-08-10 14:24:00,2026-08-10 14:42:00,2026-08-10 14:48:51.887736,2026-08-10 15:16:30.689606,2026-08-10 15:16:30.689606,2026-08-10 15:12:37.375389,orders_table,True,,-3.8885702833333338,False,False,0.0,-3.8885702833333338,True,6.8647956,-10.753365883333334,False,0,0,False,1,True
O00484,C0028,R057,D065,D065,delivered,2026-08-21 20:48:00,2026-08-21 21:06:00,2026-08-21 21:12:39.799380,2026-08-21 21:34:23.305353,2026-08-21 21:39:23.305353,2026-08-21 21:34:51.865762,orders_table,True,,0.47600681666666667,True,False,5.0,-4.523993183333333,True,6.663323,-6.187316183333333,False,0,0,False,0,False
O00485,C0864,R026,D005,D005,delivered,2026-08-15 19:04:00,2026-08-15 19:22:00,2026-08-15 19:32:08.015329,2026-08-15 20:14:10.687624,2026-08-15 20:26:08.569609,2026-08-15 20:15:21.486824,orders_table,True,,1.1799866666666667,True,False,11.96469975,-10.784713083333333,True,10.133588816666666,-8.95360215,True,0,0,False,0,False
O00486,C0464,R043,D073,D073,delivered,2026-08-06 20:15:00,2026-08-06 20:33:00,2026-08-06 20:44:25.019780,2026-08-06 21:03:54.308146,2026-08-06 21:07:54.308146,2026-08-06 21:06:08.388424,orders_table,True,,2.2346713,True,False,4.0,-1.7653287,True,11.416996333333334,-9.182325033333333,True,0,0,False,0,False
O00487,C0894,R041,D024,D024,delivered,2026-08-24 17:09:00,2026-08-24 17:27:00,2026-08-24 17:41:15.588153,2026-08-24 18:31:18.000000,2026-08-24 18:51:51.870586,2026-08-24 18:42:38.911522,orders_table,True,,11.348525366666667,True,True,20.564509766666667,-9.2159844,True,14.25980255,-2.9112771833333326,True,0,0,False,0,False
O00488,C0774,R018,D055,D055,delivered,2026-08-13 18:30:00,2026-08-13 18:48:00,2026-08-13 19:05:41.399010,2026-08-13 19:11:11.200279,2026-08-13 19:11:51.691166,2026-08-13 19:19:33.086426,driver_app,True,,8.364769116666666,True,False,0.6748481166666667,7.689921,True,17.6899835,-9.325214383333334,True,0,0,False,1,True
O00489,C0344,R017,D083,D083,delivered,2026-08-19 12:56:00,2026-08-19 13:14:00,2026-08-19 13:22:11.946224,2026-08-19 14:06:14.792264,2026-08-19 14:11:14.792264,2026-08-19 14:10:45.484437,orders_table,True,,4.511536216666667,True,False,5.0,-0.48846378333333335,True,8.199103733333333,-3.6875675166666655,False,0,0,False,1,True
O00490,C0579,R016,D018,D018,delivered,2026-08-08 15:02:00,2026-08-08 15:20:00,2026-08-08 15:31:51.592269,2026-08-08 16:27:24.000000,2026-08-08 16:45:30.512497,2026-08-08 16:33:39.027665,orders_table,True,,6.250461083333334,True,False,18.108541616666667,-11.858080533333332,True,11.85987115,-5.609410066666666,True,0,0,False,0,False
O00491,C0003,R045,D010,D010,delivered,2026-08-13 17:37:00,2026-08-13 17:55:00,2026-08-13 18:14:28.409589,2026-08-13 18:32:57.974230,2026-08-13 18:50:57.974230,2026-08-13 18:47:18.156455,orders_table,True,,14.336370416666666,True,True,18.0,-3.6636295833333334,True,19.473493150000003,-5.137122733333337,True,0,1,True,0,False
O00492,C0015,R023,D101,D101,cancelled,2026-08-26 17:09:00,2026-08-26 17:27:00,2026-08-26 17:34:44.467541,2026-08-26 18:12:37.192858,2026-08-26 18:16:37.192858,,,False,not_delivered,,,,4.0,,False,,,,0,0,False,1,False
O00493,C0243,R026,D032,D032,delivered,2026-08-01 12:49:00,2026-08-01 13:07:00,2026-08-01 13:06:55.188378,2026-08-01 14:08:48.000000,2026-08-01 14:18:48.000000,2026-08-01 14:05:02.111690,orders_table,True,,-3.7648051666666666,False,False,10.0,-13.764805166666667,True,-0.08019369999999999,-3.6846114666666665,False,0,0,False,1,False
O00494,C0055,R048,D119,D119,delivered,2026-08-06 14:47:00,2026-08-06 15:05:00,2026-08-06 15:11:13.290322,2026-08-06 15:32:52.726833,2026-08-06 15:32:52.726833,2026-08-06 15:26:09.157721,orders_table,True,,-6.726151866666667,False,False,0.0,-6.726151866666667,True,6.221505366666666,-12.947657233333334,False,0,0,False,0,False
O00495,C0209,R031,D062,D062,cancelled,2026-08-11 11:15:00,2026-08-11 11:33:00,2026-08-11 11:47:59.729444,2026-08-11 12:30:36.000000,2026-08-11 12:38:08.514973,,,False,not_delivered,,,,7.5419162166666665,,False,,,,0,0,False,0,False
O00496,C0033,R028,D001,D001,delivered,2026-08-04 14:50:00,2026-08-04 15:08:00,2026-08-04 14:59:12.709125,2026-08-04 16:02:48.000000,2026-08-04 16:02:48.000000,2026-08-04 15:48:57.375761,orders_table,True,,-13.843737316666667,False,False,0.0,-13.843737316666667,True,-8.788181250000001,-5.055556066666666,False,0,0,False,1,False
O00497,C0482,R032,D075,D016,delivered,2026-08-13 19:22:00,2026-08-13 19:40:00,2026-08-13 20:14:53.614453,2026-08-13 20:44:18.000000,2026-08-13 21:10:10.365235,2026-08-13 21:16:04.765594,orders_table,True,,31.779426566666665,True,True,25.872753916666667,5.90667265,True,34.89357421666667,-3.1141476500000067,True,0,1,True,1,True
O00498,C0888,R033,D119,D119,cancelled,2026-08-16 18:42:00,2026-08-16 19:00:00,2026-08-16 19:01:54.646696,2026-08-16 20:00:48.000000,2026-08-16 20:12:48.000000,,,False,not_delivered,,,,12.0,,False,,,,0,0,False,0,False
O00499,C0277,R002,D104,D104,delivered,2026-08-26 20:43:00,2026-08-26 21:01:00,2026-08-26 21:14:02.441452,2026-08-26 21:58:36.000000,2026-08-26 22:06:08.692283,2026-08-26 22:05:43.231907,orders_table,True,,7.120531783333333,True,False,7.544871383333333,-0.4243396,True,13.040690866666667,-5.920159083333334,True,0,0,False,0,False
O00500,C0822,R056,D007,D007,delivered,2026-08-07 19:55:00,2026-08-07 20:13:00,2026-08-07 20:09:07.662397,2026-08-07 21:10:36.000000,2026-08-07 21:14:59.624027,2026-08-07 20:59:18.080821,orders_table,True,,-11.298652983333334,False,False,4.393733783333333,-15.692386766666667,True,-3.8722933833333335,-7.4263596,False,0,0,False,0,False
O00501,C0509,R033,D087,D087,delivered,2026-08-22 19:06:00,2026-08-22 19:24:00,2026-08-22 19:33:24.991506,2026-08-22 20:21:36.000000,2026-08-22 20:25:36.000000,2026-08-22 20:22:22.012259,orders_table,True,,0.7668709833333334,True,False,4.0,-3.2331290166666666,True,9.4165251,-8.649654116666666,False,0,0,False,0,False
O00502,C0148,R051,D098,D098,delivered,2026-08-21 20:05:00,2026-08-21 20:23:00,2026-08-21 20:28:17.555642,2026-08-21 20:58:47.101348,2026-08-21 21:08:47.101348,2026-08-21 20:59:16.781520,orders_table,True,,0.4946695333333333,True,False,10.0,-9.505330466666667,True,5.292594033333333,-4.7979245,False,0,0,False,1,True
O00503,C0881,R020,D088,D008,delivered,2026-08-24 19:12:00,2026-08-24 19:30:00,2026-08-24 19:40:06.518413,2026-08-24 20:31:48.000000,2026-08-24 20:41:48.000000,2026-08-24 20:31:00.878093,orders_table,True,,-0.7853651166666666,False,False,10.0,-10.785365116666666,True,10.108640216666666,-10.894005333333332,True,0,0,False,0,False
O00504,C0716,R039,D023,D023,delivered,2026-08-20 19:06:00,2026-08-20 19:24:00,2026-08-20 19:37:47.238817,2026-08-20 20:14:13.426543,2026-08-20 20:19:36.124449,2026-08-20 20:22:24.409143,orders_table,True,,8.183043333333334,True,False,5.378298433333333,2.8047449,True,13.787313616666667,-5.604270283333333,True,0,0,False,0,False
O00505,C0479,R012,D081,D081,delivered,2026-08-20 16:32:00,2026-08-20 16:50:00,2026-08-20 16:59:35.581676,2026-08-20 17:48:32.813282,2026-08-20 18:07:58.977465,2026-08-20 17:52:48.639434,orders_table,True,,4.2637692000000005,True,False,19.43606971666667,-15.172300516666667,True,9.593027933333333,-5.329258733333333,False,0,0,False,0,False
O00506,C0274,R013,D105,D105,delivered,2026-08-08 19:03:00,2026-08-08 19:21:00,2026-08-08 19:19:30.312766,2026-08-08 20:07:52.391855,2026-08-08 20:25:52.391855,2026-08-08 20:00:32.805129,orders_table,True,,-7.326445433333333,False,False,18.0,-25.326445433333333,True,-1.4947872333333334,-5.8316582,False,0,0,False,1,False
O00507,C0399,R050,D059,D059,delivered,2026-08-17 20:18:00,2026-08-17 20:36:00,2026-08-17 20:40:18.973164,2026-08-17 21:26:22.799209,2026-08-17 21:36:22.799209,2026-08-17 21:25:25.528884,orders_table,True,,-0.9545054166666667,False,False,10.0,-10.954505416666667,True,4.3162194,-5.270724816666666,False,0,0,False,1,True
O00508,C0499,R033,D051,D051,delivered,2026-08-10 21:13:00,2026-08-10 21:31:00,2026-08-10 21:53:24.611482,2026-08-10 22:25:48.000000,2026-08-10 22:26:00.126163,2026-08-10 22:37:41.070276,orders_table,True,,11.884504600000001,True,True,0.20210271666666665,11.682401883333334,True,22.410191366666666,-10.525686766666665,True,0,1,True,0,False
O00509,C0519,R030,D052,D052,delivered,2026-08-02 12:32:00,2026-08-02 12:50:00,2026-08-02 12:51:46.364440,2026-08-02 13:51:48.000000,2026-08-02 14:01:48.000000,2026-08-02 13:43:14.227492,orders_table,True,,-8.562875133333334,False,False,10.0,-18.562875133333332,True,1.7727406666666667,-10.335615800000001,False,0,0,False,0,False
O00510,C0797,R029,D065,D065,delivered,2026-08-26 19:05:00,2026-08-26 19:23:00,2026-08-26 19:29:57.992323,2026-08-26 20:25:41.022620,2026-08-26 20:42:12.728467,2026-08-26 20:30:54.899123,orders_table,True,,5.23127505,True,False,16.52843078333333,-11.297155733333334,True,6.966538716666666,-1.7352636666666665,False,0,0,False,1,True
O00511,C0064,R038,D015,D015,delivered,2026-08-09 19:06:00,2026-08-09 19:24:00,2026-08-09 19:26:39.457940,2026-08-09 20:25:48.000000,2026-08-09 20:35:48.000000,2026-08-09 20:24:14.113395,orders_table,True,,-1.56477675,False,False,10.0,-11.56477675,True,2.6576323333333334,-4.222409083333334,False,0,0,False,0,False
O00512,C0190,R012,D062,D062,delivered,2026-08-27 18:51:00,2026-08-27 19:09:00,2026-08-27 19:16:59.110922,2026-08-27 20:06:36.000000,2026-08-27 20:11:45.391382,2026-08-27 20:03:15.140941,orders_table,True,,-3.347650983333333,False,False,5.156523033333333,-8.504174016666667,True,7.985182033333333,-11.332833016666667,False,0,0,False,0,False
O00513,C0109,R024,D078,D016,delivered,2026-08-06 11:28:00,2026-08-06 11:46:00,2026-08-06 12:13:16.032656,2026-08-06 12:47:48.000000,2026-08-06 13:02:09.293246,2026-08-06 13:10:37.271716,orders_table,True,,22.821195266666667,True,True,14.354887433333333,8.466307833333333,True,27.267210933333335,-4.446015666666668,True,1,1,True,0,False
O00514,C0419,R053,D014,D014,delivered,2026-08-10 11:33:00,2026-08-10 11:51:00,2026-08-10 11:56:41.364381,2026-08-10 12:52:48.000000,2026-08-10 13:05:20.896320,2026-08-10 12:52:29.021367,orders_table,True,,-0.31631054999999997,False,False,12.548271999999999,-12.86458255,True,5.68940635,-6.0057168999999995,False,0,0,False,1,True
O00515,C0672,R025,D033,D033,delivered,2026-08-02 13:19:00,2026-08-02 13:37:00,2026-08-02 13:49:46.710718,2026-08-02 14:21:51.106890,2026-08-02 14:38:21.534538,2026-08-02 14:28:28.839181,orders_table,True,,6.628871516666666,True,False,16.507127466666667,-9.87825595,True,12.778511966666667,-6.149640450000001,True,0,0,False,0,False
O00516,C0001,R011,D119,D119,delivered,2026-08-14 22:09:00,2026-08-14 22:27:00,2026-08-14 22:24:35.856083,2026-08-14 23:01:21.831360,2026-08-14 23:05:21.831360,2026-08-14 22:52:14.077541,orders_table,True,,-9.129230316666668,False,False,4.0,-13.129230316666668,True,-2.4023986166666664,-6.726831700000002,False,0,0,False,0,False
O00517,C0328,R035,D076,D076,delivered,2026-08-20 15:17:00,2026-08-20 15:35:00,2026-08-20 15:46:52.677476,2026-08-20 16:29:48.000000,2026-08-20 16:29:48.000000,2026-08-20 16:34:46.946537,orders_table,True,,4.982442283333333,True,False,0.0,4.982442283333333,True,11.877957933333333,-6.89551565,True,0,0,False,1,True
O00518,C0493,R041,D102,D102,delivered,2026-08-13 22:50:00,2026-08-13 23:08:00,2026-08-13 23:08:58.139851,2026-08-14 00:15:24.000000,2026-08-14 00:33:24.000000,2026-08-14 00:13:54.923342,orders_table,True,,-1.4846109666666665,False,False,18.0,-19.484610966666665,True,0.9689975166666667,-2.4536084833333334,False,0,0,False,0,False
O00519,C0864,R011,D083,D083,delivered,2026-08-25 17:22:00,2026-08-25 17:40:00,2026-08-25 17:51:51.099458,2026-08-25 18:20:59.008918,2026-08-25 18:31:55.138513,2026-08-25 18:26:03.977828,orders_table,True,,5.082815166666666,True,False,10.93549325,-5.852678083333333,True,11.851657633333334,-6.768842466666667,True,0,0,False,0,False
O00520,C0489,R050,D089,D089,delivered,2026-08-09 11:46:00,2026-08-09 12:04:00,2026-08-09 12:14:11.608672,2026-08-09 13:05:48.000000,2026-08-09 13:15:48.000000,2026-08-09 13:08:00.653735,orders_table,True,,2.2108955833333335,True,False,10.0,-7.7891044166666665,True,10.193477866666665,-7.982582283333332,True,0,0,False,0,False
O00521,C0854,R026,D038,D038,delivered,2026-08-27 14:40:00,2026-08-27 14:58:00,2026-08-27 14:58:13.980566,2026-08-27 15:55:17.426533,2026-08-27 16:11:32.419223,2026-08-27 15:54:11.349727,orders_table,True,,-1.1012801,False,False,16.24987816666667,-17.35115826666667,True,0.23300943333333332,-1.3342895333333333,False,0,0,False,0,False
O00522,C0748,R027,D015,D015,delivered,2026-08-16 20:00:00,2026-08-16 20:18:00,2026-08-16 20:22:48.526265,2026-08-16 21:25:24.000000,2026-08-16 21:43:24.000000,2026-08-16 21:29:40.702440,orders_table,True,,4.278374,True,False,18.0,-13.721625999999999,True,4.808771083333334,-0.5303970833333338,False,0,0,False,0,False
O00523,C0865,R056,D039,D039,delivered,2026-08-23 18:22:00,2026-08-23 18:40:00,2026-08-23 18:55:41.930569,2026-08-23 19:37:36.000000,2026-08-23 19:43:46.624899,2026-08-23 19:47:53.336916,orders_table,True,,10.2889486,True,True,6.177081650000001,4.1118669500000005,True,15.698842816666666,-5.409894216666666,True,0,0,False,0,False
O00524,C0611,R042,D015,D015,delivered,2026-08-12 22:27:00,2026-08-12 22:45:00,2026-08-12 22:51:29.102072,2026-08-12 23:27:04.414916,2026-08-12 23:31:04.414916,2026-08-12 23:27:58.269309,orders_table,True,,0.8975732166666667,True,False,4.0,-3.1024267833333337,True,6.485034533333334,-5.587461316666667,False,0,0,False,0,False
O00525,C0280,R022,D107,D059,delivered,2026-08-10 22:41:00,2026-08-10 22:59:00,2026-08-10 23:07:35.282202,2026-08-10 23:46:04.170706,2026-08-10 23:57:00.204179,2026-08-10 23:52:57.894133,orders_table,True,,6.89539045,True,False,10.933891216666666,-4.038500766666667,True,8.5880367,-1.6926462500000001,False,0,1,True,0,False
O00526,C0833,R006,D100,D100,delivered,2026-08-16 14:33:00,2026-08-16 14:51:00,2026-08-16 15:17:53.581660,2026-08-16 15:48:36.000000,2026-08-16 16:02:56.271387,2026-08-16 16:11:11.602959,orders_table,True,,22.593382650000002,True,True,14.33785645,8.2555262,True,26.89302766666667,-4.299645016666666,True,0,0,False,1,True
O00527,C0480,R020,D050,D050,delivered,2026-08-22 21:10:00,2026-08-22 21:28:00,2026-08-22 21:55:49.639157,2026-08-22 22:04:26.146473,2026-08-22 22:12:35.028098,2026-08-22 22:21:18.666861,orders_table,True,,16.8753398,True,True,8.148027083333334,8.727312716666667,True,27.827319283333335,-10.951979483333336,True,0,0,False,0,False
O00528,C0367,R043,D020,D020,delivered,2026-08-16 23:17:00,2026-08-16 23:35:00,2026-08-16 23:31:38.263244,2026-08-17 00:29:48.000000,2026-08-17 00:30:34.673740,2026-08-17 00:15:52.556292,orders_table,True,,-13.9240618,False,False,0.7778956666666667,-14.701957466666666,True,-3.362279266666667,-10.561782533333334,False,0,0,False,0,False
O00529,C0828,R041,D089,D089,cancelled,2026-08-01 20:15:00,2026-08-01 20:33:00,2026-08-01 20:26:07.771825,2026-08-01 21:30:18.000000,2026-08-01 21:35:18.000000,,,False,not_delivered,,,,5.0,,False,,,,0,0,False,0,False
O00530,C0634,R010,D010,D010,delivered,2026-08-16 12:27:00,2026-08-16 12:45:00,2026-08-16 12:45:47.645194,2026-08-16 13:11:23.957324,2026-08-16 13:15:23.957324,2026-08-16 13:01:57.626904,orders_table,True,,-9.438840333333333,False,False,4.0,-13.438840333333333,True,0.7940865666666667,-10.2329269,False,0,0,False,1,False
O00531,C0586,R026,D081,D081,cancelled,2026-08-06 13:54:00,2026-08-06 14:12:00,2026-08-06 14:25:27.840160,2026-08-06 15:09:36.000000,2026-08-06 15:13:36.000000,,,False,not_delivered,,,,4.0,,False,,,,0,0,False,0,False
O00532,C0381,R043,D007,D007,delivered,2026-08-14 11:12:00,2026-08-14 11:30:00,2026-08-14 11:34:31.657150,2026-08-14 11:59:16.434888,2026-08-14 12:01:23.194633,2026-08-14 11:56:02.760445,orders_table,True,,-3.227907383333333,False,False,2.1126624166666668,-5.3405698,True,4.527619166666667,-7.75552655,False,0,0,False,0,False
O00533,C0095,R040,D072,D072,delivered,2026-08-14 15:57:00,2026-08-14 16:15:00,2026-08-14 16:37:12.401763,2026-08-14 16:59:11.129602,2026-08-14 17:06:33.367183,2026-08-14 17:11:33.220021,orders_table,True,,12.36817365,True,True,7.370626349999999,4.9975473,True,22.20669605,-9.838522400000002,True,1,1,True,0,False
O00534,C0320,R051,D111,D111,delivered,2026-08-28 13:23:00,2026-08-28 13:41:00,2026-08-28 13:49:37.407434,2026-08-28 14:42:48.000000,2026-08-28 14:54:16.656827,2026-08-28 14:44:49.614480,orders_table,True,,2.026908,True,False,11.477613783333334,-9.450705783333332,True,8.623457233333333,-6.596549233333333,False,0,0,False,0,False
O00535,C0299,R046,D010,D010,delivered,2026-08-04 11:58:00,2026-08-04 12:16:00,2026-08-04 12:29:53.051296,2026-08-04 13:10:52.866721,2026-08-04 13:25:57.718210,2026-08-04 13:17:42.377460,orders_table,True,,6.825178983333333,True,False,15.080858150000001,-8.255679166666667,True,13.884188266666666,-7.059009283333332,True,0,0,False,0,False
O00536,C0056,R044,D030,D030,delivered,2026-08-14 18:16:00,2026-08-14 18:34:00,2026-08-14 18:36:34.766424,2026-08-14 19:20:50.458342,2026-08-14 19:33:00.140166,2026-08-14 19:16:01.586065,orders_table,True,,-4.81453795,False,False,12.161363733333333,-16.975901683333333,True,2.5794404,-7.39397835,False,0,0,False,0,False
O00537,C0649,R041,D048,D048,delivered,2026-08-17 20:10:00,2026-08-17 20:28:00,2026-08-17 20:33:09.136903,2026-08-17 21:25:36.000000,2026-08-17 21:33:03.269596,2026-08-17 21:23:10.761992,orders_table,True,,-2.4206334666666667,False,False,7.454493266666666,-9.875126733333333,True,5.152281716666667,-7.5729151833333335,False,0,0,False,0,False
O00538,C0053,R047,D041,D041,delivered,2026-08-13 18:24:00,2026-08-13 18:42:00,2026-08-13 18:45:31.965439,2026-08-13 19:15:21.924250,2026-08-13 19:19:21.924250,2026-08-13 19:12:51.930961,orders_table,True,,-2.49988815,False,False,4.0,-6.49988815,True,3.532757316666667,-6.032645466666667,False,0,0,False,0,False
O00539,C0221,R044,D083,D083,delivered,2026-08-06 14:34:00,2026-08-06 14:52:00,2026-08-06 15:21:38.611073,2026-08-06 15:42:26.914278,2026-08-06 15:58:20.253803,2026-08-06 16:05:43.810322,orders_table,True,,23.281600733333335,True,True,15.888992083333333,7.39260865,True,29.643517883333335,-6.36191715,True,0,1,True,1,True
O00540,C0131,R058,D037,D037,delivered,2026-08-20 23:20:00,2026-08-20 23:38:00,2026-08-20 23:48:59.461859,2026-08-21 00:23:44.226468,2026-08-21 00:25:07.818146,2026-08-21 00:27:34.705324,orders_table,True,,3.8413142666666666,True,False,1.3931946333333334,2.4481196333333335,True,10.991030983333333,-7.149716716666667,True,0,0,False,1,False
O00541,C0447,R057,D094,D094,delivered,2026-08-09 13:01:00,2026-08-09 13:19:00,2026-08-09 13:21:17.843451,2026-08-09 13:58:17.316493,2026-08-09 14:14:17.316493,2026-08-09 13:58:21.685308,orders_table,True,,0.07281358333333333,True,False,16.0,-15.927186416666666,True,2.2973908499999998,-2.2245772666666666,False,0,0,False,0,False
O00542,C0220,R036,D004,D004,delivered,2026-08-19 19:54:00,2026-08-19 20:12:00,2026-08-19 20:08:27.829813,2026-08-19 20:44:58.420796,2026-08-19 20:55:16.748782,2026-08-19 20:33:18.355194,orders_table,True,,-11.667760033333334,False,False,10.305466433333333,-21.973226466666667,True,-3.5361697833333334,-8.13159025,False,0,0,False,0,False
O00543,C0305,R008,D048,D048,delivered,2026-08-21 16:19:00,2026-08-21 16:37:00,2026-08-21 16:45:49.876920,2026-08-21 17:31:48.000000,2026-08-21 17:31:52.282342,2026-08-21 17:30:03.893237,orders_table,True,,-1.7351127166666667,False,False,0.07137236666666666,-1.8064850833333332,True,8.831282,-10.566394716666666,False,0,0,False,1,True
O00544,C0895,R023,D029,D029,delivered,2026-08-13 17:07:00,2026-08-13 17:25:00,2026-08-13 17:52:30.152236,2026-08-13 18:26:48.000000,2026-08-13 18:36:48.000000,2026-08-13 18:51:42.909258,orders_table,True,,24.915154299999998,True,True,10.0,14.915154300000001,True,27.502537266666664,-2.5873829666666666,True,0,1,True,1,True
O00545,C0030,R014,D014,D014,delivered,2026-08-24 20:54:00,2026-08-24 21:12:00,2026-08-24 21:12:08.261553,2026-08-24 22:13:34.697384,2026-08-24 22:24:30.774007,2026-08-24 22:09:00.757942,orders_table,True,,-4.565657366666667,False,False,10.934610383333334,-15.50026775,True,0.13769255,-4.703349916666666,False,0,0,False,0,False
O00546,C0804,R054,D027,D027,delivered,2026-08-10 12:56:00,2026-08-10 13:14:00,2026-08-10 13:34:45.308038,2026-08-10 14:15:48.000000,2026-08-10 14:27:23.403093,2026-08-10 14:29:18.720959,orders_table,True,,13.512015983333333,True,True,11.59005155,1.9219644333333332,True,20.755133966666666,-7.243117983333333,True,0,0,False,0,False
O00547,C0186,R022,D027,D027,delivered,2026-08-08 12:18:00,2026-08-08 12:36:00,2026-08-08 12:57:18.723239,2026-08-08 13:12:16.482329,2026-08-08 13:24:38.717717,2026-08-08 13:27:12.771378,orders_table,True,,14.938150816666667,True,True,12.3705898,2.5675610166666667,True,21.312053983333332,-6.373903166666665,True,0,0,False,0,False
O00548,C0886,R024,D113,D113,delivered,2026-08-04 15:31:00,2026-08-04 15:49:00,2026-08-04 15:57:01.438598,2026-08-04 16:53:18.000000,2026-08-04 17:08:39.839604,2026-08-04 16:56:33.349995,driver_app,True,,3.2558332500000002,True,False,15.3639934,-12.10816015,True,8.023976633333334,-4.768143383333333,False,0,0,False,0,False
O00549,C0245,R010,D073,D073,delivered,2026-08-26 23:52:00,2026-08-27 00:10:00,2026-08-27 00:07:05.718153,2026-08-27 01:04:48.000000,2026-08-27 01:04:48.000000,2026-08-27 00:49:14.246949,orders_table,True,,-15.562550850000001,False,False,0.0,-15.562550850000001,True,-2.90469745,-12.6578534,False,0,0,False,1,False
O00550,C0638,R043,D013,D013,delivered,2026-08-26 22:58:00,2026-08-26 23:16:00,2026-08-26 23:22:58.205426,2026-08-27 00:02:15.399314,2026-08-27 00:07:19.806794,2026-08-26 23:58:31.592815,orders_table,True,,-3.7301083166666666,False,False,5.0734580000000005,-8.803566316666666,True,6.970090433333334,-10.70019875,False,0,0,False,1,False
O00551,C0262,R031,D046,D046,delivered,2026-08-28 11:35:00,2026-08-28 11:53:00,2026-08-28 12:15:35.806491,2026-08-28 12:26:17.600872,2026-08-28 12:39:12.389952,2026-08-28 12:38:02.209787,orders_table,True,,11.743481916666667,True,True,12.913151333333333,-1.1696694166666668,True,22.59677485,-10.853292933333332,True,1,0,True,0,False
O00552,C0509,R027,D112,D112,delivered,2026-08-23 13:46:00,2026-08-23 14:04:00,2026-08-23 14:01:11.507940,2026-08-23 15:04:05.694018,2026-08-23 15:16:31.407007,2026-08-23 15:00:05.809129,orders_table,True,,-3.998081483333333,False,False,12.428549816666667,-16.4266313,True,-2.808201,-1.189880483333333,False,0,0,False,1,False
O00553,C0398,R025,D111,D111,delivered,2026-08-14 13:11:00,2026-08-14 13:29:00,2026-08-14 13:32:54.652815,2026-08-14 14:26:36.000000,2026-08-14 14:30:46.815138,2026-08-14 14:26:41.202511,orders_table,True,,0.08670851666666667,True,False,4.1802523,-4.093543783333334,True,3.91088025,-3.8241717333333334,False,0,0,False,1,False
O00554,C0172,R057,D106,D106,delivered,2026-08-06 18:00:00,2026-08-06 18:18:00,2026-08-06 18:28:45.229545,2026-08-06 19:03:28.549685,2026-08-06 19:09:38.256638,2026-08-06 19:03:02.191603,orders_table,True,,-0.43930136666666664,False,False,6.16178255,-6.601083916666667,True,10.75382575,-11.193127116666668,True,0,1,True,1,True
O00555,C0455,R031,D061,D061,delivered,2026-08-24 14:39:00,2026-08-24 14:57:00,2026-08-24 15:12:04.550171,2026-08-24 15:44:09.798382,2026-08-24 15:44:09.798382,2026-08-24 15:51:09.292316,orders_table,True,,6.991565566666667,True,False,0.0,6.991565566666667,True,15.075836183333333,-8.084270616666666,True,0,1,True,0,False
O00556,C0325,R003,D016,D016,delivered,2026-08-04 12:23:00,2026-08-04 12:41:00,2026-08-04 13:00:26.283813,2026-08-04 13:41:06.000000,2026-08-04 13:54:52.821529,2026-08-04 13:57:53.064292,orders_table,True,,16.784404866666666,True,True,13.780358816666668,3.00404605,True,19.43806355,-2.653658683333333,True,0,1,True,1,True
O00557,C0751,R029,D078,D078,delivered,2026-08-19 18:36:00,2026-08-19 18:54:00,2026-08-19 19:19:10.589133,2026-08-19 19:43:04.203413,2026-08-19 20:06:20.598902,2026-08-19 19:58:04.366853,orders_table,True,,15.002724,True,True,23.27325815,-8.27053415,True,25.17648555,-10.173761549999998,True,0,0,False,0,False
O00558,C0391,R054,D034,D034,delivered,2026-08-24 18:32:00,2026-08-24 18:50:00,2026-08-24 18:55:29.919368,2026-08-24 19:51:48.000000,2026-08-24 20:01:48.302182,2026-08-24 19:50:28.349175,orders_table,True,,-1.32751375,False,False,10.005036366666667,-11.332550116666665,True,5.498656133333333,-6.826169883333334,False,0,0,False,1,True
O00559,C0058,R033,D011,D011,delivered,2026-08-23 14:13:00,2026-08-23 14:31:00,2026-08-23 14:53:18.973648,2026-08-23 15:32:48.000000,2026-08-23 15:46:19.730839,2026-08-23 15:44:54.960918,orders_table,True,,12.116015299999999,True,True,13.528847316666665,-1.4128320166666666,True,22.316227466666664,-10.200212166666665,True,1,0,True,0,False
O00560,C0826,R005,D088,D088,delivered,2026-08-14 11:45:00,2026-08-14 12:03:00,2026-08-14 12:00:44.946851,2026-08-14 13:04:48.000000,2026-08-14 13:14:48.000000,2026-08-14 12:58:54.609834,orders_table,True,,-5.8898361,False,False,10.0,-15.8898361,True,-2.2508858166666665,-3.6389502833333336,False,0,0,False,0,False
O00561,C0425,R040,D118,D118,delivered,2026-08-18 21:51:00,2026-08-18 22:09:00,2026-08-18 22:28:50.563270,2026-08-18 23:03:26.147596,2026-08-18 23:18:23.557079,2026-08-18 23:21:02.274774,orders_table,True,,17.602119633333334,True,True,14.956824716666667,2.6452949166666664,True,19.842721166666667,-2.240601533333333,True,0,1,True,1,True
O00562,C0897,R014,D119,D119,delivered,2026-08-05 22:36:00,2026-08-05 22:54:00,2026-08-05 23:05:51.717309,2026-08-05 23:46:03.450941,2026-08-05 23:50:03.450941,2026-08-05 23:50:42.831947,orders_table,True,,4.6563501,True,False,4.0,0.6563500999999999,True,11.86195515,-7.20560505,True,0,0,False,0,False
O00563,C0231,R014,D071,D071,delivered,2026-08-21 12:50:00,2026-08-21 13:08:00,2026-08-21 13:32:03.411847,2026-08-21 14:08:06.000000,2026-08-21 14:26:21.501569,2026-08-21 14:23:46.045714,orders_table,True,,15.667428566666667,True,True,18.258359483333333,-2.5909309166666668,True,24.056864116666667,-8.38943555,True,0,1,True,1,False
O00564,C0394,R060,D006,D045,delivered,2026-08-18 21:29:00,2026-08-18 21:47:00,2026-08-18 22:13:49.911829,2026-08-18 22:34:35.213517,2026-08-18 22:43:09.621694,2026-08-18 22:54:54.726945,orders_table,True,,20.3252238,True,True,8.573469616666667,11.751754183333333,True,26.831863816666665,-6.506640016666665,True,0,1,True,0,False
O00565,C0143,R023,D073,D073,delivered,2026-08-07 16:02:00,2026-08-07 16:20:00,2026-08-07 16:45:28.733138,2026-08-07 17:27:24.000000,2026-08-07 17:53:07.667283,2026-08-07 17:53:38.229136,orders_table,True,,26.237152266666666,True,True,25.72778805,0.5093642166666666,True,25.478885633333334,0.7582666333333314,True,0,0,False,0,False
O00566,C0857,R015,D038,D038,delivered,2026-08-10 21:28:00,2026-08-10 21:46:00,2026-08-10 21:43:51.681136,2026-08-10 22:47:48.000000,2026-08-10 23:00:00.333084,2026-08-10 22:36:48.335511,orders_table,True,,-10.99440815,False,False,12.2055514,-23.199959550000003,True,-2.1386477333333334,-8.855760416666666,False,0,0,False,0,False
O00567,C0426,R019,D119,D119,delivered,2026-08-23 20:44:00,2026-08-23 21:02:00,2026-08-23 21:05:27.434456,2026-08-23 22:02:06.000000,2026-08-23 22:11:06.000000,2026-08-23 21:53:35.758674,orders_table,True,,-8.5040221,False,False,9.0,-17.5040221,True,3.4572409333333334,-11.961263033333333,False,0,0,False,0,False
O00568,C0008,R050,D025,D025,delivered,2026-08-11 12:43:00,2026-08-11 13:01:00,2026-08-11 13:20:23.122966,2026-08-11 13:58:36.000000,2026-08-11 14:08:19.387813,2026-08-11 14:11:01.696364,orders_table,True,,12.428272733333333,True,True,9.723130216666668,2.7051425166666667,True,19.385382766666666,-6.957110033333333,True,0,0,False,0,False
O00569,C0655,R021,D082,D082,cancelled,2026-08-13 14:13:00,2026-08-13 14:31:00,2026-08-13 14:53:14.823896,2026-08-13 15:44:24.000000,2026-08-13 16:14:24.000000,,,False,not_delivered,,,,30.0,,False,,,,0,0,False,1,False
O00570,C0579,R034,D059,D059,delivered,2026-08-23 18:29:00,2026-08-23 18:47:00,2026-08-23 18:57:55.178669,2026-08-23 19:44:36.000000,2026-08-23 19:49:44.295416,2026-08-23 19:40:30.359754,orders_table,True,,-4.0940041,False,False,5.138256933333333,-9.232261033333334,True,10.919644483333334,-15.013648583333335,True,0,0,False,0,False
O00571,C0189,R038,D068,D068,delivered,2026-08-10 21:44:00,2026-08-10 22:02:00,2026-08-10 22:06:50.893028,2026-08-10 23:00:33.341558,2026-08-10 23:10:33.341558,2026-08-10 22:56:51.582778,orders_table,True,,-3.6959796666666667,False,False,10.0,-13.695979666666666,True,4.848217133333334,-8.5441968,False,0,0,False,1,True
O00572,C0633,R004,D070,D070,cancelled,2026-08-16 20:39:00,2026-08-16 20:57:00,2026-08-16 21:00:46.237967,2026-08-16 22:04:24.000000,2026-08-16 22:24:04.654335,,,False,not_delivered,,,,19.67757225,,False,,,,0,0,False,0,False
O00573,C0274,R019,D081,D081,delivered,2026-08-07 14:29:00,2026-08-07 14:47:00,2026-08-07 14:47:40.652836,2026-08-07 15:44:36.000000,2026-08-07 15:48:41.483313,2026-08-07 15:37:03.177501,orders_table,True,,-7.54704165,False,False,4.0913885500000005,-11.638430199999998,True,0.6775472666666666,-8.224588916666667,False,0,0,False,0,False
O00574,C0551,R045,D033,D033,delivered,2026-08-10 21:50:00,2026-08-10 22:08:00,2026-08-10 22:43:50.139209,2026-08-10 23:09:48.000000,2026-08-10 23:28:05.443841,2026-08-10 23:39:42.075043,orders_table,True,,29.901250716666667,True,True,18.290730683333333,11.610520033333334,True,35.83565348333333,-5.934402766666665,True,1,1,True,0,False
O00575,C0327,R059,D062,D062,delivered,2026-08-26 22:27:00,2026-08-26 22:45:00,2026-08-26 22:49:18.059041,2026-08-26 23:18:06.086773,2026-08-26 23:18:06.086773,2026-08-26 23:14:35.812322,orders_table,True,,-3.5045741833333333,False,False,0.0,-3.5045741833333333,True,4.300984016666666,-7.805558199999999,False,0,1,True,0,False
O00576,C0064,R033,D063,D063,delivered,2026-08-27 20:58:00,2026-08-27 21:16:00,2026-08-27 21:06:40.753343,2026-08-27 22:13:36.000000,2026-08-27 22:17:36.000000,2026-08-27 21:51:27.110822,orders_table,True,,-22.148152966666665,False,False,4.0,-26.148152966666665,True,-9.320777616666668,-12.827375349999997,False,0,0,False,0,False
O00577,C0898,R007,D017,D017,delivered,2026-08-24 13:29:00,2026-08-24 13:47:00,2026-08-24 14:00:11.775971,2026-08-24 14:48:48.000000,2026-08-24 14:59:36.814613,2026-08-24 14:56:02.387591,orders_table,True,,7.239793183333333,True,False,10.813576883333333,-3.5737837,True,13.196266183333334,-5.956473000000001,True,0,0,False,0,False
O00578,C0789,R004,D065,D065,delivered,2026-08-21 11:37:00,2026-08-21 11:55:00,2026-08-21 12:07:04.509196,2026-08-21 12:56:48.000000,2026-08-21 13:10:17.769110,2026-08-21 13:05:34.778572,orders_table,True,,8.779642866666668,True,False,13.496151833333332,-4.716508966666667,True,12.075153266666666,-3.2955103999999977,True,0,0,False,0,False
O00579,C0541,R013,D087,D087,delivered,2026-08-14 12:40:00,2026-08-14 12:58:00,2026-08-14 13:12:08.500404,2026-08-14 13:36:46.357991,2026-08-14 13:36:46.357991,2026-08-14 13:43:03.828669,orders_table,True,,6.291177966666667,True,False,0.0,6.291177966666667,True,14.1416734,-7.850495433333333,True,0,0,False,1,True
O00580,C0780,R059,D090,D090,delivered,2026-08-12 18:39:00,2026-08-12 18:57:00,2026-08-12 19:09:58.918143,2026-08-12 19:54:36.000000,2026-08-12 19:58:36.000000,2026-08-12 19:58:13.239126,orders_table,True,,3.6206521,True,False,4.0,-0.3793479,True,12.98196905,-9.361316949999999,True,0,0,False,0,False
O00581,C0537,R023,D001,D001,delivered,2026-08-24 19:08:00,2026-08-24 19:26:00,2026-08-24 19:37:35.329796,2026-08-24 19:48:25.867269,2026-08-24 19:52:25.867269,2026-08-24 19:51:39.594852,orders_table,True,,3.22879305,True,False,4.0,-0.77120695,True,11.588829933333333,-8.360036883333333,True,0,0,False,0,False
O00582,C0547,R001,D027,D027,delivered,2026-08-13 12:50:00,2026-08-13 13:08:00,2026-08-13 13:12:56.484126,2026-08-13 14:04:44.067480,2026-08-13 14:15:52.165321,2026-08-13 14:05:53.849772,orders_table,True,,1.1630382,True,False,11.134964016666666,-9.971925816666667,True,4.9414021,-3.7783639000000004,False,0,1,True,0,False
O00583,C0244,R004,D058,D058,delivered,2026-08-19 17:57:00,2026-08-19 18:15:00,2026-08-19 18:30:59.304380,2026-08-19 19:16:48.000000,2026-08-19 19:26:48.000000,2026-08-19 19:25:31.004172,orders_table,True,,8.716736200000001,True,False,10.0,-1.2832638,True,15.988406333333334,-7.271670133333332,True,0,0,False,0,False
O00584,C0107,R014,D107,D043,delivered,2026-08-26 13:15:00,2026-08-26 13:33:00,2026-08-26 13:30:32.154029,2026-08-26 14:27:48.000000,2026-08-26 14:27:51.014003,2026-08-26 14:12:35.173953,orders_table,True,,-15.21376745,False,False,0.05023338333333334,-15.264000833333334,True,-2.4640995166666664,-12.749667933333335,False,0,0,False,0,False
O00585,C0096,R042,D076,D076,delivered,2026-08-17 14:35:00,2026-08-17 14:53:00,2026-08-17 14:52:52.598199,2026-08-17 15:50:36.000000,2026-08-17 15:54:36.000000,2026-08-17 15:43:32.651260,orders_table,True,,-7.055812333333334,False,False,4.0,-11.055812333333334,True,-0.12336335,-6.932448983333334,False,0,0,False,1,False
O00586,C0894,R044,D071,D102,cancelled,2026-08-09 17:07:00,2026-08-09 17:25:00,2026-08-09 17:25:28.275819,2026-08-09 18:14:40.537771,2026-08-09 18:18:59.818900,,,False,not_delivered,,,,4.32135215,,False,,,,0,0,False,0,False
O00587,C0036,R041,D069,D069,delivered,2026-08-15 16:53:00,2026-08-15 17:11:00,2026-08-15 17:28:22.841664,2026-08-15 17:59:18.975325,2026-08-15 18:20:06.243429,2026-08-15 18:16:12.505591,driver_app,True,,16.8921711,True,True,20.787801733333332,-3.8956306333333335,True,17.3806944,-0.48852330000000066,True,0,0,False,0,False
O00588,C0740,R060,D102,D102,delivered,2026-08-16 19:25:00,2026-08-16 19:43:00,2026-08-16 19:47:23.902976,2026-08-16 20:23:27.118820,2026-08-16 20:40:58.923140,2026-08-16 20:26:42.890591,orders_table,True,,3.26286285,True,False,17.530072,-14.267209150000001,True,4.398382933333334,-1.135520083333334,False,0,0,False,1,False
O00589,C0131,R008,D040,D040,delivered,2026-08-11 21:46:00,2026-08-11 22:04:00,2026-08-11 22:13:15.837370,2026-08-11 22:48:29.456363,2026-08-11 22:54:25.097443,2026-08-11 22:51:28.197529,orders_table,True,,2.9790194333333333,True,False,5.927351333333333,-2.9483319,True,9.263956166666667,-6.284936733333334,False,0,0,False,0,False
O00590,C0539,R034,D027,D027,delivered,2026-08-03 15:44:00,2026-08-03 16:02:00,2026-08-03 16:14:52.442083,2026-08-03 17:06:18.000000,2026-08-03 17:21:18.000000,2026-08-03 17:14:50.572525,orders_table,True,,8.542875416666668,True,False,15.0,-6.457124583333334,True,12.874034716666667,-4.3311592999999995,True,0,1,True,1,True
O00591,C0799,R060,D016,D016,delivered,2026-08-16 23:20:00,2026-08-16 23:38:00,2026-08-17 00:01:40.686745,2026-08-17 00:39:48.000000,2026-08-17 00:57:47.502596,2026-08-17 00:56:26.421266,orders_table,True,,16.640354433333332,True,True,17.991709933333333,-1.3513555,True,23.678112416666668,-7.037757983333336,True,0,0,False,1,True
O00592,C0378,R024,D084,D084,delivered,2026-08-01 19:29:00,2026-08-01 19:47:00,2026-08-01 20:06:57.820186,2026-08-01 20:48:48.000000,2026-08-01 21:03:10.110250,2026-08-01 21:00:57.728203,orders_table,True,,12.162136716666668,True,True,14.368504166666666,-2.20636745,True,19.963669766666666,-7.801533049999998,True,0,1,True,0,False
O00593,C0854,R017,D079,D079,delivered,2026-08-12 17:28:00,2026-08-12 17:46:00,2026-08-12 17:58:43.163694,2026-08-12 18:44:04.783392,2026-08-12 18:54:07.903379,2026-08-12 18:52:18.250394,orders_table,True,,8.224450033333333,True,False,10.051999783333335,-1.82754975,True,12.7193949,-4.494944866666666,True,0,0,False,0,False
O00594,C0833,R036,D092,D092,delivered,2026-08-15 13:01:00,2026-08-15 13:19:00,2026-08-15 13:31:04.239079,2026-08-15 14:16:36.000000,2026-08-15 14:20:36.000000,2026-08-15 14:17:47.752027,orders_table,True,,1.1958671166666666,True,False,4.0,-2.804132883333333,True,12.070651316666666,-10.874784199999999,True,0,0,False,0,False
O00595,C0813,R034,D117,D117,delivered,2026-08-24 22:12:00,2026-08-24 22:30:00,2026-08-24 22:29:45.638022,2026-08-24 23:04:17.325140,2026-08-24 23:08:17.325140,2026-08-24 22:52:02.200041,orders_table,True,,-12.252084983333333,False,False,4.0,-16.252084983333333,True,-0.2393663,-12.012718683333333,False,0,1,True,0,False
O00596,C0241,R001,D046,D046,delivered,2026-08-08 12:06:00,2026-08-08 12:24:00,2026-08-08 12:31:11.137044,2026-08-08 13:24:06.000000,2026-08-08 13:33:06.000000,2026-08-08 13:30:38.018411,orders_table,True,,6.5336401833333335,True,False,9.0,-2.466359816666667,True,7.1856174,-0.6519772166666664,False,0,0,False,1,False
O00597,C0060,R030,D100,D100,delivered,2026-08-20 16:00:00,2026-08-20 16:18:00,2026-08-20 16:22:17.123891,2026-08-20 16:54:05.731215,2026-08-20 16:54:05.731215,2026-08-20 16:49:10.321084,orders_table,True,,-4.923502183333333,False,False,0.0,-4.923502183333333,True,4.285398183333333,-9.208900366666665,False,0,0,False,0,False
O00598,C0700,R047,D076,D076,delivered,2026-08-01 19:27:00,2026-08-01 19:45:00,2026-08-01 20:05:44.371823,2026-08-01 20:42:36.000000,2026-08-01 20:46:50.361404,2026-08-01 20:53:03.060462,orders_table,True,,10.4510077,True,True,4.2393567333333335,6.211650966666666,True,20.73953038333333,-10.288522683333332,True,0,1,True,0,False
O00599,C0293,R051,D097,D097,delivered,2026-08-22 23:53:00,2026-08-23 00:11:00,2026-08-23 00:20:58.581095,2026-08-23 00:50:08.290900,2026-08-23 00:54:58.259081,2026-08-23 00:54:50.763107,orders_table,True,,4.707870116666667,True,False,4.832803016666667,-0.1249329,True,9.976351583333333,-5.268481466666666,False,0,0,False,1,True
O00600,C0458,R023,D042,D042,delivered,2026-08-10 19:57:00,2026-08-10 20:15:00,2026-08-10 20:23:20.912298,2026-08-10 21:07:04.545520,2026-08-10 21:11:50.578245,2026-08-10 21:11:55.323320,orders_table,True,,4.8462966666666665,True,False,4.767212083333334,0.07908458333333333,True,8.3485383,-3.502241633333333,False,0,0,False,0,False
O00601,C0079,R027,D106,D106,delivered,2026-08-24 19:27:00,2026-08-24 19:45:00,2026-08-24 19:48:01.197751,2026-08-24 20:42:36.000000,2026-08-24 20:46:36.000000,2026-08-24 20:35:50.570682,orders_table,True,,-6.7571553,False,False,4.0,-10.757155299999999,True,3.019962516666667,-9.777117816666667,False,0,0,False,0,False
O00602,C0556,R047,D063,D063,delivered,2026-08-13 19:17:00,2026-08-13 19:35:00,2026-08-13 19:39:30.938345,2026-08-13 20:04:55.259090,2026-08-13 20:08:55.259090,2026-08-13 20:05:13.933308,orders_table,True,,0.31123696666666667,True,False,4.0,-3.688763033333333,True,4.515639083333334,-4.204402116666667,False,0,0,False,0,False
O00603,C0367,R011,D027,D006,delivered,2026-08-15 19:33:00,2026-08-15 19:51:00,2026-08-15 20:00:44.328039,2026-08-15 20:58:24.000000,2026-08-15 21:16:24.000000,2026-08-15 21:05:30.932046,orders_table,True,,7.1155341000000005,True,False,18.0,-10.8844659,True,9.73880065,-2.6232665499999994,False,0,0,False,1,True
O00604,C0250,R011,D046,D046,delivered,2026-08-05 17:18:00,2026-08-05 17:36:00,2026-08-05 17:49:04.110704,2026-08-05 18:34:24.500458,2026-08-05 18:44:37.686296,2026-08-05 18:36:12.749189,orders_table,True,,1.8041455166666667,True,False,10.219763966666667,-8.41561845,True,13.068511733333334,-11.264366216666668,True,0,0,False,0,False
O00605,C0478,R004,D098,D098,delivered,2026-08-12 15:43:00,2026-08-12 16:01:00,2026-08-12 16:27:11.137214,2026-08-12 16:38:34.864652,2026-08-12 16:52:39.777380,2026-08-12 16:55:22.569694,orders_table,True,,16.795084033333335,True,True,14.0818788,2.7132052333333334,True,26.185620233333335,-9.3905362,True,0,0,False,0,False
O00606,C0754,R037,D101,D101,delivered,2026-08-18 14:19:00,2026-08-18 14:37:00,2026-08-18 14:32:19.635774,2026-08-18 15:16:23.430265,2026-08-18 15:16:23.430265,2026-08-18 15:06:55.815908,orders_table,True,,-9.460239283333333,False,False,0.0,-9.460239283333333,True,-4.6727371,-4.787502183333333,False,0,0,False,0,False
O00607,C0569,R058,D060,D060,delivered,2026-08-15 17:26:00,2026-08-15 17:44:00,2026-08-15 18:20:45.520284,2026-08-15 18:44:06.000000,2026-08-15 19:02:47.023064,2026-08-15 19:11:44.274885,orders_table,True,,27.63791475,True,True,18.68371773333333,8.954197016666665,True,36.758671400000004,-9.120756650000004,True,0,0,False,0,False
O00608,C0752,R050,D054,D054,delivered,2026-08-15 20:55:00,2026-08-15 21:13:00,2026-08-15 21:16:49.772473,2026-08-15 22:07:28.291902,2026-08-15 22:21:11.070650,2026-08-15 22:09:16.438376,orders_table,True,,1.8024412333333333,True,False,13.712979133333333,-11.910537900000001,True,3.8295412166666667,-2.0270999833333336,False,0,0,False,0,False
O00609,C0292,R008,D016,D016,delivered,2026-08-17 20:03:00,2026-08-17 20:21:00,2026-08-17 20:22:18.717350,2026-08-17 21:22:48.000000,2026-08-17 21:32:48.000000,2026-08-17 21:16:46.379657,orders_table,True,,-6.027005716666666,False,False,10.0,-16.027005716666668,True,1.3119558333333332,-7.33896155,False,0,0,False,0,False
O00610,C0223,R043,D109,D109,delivered,2026-08-07 12:00:00,2026-08-07 12:18:00,2026-08-07 12:28:35.515707,2026-08-07 13:05:07.672479,2026-08-07 13:10:07.672479,2026-08-07 13:09:45.420881,driver_app,True,,4.629140033333333,True,False,5.0,-0.3708599666666667,True,10.591928450000001,-5.962788416666668,True,0,0,False,0,False
O00611,C0655,R054,D092,D092,delivered,2026-08-06 20:53:00,2026-08-06 21:11:00,2026-08-06 21:13:48.517351,2026-08-06 22:12:48.000000,2026-08-06 22:22:48.000000,2026-08-06 22:14:48.127885,orders_table,True,,2.002131416666667,True,False,10.0,-7.997868583333333,True,2.8086225166666665,-0.8064910999999997,False,0,0,False,1,False
O00612,C0519,R012,D017,D017,delivered,2026-08-16 18:18:00,2026-08-16 18:36:00,2026-08-16 18:37:26.129406,2026-08-16 19:30:40.546638,2026-08-16 19:52:40.546638,2026-08-16 19:27:32.641399,orders_table,True,,-3.131753983333333,False,False,22.0,-25.131753983333333,True,1.4354901,-4.567244083333334,False,0,0,False,0,False
O00613,C0641,R023,D065,D065,delivered,2026-08-01 19:02:00,2026-08-01 19:20:00,2026-08-01 19:52:12.737815,2026-08-01 20:09:11.598125,2026-08-01 20:25:47.610541,2026-08-01 20:36:22.506994,orders_table,True,,27.181814483333333,True,True,16.600206933333332,10.58160755,True,32.212296916666666,-5.030482433333333,True,0,1,True,1,True
O00614,C0252,R026,D027,D027,delivered,2026-08-12 22:33:00,2026-08-12 22:51:00,2026-08-12 22:44:55.920763,2026-08-12 23:46:10.415811,2026-08-12 23:50:10.415811,2026-08-12 23:35:59.692498,orders_table,True,,-10.178721883333333,False,False,4.0,-14.178721883333333,True,-6.067987283333333,-4.1107346,False,0,0,False,1,True
O00615,C0486,R043,D101,D101,delivered,2026-08-16 19:11:00,2026-08-16 19:29:00,2026-08-16 19:35:30.038637,2026-08-16 20:12:53.492482,2026-08-16 20:23:06.454684,2026-08-16 20:10:51.398826,orders_table,True,,-2.0348942666666665,False,False,10.2160367,-12.250930966666665,True,6.50064395,-8.535538216666666,False,0,1,True,0,False
O00616,C0501,R046,D004,D004,delivered,2026-08-16 22:30:00,2026-08-16 22:48:00,2026-08-16 22:46:59.821465,2026-08-16 23:32:34.279011,2026-08-16 23:37:02.211625,2026-08-16 23:26:12.055837,orders_table,True,,-6.370386233333333,False,False,4.465543566666667,-10.8359298,True,-1.0029755833333334,-5.36741065,False,0,1,True,0,False
O00617,C0638,R010,D101,D101,delivered,2026-08-15 20:38:00,2026-08-15 20:56:00,2026-08-15 20:57:55.266650,2026-08-15 21:57:48.000000,2026-08-15 22:07:48.000000,2026-08-15 21:50:07.455398,orders_table,True,,-7.675743366666667,False,False,10.0,-17.675743366666666,True,1.9211108333333333,-9.5968542,False,0,0,False,0,False
O00618,C0175,R047,D074,D074,delivered,2026-08-26 20:05:00,2026-08-26 20:23:00,2026-08-26 20:25:48.690392,2026-08-26 20:47:14.184302,2026-08-26 20:51:14.184302,2026-08-26 20:34:36.462914,orders_table,True,,-12.6286898,False,False,4.0,-16.6286898,True,2.8115065333333336,-15.440196333333333,False,0,0,False,1,True
O00619,C0384,R017,D028,D028,delivered,2026-08-24 19:31:00,2026-08-24 19:49:00,2026-08-24 20:01:36.138955,2026-08-24 20:43:48.000000,2026-08-24 20:43:48.000000,2026-08-24 20:50:16.566725,orders_table,True,,6.476112083333334,True,False,0.0,6.476112083333334,True,12.602315916666667,-6.126203833333333,True,0,1,True,1,True
O00620,C0770,R052,D070,D070,delivered,2026-08-16 14:38:00,2026-08-16 14:56:00,2026-08-16 15:05:59.946835,2026-08-16 15:53:36.000000,2026-08-16 15:57:36.000000,2026-08-16 15:53:11.448940,orders_table,True,,-0.4091843333333333,False,False,4.0,-4.409184333333333,True,9.999113916666666,-10.40829825,False,0,0,False,0,False
O00621,C0242,R031,D097,D097,delivered,2026-08-17 22:32:00,2026-08-17 22:50:00,2026-08-17 23:00:28.581700,2026-08-17 23:44:10.371988,2026-08-17 23:50:42.192505,2026-08-17 23:49:21.763184,orders_table,True,,5.189853266666666,True,False,6.5303419499999995,-1.3404886833333334,True,10.476361666666666,-5.2865084,True,0,0,False,0,False
O00622,C0024,R024,D083,D083,delivered,2026-08-24 16:48:00,2026-08-24 17:06:00,2026-08-24 17:25:12.927821,2026-08-24 18:10:18.000000,2026-08-24 18:25:18.000000,2026-08-24 18:30:23.066946,orders_table,True,,20.084449099999997,True,True,15.0,5.0844491,True,19.215463683333333,0.8689854166666642,True,0,0,False,0,False
O00623,C0004,R024,D088,D088,delivered,2026-08-20 22:56:00,2026-08-20 23:14:00,2026-08-20 23:33:47.444167,2026-08-21 00:14:06.000000,2026-08-21 00:23:06.000000,2026-08-21 00:29:51.744274,orders_table,True,,15.762404566666667,True,True,9.0,6.762404566666667,True,19.790736116666668,-4.028331550000001,True,1,1,True,1,True
O00624,C0464,R035,D003,D003,delivered,2026-08-26 13:38:00,2026-08-26 13:56:00,2026-08-26 13:53:18.995546,2026-08-26 14:44:06.388390,2026-08-26 14:54:06.388390,2026-08-26 14:33:23.868172,orders_table,True,,-10.7086703,False,False,10.0,-20.7086703,True,-2.683407566666667,-8.025262733333333,False,0,0,False,0,False
O00625,C0183,R023,D114,D114,delivered,2026-08-12 17:21:00,2026-08-12 17:39:00,2026-08-12 17:38:16.673297,2026-08-12 18:19:08.552886,2026-08-12 18:23:08.552886,2026-08-12 18:08:24.260633,orders_table,True,,-10.738204216666666,False,False,4.0,-14.738204216666666,True,-0.7221117166666667,-10.0160925,False,0,0,False,0,False
O00626,C0762,R034,D064,D064,delivered,2026-08-02 12:08:00,2026-08-02 12:26:00,2026-08-02 12:35:04.554678,2026-08-02 13:23:36.000000,2026-08-02 13:29:30.344242,2026-08-02 13:25:44.550368,orders_table,True,,2.1425061333333333,True,False,5.905737366666667,-3.7632312333333333,True,9.0759113,-6.933405166666667,False,0,0,False,1,True
O00627,C0194,R011,D041,D041,delivered,2026-08-18 14:45:00,2026-08-18 15:03:00,2026-08-18 15:17:54.062957,2026-08-18 16:04:48.000000,2026-08-18 16:15:22.658414,2026-08-18 16:12:03.440002,orders_table,True,,7.257333366666667,True,False,10.577640233333334,-3.320306866666667,True,14.901049283333332,-7.6437159166666655,True,0,0,False,0,False
O00628,C0551,R008,D071,D071,delivered,2026-08-17 12:22:00,2026-08-17 12:40:00,2026-08-17 12:48:15.760533,2026-08-17 13:41:48.000000,2026-08-17 13:51:48.000000,2026-08-17 13:39:13.750030,orders_table,True,,-2.5708328333333332,False,False,10.0,-12.570832833333332,True,8.26267555,-10.833508383333335,False,0,0,False,0,False
O00629,C0336,R010,D031,D031,delivered,2026-08-02 23:44:00,2026-08-03 00:02:00,2026-08-03 00:20:00.984679,2026-08-03 00:58:23.365798,2026-08-03 01:03:21.909389,2026-08-03 01:10:57.355045,orders_table,True,,12.56648745,True,True,4.975726516666667,7.590760933333333,True,18.016411316666666,-5.449923866666666,True,0,0,False,0,False
O00630,C0348,R055,D071,D071,cancelled,2026-08-06 19:34:00,2026-08-06 19:52:00,2026-08-06 20:07:47.152895,2026-08-06 20:46:48.000000,2026-08-06 20:49:23.403613,,,False,not_delivered,,,,2.5900602166666666,,False,,,,0,0,False,1,False
O00631,C0549,R060,D031,D031,delivered,2026-08-27 22:51:00,2026-08-27 23:09:00,2026-08-27 23:22:15.176903,2026-08-28 00:03:35.467488,2026-08-28 00:21:48.771376,2026-08-28 00:14:56.052163,orders_table,True,,11.343077916666665,True,True,18.221731466666665,-6.87865355,True,13.252948383333335,-1.9098704666666695,True,1,1,True,0,False
O00632,C0869,R041,D080,D080,delivered,2026-08-14 18:36:00,2026-08-14 18:54:00,2026-08-14 18:58:39.719478,2026-08-14 19:55:48.000000,2026-08-14 20:07:54.983469,2026-08-14 19:58:38.397358,orders_table,True,,2.8399559666666665,True,False,12.11639115,-9.276435183333332,True,4.6619912999999995,-1.822035333333333,False,0,0,False,1,True
O00633,C0257,R049,D116,D116,delivered,2026-08-13 11:17:00,2026-08-13 11:35:00,2026-08-13 11:39:35.636729,2026-08-13 12:32:36.000000,2026-08-13 12:37:49.389909,2026-08-13 12:31:40.225124,orders_table,True,,-0.9295812666666666,False,False,5.22316515,-6.152746416666667,True,4.593945483333333,-5.523526749999999,False,0,0,False,0,False
O00634,C0366,R040,D034,D034,delivered,2026-08-02 23:30:00,2026-08-02 23:48:00,2026-08-02 23:51:08.961174,2026-08-03 00:49:48.000000,2026-08-03 00:59:48.000000,2026-08-03 00:47:43.324669,orders_table,True,,-2.0779221833333335,False,False,10.0,-12.077922183333333,True,3.1493529,-5.227275083333334,False,0,0,False,0,False
O00635,C0101,R015,D053,D093,delivered,2026-08-21 13:55:00,2026-08-21 14:13:00,2026-08-21 14:24:36.863523,2026-08-21 14:52:04.560565,2026-08-21 15:08:32.597755,2026-08-21 14:54:45.250738,orders_table,True,,2.67816955,True,False,16.4672865,-13.78911695,True,11.61439205,-8.9362225,True,0,0,False,1,True
O00636,C0824,R050,D099,D099,delivered,2026-08-12 18:02:00,2026-08-12 18:20:00,2026-08-12 18:35:59.442647,2026-08-12 19:13:12.502887,2026-08-12 19:22:53.623949,2026-08-12 19:19:25.788140,orders_table,True,,6.221420883333334,True,False,9.685351033333335,-3.4639301500000004,True,15.990710783333332,-9.769289899999999,True,0,0,False,0,False
O00637,C0028,R021,D105,D105,cancelled,2026-08-14 21:23:00,2026-08-14 21:41:00,2026-08-14 21:46:44.116024,2026-08-14 22:44:36.000000,2026-08-14 23:01:38.832552,,,False,not_delivered,,,,17.0472092,,False,,,,0,0,False,0,False
O00638,C0060,R006,D039,D039,delivered,2026-08-04 19:51:00,2026-08-04 20:09:00,2026-08-04 20:14:49.024602,2026-08-04 21:06:36.000000,2026-08-04 21:10:55.045778,2026-08-04 21:01:43.274861,orders_table,True,,-4.878752316666667,False,False,4.317429633333333,-9.196181950000001,True,5.8170767,-10.695829016666668,False,0,0,False,0,False
O00639,C0234,R050,D104,D104,delivered,2026-08-03 23:14:00,2026-08-03 23:32:00,2026-08-03 23:30:48.091672,2026-08-04 00:21:09.021818,2026-08-04 00:37:09.021818,2026-08-04 00:18:48.317911,orders_table,True,,-2.3450651166666665,False,False,16.0,-18.345065116666667,True,-1.1984721333333332,-1.1465929833333333,False,0,0,False,0,False
O00640,C0022,R058,D013,D013,delivered,2026-08-26 20:23:00,2026-08-26 20:41:00,2026-08-26 20:38:42.681940,2026-08-26 21:38:36.000000,2026-08-26 21:43:00.592378,2026-08-26 21:30:07.337565,orders_table,True,,-8.47770725,False,False,4.409872966666667,-12.887580216666667,True,-2.2886343333333334,-6.1890729166666665,False,0,0,False,1,True
O00641,C0796,R038,D109,D109,delivered,2026-08-20 14:50:00,2026-08-20 15:08:00,2026-08-20 15:09:00.615247,2026-08-20 16:05:36.000000,2026-08-20 16:11:03.535851,2026-08-20 15:57:18.982115,orders_table,True,,-8.283631416666667,False,False,5.45893085,-13.742562266666665,True,1.0102541166666665,-9.293885533333334,False,0,0,False,0,False
O00642,C0072,R035,D003,D003,delivered,2026-08-05 18:40:00,2026-08-05 18:58:00,2026-08-05 19:05:53.634793,2026-08-05 19:37:31.653840,2026-08-05 19:47:31.653840,2026-08-05 19:38:30.304028,orders_table,True,,0.9775031333333334,True,False,10.0,-9.022496866666668,True,7.893913216666666,-6.916410083333333,False,0,0,False,0,False
O00643,C0070,R003,D068,D068,delivered,2026-08-06 23:08:00,2026-08-06 23:26:00,2026-08-06 23:20:45.442877,2026-08-07 00:23:36.000000,2026-08-07 00:28:01.039024,2026-08-07 00:08:52.402038,orders_table,True,,-14.726632700000001,False,False,4.417317066666667,-19.143949766666665,True,-5.242618716666667,-9.484013983333334,False,0,1,True,0,False
O00644,C0324,R047,D060,D060,delivered,2026-08-24 22:28:00,2026-08-24 22:46:00,2026-08-24 22:49:09.040092,2026-08-24 23:53:24.000000,2026-08-25 00:11:24.000000,2026-08-24 23:51:29.384358,orders_table,True,,-1.9102606999999998,False,False,18.0,-19.9102607,True,3.1506681999999997,-5.0609288999999995,False,0,0,False,1,False
O00645,C0754,R026,D051,D051,delivered,2026-08-21 18:20:00,2026-08-21 18:38:00,2026-08-21 18:48:22.771778,2026-08-21 19:35:36.000000,2026-08-21 19:40:15.163863,2026-08-21 19:39:18.353832,orders_table,True,,3.7058972000000003,True,False,4.65273105,-0.9468338500000001,True,10.379529633333334,-6.673632433333333,True,0,0,False,0,False
O00646,C0468,R011,D054,D054,delivered,2026-08-24 14:33:00,2026-08-24 14:51:00,2026-08-24 14:59:56.101248,2026-08-24 15:30:59.032573,2026-08-24 15:39:59.032573,2026-08-24 15:35:12.728665,orders_table,True,,4.2282682,True,False,9.0,-4.7717317999999995,True,8.9350208,-4.706752600000001,False,0,0,False,0,False
O00647,C0625,R026,D046,D046,delivered,2026-08-08 19:09:00,2026-08-08 19:27:00,2026-08-08 19:19:16.791586,2026-08-08 20:21:48.000000,2026-08-08 20:21:48.000000,2026-08-08 20:04:15.319432,orders_table,True,,-17.544676133333333,False,False,0.0,-17.544676133333333,True,-7.720140233333334,-9.824535899999999,False,0,0,False,0,False
O00648,C0724,R004,D032,D032,delivered,2026-08-19 17:28:00,2026-08-19 17:46:00,2026-08-19 17:41:51.630248,2026-08-19 18:26:08.386830,2026-08-19 18:35:08.386830,2026-08-19 18:16:49.536337,orders_table,True,,-9.314174883333333,False,False,9.0,-18.314174883333333,True,-4.139495866666667,-5.1746790166666665,False,0,0,False,0,False
O00649,C0501,R031,D071,D071,delivered,2026-08-24 19:22:00,2026-08-24 19:40:00,2026-08-24 19:59:36.956736,2026-08-24 20:36:47.203577,2026-08-24 20:46:47.203577,2026-08-24 20:49:29.507619,orders_table,True,,12.705067366666666,True,True,10.0,2.705067366666667,True,19.6159456,-6.910878233333333,True,0,0,False,0,False
O00650,C0580,R032,D088,D088,delivered,2026-08-17 16:53:00,2026-08-17 17:11:00,2026-08-17 17:21:13.690684,2026-08-17 18:10:29.356299,2026-08-17 18:19:29.356299,2026-08-17 18:13:15.799996,orders_table,True,,2.7740616166666663,True,False,9.0,-6.225938383333333,True,10.228178066666667,-7.454116450000001,True,0,0,False,0,False
O00651,C0388,R046,D063,D063,delivered,2026-08-05 14:56:00,2026-08-05 15:14:00,2026-08-05 15:22:25.910520,2026-08-05 16:04:05.562796,2026-08-05 16:04:48.398172,2026-08-05 16:05:44.614900,orders_table,True,,1.6508684,True,False,0.7139229333333332,0.9369454666666667,True,8.431842,-6.780973599999999,False,0,1,True,1,True
O00652,C0313,R018,D070,D070,delivered,2026-08-17 19:11:00,2026-08-17 19:29:00,2026-08-17 19:34:54.444886,2026-08-17 20:33:18.000000,2026-08-17 20:48:18.000000,2026-08-17 20:37:19.431933,orders_table,True,,4.02386555,True,False,15.0,-10.97613445,True,5.907414766666666,-1.8835492166666663,False,0,0,False,1,True
O00653,C0004,R027,D031,D031,delivered,2026-08-10 17:28:00,2026-08-10 17:46:00,2026-08-10 18:06:28.179613,2026-08-10 18:43:36.000000,2026-08-10 18:53:24.151273,2026-08-10 18:56:20.354889,orders_table,True,,12.73924815,True,True,9.802521216666666,2.9367269333333335,True,20.469660216666668,-7.730412066666668,True,0,0,False,1,True
O00654,C0355,R046,D021,D021,delivered,2026-08-28 20:03:00,2026-08-28 20:21:00,2026-08-28 20:14:31.841459,2026-08-28 21:18:36.000000,2026-08-28 21:22:36.000000,2026-08-28 21:05:27.717699,orders_table,True,,-13.138038349999999,False,False,4.0,-17.13803835,True,-6.469309016666667,-6.6687293333333315,False,0,0,False,1,False
O00655,C0087,R036,D040,D040,delivered,2026-08-14 14:56:00,2026-08-14 15:14:00,2026-08-14 15:14:10.315476,2026-08-14 16:00:05.737524,2026-08-14 16:01:50.579408,2026-08-14 15:51:45.158735,orders_table,True,,-8.342979816666666,False,False,1.7473647333333333,-10.09034455,True,0.1719246,-8.514904416666667,False,0,0,False,0,False
O00656,C0601,R008,D102,D102,delivered,2026-08-23 16:22:00,2026-08-23 16:40:00,2026-08-23 16:47:40.409195,2026-08-23 17:20:22.945690,2026-08-23 17:30:22.945690,2026-08-23 17:21:18.254018,orders_table,True,,0.9218054666666667,True,False,10.0,-9.078194533333335,True,7.673486583333333,-6.751681116666666,False,0,0,False,0,False
O00657,C0423,R007,D059,D059,delivered,2026-08-14 14:46:00,2026-08-14 15:04:00,2026-08-14 15:02:40.004540,2026-08-14 16:01:36.000000,2026-08-14 16:05:36.381596,2026-08-14 15:51:16.486355,orders_table,True,,-10.325227416666667,False,False,4.006359933333333,-14.331587350000001,True,-1.3332576666666667,-8.99196975,False,0,0,False,0,False
O00658,C0571,R027,D062,D062,delivered,2026-08-24 12:50:00,2026-08-24 13:08:00,2026-08-24 13:16:36.238801,2026-08-24 13:52:18.432766,2026-08-24 13:56:18.432766,2026-08-24 13:50:56.507933,orders_table,True,,-1.3654138833333334,False,False,4.0,-5.365413883333333,True,8.603980016666666,-9.9693939,False,0,0,False,0,False
O00659,C0459,R025,D067,D067,delivered,2026-08-27 19:19:00,2026-08-27 19:37:00,2026-08-27 19:39:02.553680,2026-08-27 20:14:31.204656,2026-08-27 20:25:55.510168,2026-08-27 20:08:59.514658,orders_table,True,,-5.528166633333333,False,False,11.405091866666668,-16.9332585,True,2.0425613333333335,-7.5707279666666665,False,0,0,False,1,True
O00660,C0512,R049,D075,D075,delivered,2026-08-18 18:24:00,2026-08-18 18:42:00,2026-08-18 18:38:39.443772,2026-08-18 19:06:37.574738,2026-08-18 19:06:37.574738,2026-08-18 18:51:08.724287,orders_table,True,,-15.48084085,False,False,0.0,-15.48084085,True,-3.3426038,-12.13823705,False,0,1,True,0,False
O00661,C0302,R040,D004,D004,delivered,2026-08-10 16:51:00,2026-08-10 17:09:00,2026-08-10 17:09:12.204981,2026-08-10 18:10:48.000000,2026-08-10 18:20:48.000000,2026-08-10 18:01:25.931589,orders_table,True,,-9.36780685,False,False,10.0,-19.36780685,True,0.20341635,-9.571223199999999,False,0,0,False,0,False
O00662,C0597,R012,D035,D035,delivered,2026-08-14 16:21:00,2026-08-14 16:39:00,2026-08-14 16:33:39.162031,2026-08-14 17:27:05.279303,2026-08-14 17:37:15.556818,2026-08-14 17:14:28.554403,orders_table,True,,-12.612081666666667,False,False,10.171291916666666,-22.783373583333333,True,-5.347299483333333,-7.264782183333334,False,0,0,False,0,False
O00663,C0062,R025,D041,D041,delivered,2026-08-18 21:46:00,2026-08-18 22:04:00,2026-08-18 22:10:33.073355,2026-08-18 22:58:48.000000,2026-08-18 22:58:48.000000,2026-08-18 22:54:30.736366,orders_table,True,,-4.287727233333333,False,False,0.0,-4.287727233333333,True,6.551222583333333,-10.838949816666666,False,0,0,False,0,False
O00664,C0807,R025,D109,D109,delivered,2026-08-06 19:33:00,2026-08-06 19:51:00,2026-08-06 19:53:10.277990,2026-08-06 20:24:30.499027,2026-08-06 20:29:43.042948,2026-08-06 20:16:01.047215,orders_table,True,,-8.490863533333334,False,False,5.20906535,-13.699928883333333,True,2.1712998333333333,-10.662163366666668,False,0,0,False,0,False
O00665,C0127,R040,D010,D010,delivered,2026-08-26 19:45:00,2026-08-26 20:03:00,2026-08-26 20:10:19.094743,2026-08-26 21:00:36.000000,2026-08-26 21:07:47.927011,2026-08-26 21:05:25.365216,orders_table,True,,4.8227535999999995,True,False,7.1987835166666665,-2.3760299166666665,True,7.318245716666667,-2.495492116666667,False,0,0,False,0,False
O00666,C0456,R027,D007,D007,delivered,2026-08-10 19:12:00,2026-08-10 19:30:00,2026-08-10 19:55:07.056130,2026-08-10 20:24:01.157591,2026-08-10 20:35:34.857500,2026-08-10 20:41:41.404723,orders_table,True,,17.670785533333333,True,True,11.561665150000001,6.109120383333333,True,25.117602166666664,-7.446816633333331,True,0,1,True,1,False
O00667,C0660,R017,D069,D069,delivered,2026-08-27 22:27:00,2026-08-27 22:45:00,2026-08-27 22:44:25.279535,2026-08-27 23:42:36.000000,2026-08-27 23:46:36.000000,2026-08-27 23:33:23.327084,orders_table,True,,-9.211215266666667,False,False,4.0,-13.211215266666667,True,-0.5786744166666666,-8.63254085,False,0,0,False,0,False
O00668,C0839,R030,D008,D008,delivered,2026-08-09 18:08:00,2026-08-09 18:26:00,2026-08-09 18:31:50.942260,2026-08-09 19:21:15.312913,2026-08-09 19:31:43.492516,2026-08-09 19:25:51.974151,orders_table,True,,4.611020633333334,True,False,10.46966005,-5.858639416666667,True,5.849037666666666,-1.2380170333333318,False,0,0,False,1,False
O00669,C0149,R021,D055,D055,delivered,2026-08-03 22:39:00,2026-08-03 22:57:00,2026-08-03 23:00:11.782784,2026-08-03 23:51:48.000000,2026-08-03 23:51:48.000000,2026-08-03 23:46:22.238162,orders_table,True,,-5.429363966666667,False,False,0.0,-5.429363966666667,True,3.196379733333333,-8.625743700000001,False,0,0,False,0,False
O00670,C0560,R010,D036,D036,delivered,2026-08-13 19:22:00,2026-08-13 19:40:00,2026-08-13 19:51:23.286197,2026-08-13 20:37:36.000000,2026-08-13 20:41:36.000000,2026-08-13 20:40:18.554366,orders_table,True,,2.709239433333333,True,False,4.0,-1.2907605666666666,True,11.388103283333333,-8.678863849999999,True,0,0,False,0,False
O00671,C0270,R004,D034,D034,delivered,2026-08-14 19:11:00,2026-08-14 19:29:00,2026-08-14 19:30:22.737086,2026-08-14 20:14:45.651482,2026-08-14 20:15:45.141618,2026-08-14 20:07:04.825586,orders_table,True,,-7.6804316,False,False,0.9915022666666666,-8.671933866666667,True,1.3789514333333335,-9.059383033333333,False,0,0,False,0,False
O00672,C0743,R053,D070,D070,delivered,2026-08-12 18:00:00,2026-08-12 18:18:00,2026-08-12 18:31:20.432321,2026-08-12 18:48:55.594127,2026-08-12 18:52:55.594127,2026-08-12 18:57:34.534755,driver_app,True,,8.649010466666665,True,False,4.0,4.649010466666667,True,13.340538683333333,-4.6915282166666685,True,0,0,False,0,False
O00673,C0311,R025,D068,D068,delivered,2026-08-27 11:45:00,2026-08-27 12:03:00,2026-08-27 12:09:48.488818,2026-08-27 13:16:24.000000,2026-08-27 13:48:39.094081,2026-08-27 13:26:53.590387,orders_table,True,,10.493173116666666,True,True,32.25156801666667,-21.7583949,True,6.8081469666666665,3.6850261499999997,False,0,0,False,1,False
O00674,C0657,R003,D073,D073,delivered,2026-08-23 20:55:00,2026-08-23 21:13:00,2026-08-23 21:06:34.646676,2026-08-23 22:14:48.000000,2026-08-23 22:24:48.000000,2026-08-23 22:01:58.023233,orders_table,True,,-12.832946116666667,False,False,10.0,-22.83294611666667,True,-6.422555399999999,-6.410390716666668,False,0,0,False,0,False
O00675,C0415,R012,D004,D004,delivered,2026-08-22 21:20:00,2026-08-22 21:38:00,2026-08-22 21:33:54.197606,2026-08-22 22:12:54.791369,2026-08-22 22:23:43.922151,2026-08-22 22:07:36.893745,driver_app,True,,-5.298293733333334,False,False,10.818846366666666,-16.1171401,True,-4.096706566666667,-1.201587166666667,False,0,0,False,0,False
O00676,C0496,R040,D012,D012,delivered,2026-08-17 13:17:00,2026-08-17 13:35:00,2026-08-17 13:45:56.243355,2026-08-17 14:29:48.000000,2026-08-17 14:29:48.000000,2026-08-17 14:31:55.386814,orders_table,True,,2.1231135666666665,True,False,0.0,2.1231135666666665,True,10.937389249999999,-8.814275683333332,True,0,0,False,0,False
O00677,C0671,R052,D055,D055,delivered,2026-08-15 12:58:00,2026-08-15 13:16:00,2026-08-15 13:11:20.351496,2026-08-15 14:00:46.300536,2026-08-15 14:00:46.300536,2026-08-15 13:39:30.933555,orders_table,True,,-21.25611635,False,False,0.0,-21.25611635,True,-4.6608084,-16.59530795,False,0,0,False,0,False
O00678,C0075,R017,D113,D113,delivered,2026-08-28 13:48:00,2026-08-28 14:06:00,2026-08-28 14:21:34.657910,2026-08-28 14:43:05.777129,2026-08-28 14:55:00.548142,2026-08-28 14:55:15.036102,orders_table,True,,12.154316216666667,True,True,11.912850216666667,0.241466,True,15.577631833333333,-3.4233156166666667,True,0,0,False,0,False
O00679,C0448,R007,D048,D108,delivered,2026-08-09 12:22:00,2026-08-09 12:40:00,2026-08-09 12:45:29.036565,2026-08-09 13:37:36.000000,2026-08-09 13:42:34.954845,2026-08-09 13:37:09.813470,orders_table,True,,-0.4364421666666667,False,False,4.9825807499999994,-5.419022916666666,True,5.48394275,-5.920384916666666,False,0,0,False,1,True
O00680,C0672,R054,D050,D050,delivered,2026-08-22 20:13:00,2026-08-22 20:31:00,2026-08-22 20:29:09.376993,2026-08-22 21:34:36.000000,2026-08-22 21:50:36.000000,2026-08-22 21:28:36.747943,orders_table,True,,-5.987534283333333,False,False,16.0,-21.987534283333332,True,-1.8437167833333334,-4.143817499999999,False,0,0,False,0,False
O00681,C0375,R011,D064,D064,delivered,2026-08-21 13:08:00,2026-08-21 13:26:00,2026-08-21 13:34:46.665969,2026-08-21 14:18:38.536581,2026-08-21 14:22:38.536581,2026-08-21 14:19:39.550357,orders_table,True,,1.0168962666666668,True,False,4.0,-2.983103733333333,True,8.77776615,-7.760869883333333,False,0,0,False,1,True
O00682,C0579,R011,D070,D070,delivered,2026-08-11 19:06:00,2026-08-11 19:24:00,2026-08-11 19:37:29.401030,2026-08-11 20:18:48.000000,2026-08-11 20:18:48.000000,2026-08-11 20:28:08.675678,orders_table,True,,9.344594633333333,True,False,0.0,9.344594633333333,True,13.490017166666666,-4.145422533333333,True,0,0,False,0,False
O00683,C0612,R003,D079,D079,delivered,2026-08-10 11:59:00,2026-08-10 12:17:00,2026-08-10 12:13:15.329628,2026-08-10 13:18:48.000000,2026-08-10 13:29:50.143938,2026-08-10 13:07:59.666191,orders_table,True,,-10.805563483333334,False,False,11.035732300000001,-21.841295783333333,True,-3.7445061999999996,-7.061057283333334,False,0,0,False,1,False
O00684,C0331,R002,D043,D043,delivered,2026-08-23 22:12:00,2026-08-23 22:30:00,2026-08-23 22:39:16.388994,2026-08-23 23:26:50.748754,2026-08-23 23:51:45.653311,2026-08-23 23:38:55.550446,orders_table,True,,12.0800282,True,True,24.915075950000002,-12.83504775,True,9.2731499,2.8068782999999993,False,1,0,True,0,False
O00685,C0447,R052,D010,D022,delivered,2026-08-10 12:15:00,2026-08-10 12:33:00,2026-08-10 12:52:13.935651,2026-08-10 13:13:49.086225,2026-08-10 13:26:26.564364,2026-08-10 13:28:27.437930,orders_table,True,,14.639195083333334,True,True,12.62463565,2.0145594333333334,True,19.23226085,-4.593065766666665,True,0,0,False,0,False
O00686,C0704,R003,D076,D076,delivered,2026-08-25 22:24:00,2026-08-25 22:42:00,2026-08-25 23:09:31.990446,2026-08-25 23:36:48.000000,2026-08-25 23:44:19.815508,2026-08-25 23:53:06.895848,orders_table,True,,16.3149308,True,True,7.530258466666667,8.784672333333333,True,27.5331741,-11.218243300000001,True,1,0,True,0,False
O00687,C0150,R023,D068,D068,delivered,2026-08-20 13:15:00,2026-08-20 13:33:00,2026-08-20 13:33:27.207494,2026-08-20 14:30:36.000000,2026-08-20 14:34:36.000000,2026-08-20 14:26:24.003040,orders_table,True,,-4.1999493333333335,False,False,4.0,-8.199949333333333,True,0.45345823333333335,-4.653407566666667,False,0,0,False,0,False
O00688,C0221,R057,D062,D062,cancelled,2026-08-11 17:11:00,2026-08-11 17:29:00,2026-08-11 17:36:27.340829,2026-08-11 18:04:19.003665,2026-08-11 18:08:22.026855,,,False,not_delivered,,,,4.0503865,,False,,,,0,0,False,0,False
O00689,C0876,R031,D117,D117,delivered,2026-08-06 13:43:00,2026-08-06 14:01:00,2026-08-06 14:11:48.303196,2026-08-06 14:58:36.000000,2026-08-06 15:02:36.000000,2026-08-06 15:03:40.794540,orders_table,True,,5.079909,True,False,4.0,1.079909,True,10.805053266666667,-5.725144266666667,True,0,1,True,0,False
O00690,C0667,R041,D112,D112,delivered,2026-08-16 19:42:00,2026-08-16 20:00:00,2026-08-16 19:52:41.707133,2026-08-16 20:50:05.375812,2026-08-16 20:54:05.375812,2026-08-16 20:34:57.537609,orders_table,True,,-15.130636716666666,False,False,4.0,-19.130636716666668,True,-7.3048811166666665,-7.8257556,False,0,0,False,1,False
O00691,C0153,R005,D047,D047,delivered,2026-08-14 18:24:00,2026-08-14 18:42:00,2026-08-14 19:00:37.857673,2026-08-14 19:43:48.000000,2026-08-14 20:02:47.111398,2026-08-14 19:57:00.665974,orders_table,True,,13.211099566666666,True,True,18.985189966666667,-5.7740904,True,18.630961216666666,-5.41986165,True,0,0,False,0,False
O00692,C0838,R050,D075,D042,delivered,2026-08-22 17:27:00,2026-08-22 17:45:00,2026-08-22 17:56:32.417163,2026-08-22 18:24:35.950824,2026-08-22 18:30:28.031767,2026-08-22 18:34:26.876100,orders_table,True,,9.848754600000001,True,False,5.868015716666666,3.9807388833333333,True,11.540286049999999,-1.6915314499999976,True,0,1,True,0,False
O00693,C0492,R060,D042,D042,delivered,2026-08-18 12:46:00,2026-08-18 13:04:00,2026-08-18 13:06:58.692694,2026-08-18 13:40:24.287274,2026-08-18 13:40:24.287274,2026-08-18 13:26:09.934731,orders_table,True,,-14.23920905,False,False,0.0,-14.23920905,True,2.9782115666666664,-17.217420616666665,False,0,0,False,1,True
O00694,C0853,R042,D087,D087,cancelled,2026-08-04 17:46:00,2026-08-04 18:04:00,2026-08-04 18:09:50.774006,2026-08-04 19:01:18.000000,2026-08-04 19:08:05.993524,,,False,not_delivered,,,,6.799892066666667,,False,,,,0,0,False,0,False
O00695,C0311,R023,D027,D027,delivered,2026-08-24 19:56:00,2026-08-24 20:14:00,2026-08-24 20:22:31.035411,2026-08-24 21:11:18.000000,2026-08-24 21:16:18.000000,2026-08-24 21:12:29.234492,orders_table,True,,1.1872415333333335,True,False,5.0,-3.8127584666666667,True,8.51725685,-7.3300153166666675,False,0,0,False,1,False
O00696,C0898,R058,D048,D048,delivered,2026-08-25 22:17:00,2026-08-25 22:35:00,2026-08-25 22:44:15.228122,2026-08-25 23:36:48.000000,2026-08-25 23:47:28.200956,2026-08-25 23:39:04.674316,orders_table,True,,2.2779052666666666,True,False,10.670015933333334,-8.392110666666666,True,9.253802033333333,-6.975896766666667,False,0,0,False,0,False
O00697,C0865,R049,D032,D032,delivered,2026-08-09 18:50:00,2026-08-09 19:08:00,2026-08-09 19:15:45.697428,2026-08-09 19:51:56.021285,2026-08-09 20:10:13.666025,2026-08-09 19:54:57.574359,orders_table,True,,3.025884566666667,True,False,18.294079,-15.268194433333333,True,7.7616238,-4.735739233333333,False,0,0,False,0,False
O00698,C0480,R005,D044,D044,delivered,2026-08-11 17:28:00,2026-08-11 17:46:00,2026-08-11 17:59:34.552606,2026-08-11 18:43:18.000000,2026-08-11 18:49:57.706183,2026-08-11 18:50:49.771908,orders_table,True,,7.5295318,True,False,6.661769716666667,0.8677620833333334,True,13.575876766666665,-6.046344966666665,True,0,1,True,0,False
O00699,C0805,R022,D064,D064,delivered,2026-08-25 16:43:00,2026-08-25 17:01:00,2026-08-25 16:58:22.952223,2026-08-25 17:42:46.708511,2026-08-25 17:46:46.708511,2026-08-25 17:24:42.021807,orders_table,True,,-18.078111733333333,False,False,4.0,-22.078111733333333,True,-2.6174629499999997,-15.460648783333333,False,0,1,True,0,False
O00700,C0750,R020,D096,D096,delivered,2026-08-04 12:13:00,2026-08-04 12:31:00,2026-08-04 12:35:55.247931,2026-08-04 13:16:28.765091,2026-08-04 13:16:28.765091,2026-08-04 13:12:55.297232,orders_table,True,,-3.55779765,False,False,0.0,-3.55779765,True,4.92079885,-8.4785965,False,0,0,False,1,False
O00701,C0049,R042,D043,D043,delivered,2026-08-12 19:42:00,2026-08-12 20:00:00,2026-08-12 20:23:35.033457,2026-08-12 21:07:48.000000,2026-08-12 21:32:10.885889,2026-08-12 21:31:05.478888,orders_table,True,,23.291314800000002,True,True,24.381431483333333,-1.0901166833333333,True,23.58389095,-0.2925761499999986,True,0,0,False,0,False
O00702,C0532,R045,D097,D097,delivered,2026-08-10 11:53:00,2026-08-10 12:11:00,2026-08-10 12:18:36.564459,2026-08-10 13:08:36.000000,2026-08-10 13:12:50.534693,2026-08-10 13:06:59.951589,orders_table,True,,-1.6008068500000001,False,False,4.242244883333333,-5.843051733333334,True,7.60940765,-9.2102145,False,0,0,False,1,True
O00703,C0740,R044,D056,D056,delivered,2026-08-20 18:05:00,2026-08-20 18:23:00,2026-08-20 18:29:23.014769,2026-08-20 19:02:43.236342,2026-08-20 19:08:51.241523,2026-08-20 19:03:25.516936,orders_table,True,,0.7046765666666667,True,False,6.133419683333333,-5.428743116666666,True,6.3835794833333335,-5.678902916666667,False,0,0,False,0,False
O00704,C0167,R007,D010,D010,delivered,2026-08-21 17:32:00,2026-08-21 17:50:00,2026-08-21 17:56:09.637684,2026-08-21 18:54:18.000000,2026-08-21 19:09:18.000000,2026-08-21 18:58:35.354887,orders_table,True,,4.289248116666667,True,False,15.0,-10.710751883333334,True,6.160628066666666,-1.8713799499999988,False,0,0,False,1,True
O00705,C0359,R051,D063,D063,delivered,2026-08-22 19:15:00,2026-08-22 19:33:00,2026-08-22 19:44:59.282527,2026-08-22 20:22:03.744202,2026-08-22 20:46:53.914442,2026-08-22 20:28:49.296173,orders_table,True,,6.7591995166666665,True,False,24.836170666666664,-18.076971150000002,True,11.988042116666666,-5.228842599999999,True,0,0,False,0,False
O00706,C0855,R035,D020,D020,delivered,2026-08-22 17:33:00,2026-08-22 17:51:00,2026-08-22 18:18:39.429252,2026-08-22 18:49:47.434100,2026-08-22 19:18:19.576209,2026-08-22 19:19:23.063748,orders_table,True,,29.593827466666667,True,True,28.535701816666666,1.05812565,True,27.657154199999997,1.93667326666667,True,0,1,True,0,False
O00707,C0182,R007,D070,D070,delivered,2026-08-27 20:02:00,2026-08-27 20:20:00,2026-08-27 20:21:21.869699,2026-08-27 21:17:36.000000,2026-08-27 21:21:36.000000,2026-08-27 21:08:44.825761,orders_table,True,,-8.852903983333333,False,False,4.0,-12.852903983333333,True,1.3644949833333333,-10.217398966666666,False,0,0,False,0,False
O00708,C0722,R034,D120,D120,delivered,2026-08-22 17:58:00,2026-08-22 18:16:00,2026-08-22 18:13:41.034742,2026-08-22 19:13:36.000000,2026-08-22 19:17:36.706817,2026-08-22 19:04:12.618710,orders_table,True,,-9.389688166666668,False,False,4.011780283333334,-13.401468450000001,True,-2.3160876333333333,-7.073600533333334,False,0,0,False,0,False
O00709,C0221,R025,D080,D080,delivered,2026-08-19 15:02:00,2026-08-19 15:20:00,2026-08-19 15:23:15.044873,2026-08-19 16:03:57.835297,2026-08-19 16:13:57.835297,2026-08-19 15:56:54.354474,orders_table,True,,-7.058013716666666,False,False,10.0,-17.058013716666668,True,3.250747883333333,-10.3087616,False,0,0,False,0,False
O00710,C0075,R024,D110,D110,delivered,2026-08-23 13:38:00,2026-08-23 13:56:00,2026-08-23 14:21:38.892885,2026-08-23 14:50:46.665400,2026-08-23 14:58:46.417252,2026-08-23 15:10:51.738795,orders_table,True,,20.08455658333333,True,True,7.9958642,12.088692383333333,True,25.64821475,-5.56365816666667,True,1,0,True,0,False
O00711,C0786,R055,D001,D001,delivered,2026-08-17 16:23:00,2026-08-17 16:41:00,2026-08-17 16:41:33.445791,2026-08-17 17:41:06.000000,2026-08-17 17:50:49.304468,2026-08-17 17:44:49.825297,orders_table,True,,3.730421616666667,True,False,9.721741133333333,-5.991319516666667,True,0.55742985,3.1729917666666667,False,0,0,False,0,False
O00712,C0266,R053,D108,D108,delivered,2026-08-04 19:22:00,2026-08-04 19:40:00,2026-08-04 19:53:25.449060,2026-08-04 20:37:36.000000,2026-08-04 20:41:36.000000,2026-08-04 20:43:35.540849,orders_table,True,,5.992347483333333,True,False,4.0,1.9923474833333332,True,13.424151,-7.431803516666667,True,0,0,False,0,False
O00713,C0860,R032,D100,D100,delivered,2026-08-11 18:17:00,2026-08-11 18:35:00,2026-08-11 18:30:44.673610,2026-08-11 19:30:02.075895,2026-08-11 19:34:02.075895,2026-08-11 19:18:07.358062,orders_table,True,,-11.911963883333334,False,False,4.0,-15.911963883333334,True,-4.255439833333333,-7.656524050000001,False,0,0,False,0,False
O00714,C0373,R060,D101,D101,delivered,2026-08-23 19:11:00,2026-08-23 19:29:00,2026-08-23 19:32:28.589612,2026-08-23 20:01:28.359327,2026-08-23 20:01:28.359327,2026-08-23 19:51:50.052904,orders_table,True,,-9.638440383333334,False,False,0.0,-9.638440383333334,True,3.476493533333333,-13.114933916666667,False,0,1,True,1,True
O00715,C0215,R040,D005,D005,delivered,2026-08-04 18:50:00,2026-08-04 19:08:00,2026-08-04 19:37:49.890100,2026-08-04 20:05:18.000000,2026-08-04 20:18:03.917375,2026-08-04 20:23:23.526089,orders_table,True,,18.092101483333334,True,True,12.765289583333333,5.3268119,True,29.831501666666668,-11.739400183333334,True,1,1,True,0,False
O00716,C0604,R010,D050,D050,delivered,2026-08-04 20:28:00,2026-08-04 20:46:00,2026-08-04 20:49:28.613577,2026-08-04 21:24:26.207942,2026-08-04 21:34:26.207942,2026-08-04 21:22:20.020393,driver_app,True,,-2.1031258166666666,False,False,10.0,-12.103125816666667,True,3.47689295,-5.580018766666667,False,0,0,False,0,False
O00717,C0407,R034,D110,D110,delivered,2026-08-21 16:55:00,2026-08-21 17:13:00,2026-08-21 17:16:08.715359,2026-08-21 17:57:25.091415,2026-08-21 18:01:25.091415,2026-08-21 17:54:36.109108,orders_table,True,,-2.816371783333333,False,False,4.0,-6.8163717833333335,True,3.1452559833333336,-5.961627766666666,False,0,0,False,1,True
O00718,C0225,R050,D011,D011,delivered,2026-08-25 17:19:00,2026-08-25 17:37:00,2026-08-25 17:33:47.477896,2026-08-25 18:25:28.563290,2026-08-25 18:32:02.041008,2026-08-25 18:17:24.831645,orders_table,True,,-8.062194083333333,False,False,6.557961966666666,-14.62015605,True,-3.2087017333333336,-4.85349235,False,0,0,False,1,False
O00719,C0365,R027,D019,D019,delivered,2026-08-20 14:43:00,2026-08-20 15:01:00,2026-08-20 15:01:09.657647,2026-08-20 15:55:48.000000,2026-08-20 15:55:48.000000,2026-08-20 15:52:39.429944,orders_table,True,,-3.1428342666666667,False,False,0.0,-3.1428342666666667,True,0.16096078333333336,-3.30379505,False,0,0,False,0,False
O00720,C0402,R017,D083,D083,delivered,2026-08-10 17:19:00,2026-08-10 17:37:00,2026-08-10 17:42:04.369516,2026-08-10 18:24:33.153874,2026-08-10 18:29:11.033553,2026-08-10 18:20:47.303443,orders_table,True,,-3.7641738499999997,False,False,4.631327983333334,-8.395501833333334,True,5.072825266666666,-8.836999116666666,False,0,0,False,0,False
O00721,C0346,R045,D051,D051,delivered,2026-08-23 14:42:00,2026-08-23 15:00:00,2026-08-23 15:06:55.328935,2026-08-23 15:49:03.249046,2026-08-23 15:59:03.249046,2026-08-23 15:49:11.461488,orders_table,True,,0.1368740333333333,True,False,10.0,-9.863125966666667,True,6.922148916666667,-6.785274883333334,False,0,0,False,1,False
O00722,C0351,R026,D117,D117,delivered,2026-08-24 19:02:00,2026-08-24 19:20:00,2026-08-24 19:10:36.789006,2026-08-24 20:07:17.182992,2026-08-24 20:17:17.182992,2026-08-24 19:50:47.388114,orders_table,True,,-16.4965813,False,False,10.0,-26.4965813,True,-9.3868499,-7.109731399999999,False,0,0,False,0,False
O00723,C0467,R028,D068,D068,delivered,2026-08-05 21:04:00,2026-08-05 21:22:00,2026-08-05 21:15:24.433874,2026-08-05 22:19:36.000000,2026-08-05 22:23:45.768101,2026-08-05 22:04:30.928322,orders_table,True,,-15.084527966666666,False,False,4.162801683333333,-19.247329649999998,True,-6.592768766666667,-8.4917592,False,0,0,False,0,False
O00724,C0188,R054,D026,D026,delivered,2026-08-10 19:08:00,2026-08-10 19:26:00,2026-08-10 19:28:49.217409,2026-08-10 20:27:48.000000,2026-08-10 20:37:48.000000,2026-08-10 20:23:28.350600,orders_table,True,,-4.32749,False,False,10.0,-14.327490000000001,True,2.82029015,-7.14778015,False,0,0,False,0,False
O00725,C0812,R041,D087,D087,delivered,2026-08-11 14:45:00,2026-08-11 15:03:00,2026-08-11 15:12:02.616646,2026-08-11 16:00:36.000000,2026-08-11 16:04:36.000000,2026-08-11 16:06:04.781484,orders_table,True,,5.479691399999999,True,False,4.0,1.4796914,True,9.043610766666665,-3.563919366666666,False,0,1,True,0,False
O00726,C0638,R004,D108,D108,delivered,2026-08-01 18:02:00,2026-08-01 18:20:00,2026-08-01 18:43:08.770732,2026-08-01 19:13:15.838996,2026-08-01 19:36:15.838996,2026-08-01 19:36:09.046726,orders_table,True,,22.8867955,True,True,23.0,-0.1132045,True,23.146178866666666,-0.2593833666666647,True,1,0,True,0,False
O00727,C0435,R020,D097,D097,delivered,2026-08-28 21:36:00,2026-08-28 21:54:00,2026-08-28 21:57:15.880817,2026-08-28 23:01:24.000000,2026-08-28 23:19:24.000000,2026-08-28 22:58:08.128808,orders_table,True,,-3.264519866666667,False,False,18.0,-21.264519866666667,True,3.2646802833333335,-6.52920015,False,0,0,False,1,False
O00728,C0557,R024,D063,D063,cancelled,2026-08-11 18:49:00,2026-08-11 19:07:00,2026-08-11 19:21:46.086787,2026-08-11 20:08:27.108654,2026-08-11 20:24:21.869087,,,False,not_delivered,,,,15.912673883333333,,False,,,,0,0,False,0,False
O00729,C0448,R031,D089,D089,delivered,2026-08-01 14:27:00,2026-08-01 14:45:00,2026-08-01 14:46:39.635948,2026-08-01 15:37:36.925134,2026-08-01 15:42:36.925134,2026-08-01 15:35:20.137360,orders_table,True,,-2.2797962333333337,False,False,5.0,-7.279796233333333,True,1.6605991333333334,-3.9403953666666673,False,0,0,False,0,False
O00730,C0484,R036,D052,D052,delivered,2026-08-04 11:38:00,2026-08-04 11:56:00,2026-08-04 12:27:16.743951,2026-08-04 13:03:24.000000,2026-08-04 13:26:43.394550,2026-08-04 13:30:31.284573,orders_table,True,,27.12140955,True,True,23.3232425,3.7981670500000004,True,31.27906585,-4.157656299999999,True,0,0,False,0,False
O00731,C0760,R045,D052,D052,delivered,2026-08-15 12:24:00,2026-08-15 12:42:00,2026-08-15 12:58:15.545692,2026-08-15 13:39:18.000000,2026-08-15 13:44:18.000000,2026-08-15 13:48:49.162171,orders_table,True,,9.519369516666666,True,False,5.0,4.519369516666667,True,16.25909486666667,-6.739725350000002,True,0,0,False,0,False
O00732,C0789,R011,D070,D070,delivered,2026-08-19 20:07:00,2026-08-19 20:25:00,2026-08-19 20:26:56.295221,2026-08-19 21:19:48.000000,2026-08-19 21:20:54.968349,2026-08-19 21:13:17.315605,orders_table,True,,-6.511406583333334,False,False,1.11613915,-7.627545733333333,True,1.9382536833333333,-8.449660266666667,False,0,0,False,1,False
O00733,C0189,R036,D045,D045,delivered,2026-08-13 20:25:00,2026-08-13 20:43:00,2026-08-13 20:49:40.118744,2026-08-13 21:50:24.000000,2026-08-13 22:08:24.000000,2026-08-13 21:49:33.606687,orders_table,True,,-0.83988855,False,False,18.0,-18.83988855,True,6.668645733333333,-7.508534283333333,False,0,0,False,0,False
O00734,C0127,R013,D065,D065,cancelled,2026-08-16 11:17:00,2026-08-16 11:35:00,2026-08-16 12:05:43.924278,2026-08-16 12:39:18.000000,2026-08-16 13:02:14.731376,,,False,not_delivered,,,,22.945522933333333,,False,,,,0,0,False,0,False
O00735,C0027,R041,D118,D118,delivered,2026-08-23 18:02:00,2026-08-23 18:20:00,2026-08-23 18:19:21.490271,2026-08-23 19:17:18.000000,2026-08-23 19:22:18.000000,2026-08-23 19:15:59.094478,orders_table,True,,-1.3150920333333334,False,False,5.0,-6.315092033333333,True,-0.6418288166666667,-0.6732632166666667,False,0,0,False,0,False
O00736,C0657,R032,D055,D055,delivered,2026-08-04 20:01:00,2026-08-04 20:19:00,2026-08-04 20:33:47.264567,2026-08-04 21:16:36.000000,2026-08-04 21:20:36.000000,2026-08-04 21:22:48.158388,orders_table,True,,6.2026398,True,False,4.0,2.2026398,True,14.787742783333334,-8.585102983333334,True,0,1,True,0,False
O00737,C0824,R027,D048,D048,delivered,2026-08-20 20:10:00,2026-08-20 20:28:00,2026-08-20 21:14:02.973657,2026-08-20 21:11:15.896462,2026-08-20 21:11:52.264491,2026-08-20 21:47:32.398594,orders_table,True,,36.27503553333334,True,True,0.6061338166666667,35.66890171666667,True,46.04956095,-9.774525416666663,True,1,0,True,0,False
O00738,C0299,R009,D067,D067,delivered,2026-08-09 13:42:00,2026-08-09 14:00:00,2026-08-09 14:28:18.417236,2026-08-09 15:03:36.000000,2026-08-09 15:19:36.000000,2026-08-09 15:23:35.138833,orders_table,True,,19.985647216666667,True,True,16.0,3.9856472166666665,True,28.306953933333332,-8.321306716666665,True,1,0,True,0,False
O00739,C0291,R025,D034,D034,delivered,2026-08-13 16:39:00,2026-08-13 16:57:00,2026-08-13 17:20:24.270820,2026-08-13 17:40:02.990505,2026-08-13 17:40:31.041445,2026-08-13 17:53:45.742225,orders_table,True,,13.712528666666666,True,True,0.46751566666666666,13.245013,True,23.404513666666666,-9.691985,True,0,0,False,1,True
O00740,C0583,R011,D036,D036,delivered,2026-08-24 22:02:00,2026-08-24 22:20:00,2026-08-24 22:21:21.986158,2026-08-24 23:24:18.000000,2026-08-24 23:39:18.000000,2026-08-24 23:22:56.765140,driver_app,True,,-1.3539143333333332,False,False,15.0,-16.353914333333332,True,1.3664359666666668,-2.7203502999999998,False,0,0,False,0,False
O00741,C0617,R043,D108,D108,delivered,2026-08-28 20:36:00,2026-08-28 20:54:00,2026-08-28 21:02:14.607969,2026-08-28 21:57:36.000000,2026-08-28 22:16:32.083395,2026-08-28 22:04:34.315050,orders_table,True,,6.9719175,True,False,18.93472325,-11.96280575,True,8.24346615,-1.2715486499999997,False,0,0,False,0,False
O00742,C0474,R024,D049,D049,delivered,2026-08-18 18:06:00,2026-08-18 18:24:00,2026-08-18 18:32:29.352281,2026-08-18 19:25:48.000000,2026-08-18 19:35:48.000000,2026-08-18 19:27:27.003529,orders_table,True,,1.6500588166666668,True,False,10.0,-8.349941183333334,True,8.489204683333334,-6.839145866666668,False,0,0,False,0,False
O00743,C0733,R018,D110,D110,delivered,2026-08-05 21:19:00,2026-08-05 21:37:00,2026-08-05 21:41:13.132804,2026-08-05 22:01:23.249920,2026-08-05 22:05:23.249920,2026-08-05 21:57:54.570280,orders_table,True,,-3.4779940000000003,False,False,4.0,-7.477994,True,4.218880066666666,-7.696874066666666,False,0,0,False,0,False
O00744,C0623,R040,D036,D036,delivered,2026-08-17 19:09:00,2026-08-17 19:27:00,2026-08-17 19:47:49.390972,2026-08-17 20:16:05.244459,2026-08-17 20:26:34.078631,2026-08-17 20:31:06.521654,orders_table,True,,15.021286583333334,True,True,10.480569533333332,4.54071705,True,20.823182866666667,-5.801896283333333,True,0,1,True,0,False
O00745,C0373,R006,D093,D093,delivered,2026-08-25 19:34:00,2026-08-25 19:52:00,2026-08-25 19:43:54.233320,2026-08-25 20:51:24.592917,2026-08-25 21:10:28.164437,2026-08-25 20:44:02.820432,orders_table,True,,-7.3628747500000005,False,False,19.059525333333333,-26.422400083333333,True,-8.096111333333333,0.7332365833333325,False,0,0,False,1,False
O00746,C0834,R025,D120,D120,delivered,2026-08-22 16:59:00,2026-08-22 17:17:00,2026-08-22 17:32:04.876510,2026-08-22 18:18:48.000000,2026-08-22 18:37:22.952682,2026-08-22 18:33:28.728529,orders_table,True,,14.678808816666667,True,True,18.582544700000003,-3.9037358833333333,True,15.081275166666668,-0.40246635000000097,True,0,0,False,1,False
O00747,C0764,R007,D106,D106,delivered,2026-08-27 17:14:00,2026-08-27 17:32:00,2026-08-27 17:55:26.787252,2026-08-27 18:39:24.000000,2026-08-27 18:57:24.000000,2026-08-27 18:56:15.803340,orders_table,True,,16.863389,True,True,18.0,-1.1366109999999998,True,23.4464542,-6.5830652,True,1,1,True,0,False
O00748,C0576,R017,D059,D059,delivered,2026-08-04 20:38:00,2026-08-04 20:56:00,2026-08-04 20:53:00.296795,2026-08-04 21:53:36.000000,2026-08-04 21:57:36.000000,2026-08-04 21:47:31.311921,orders_table,True,,-6.07813465,False,False,4.0,-10.07813465,True,-2.9950534166666665,-3.0830812333333335,False,0,0,False,0,False
O00749,C0597,R056,D077,D077,delivered,2026-08-04 19:27:00,2026-08-04 19:45:00,2026-08-04 19:50:04.551110,2026-08-04 20:45:06.000000,2026-08-04 20:54:06.000000,2026-08-04 20:42:58.892445,orders_table,True,,-2.11845925,False,False,9.0,-11.11845925,True,5.075851833333333,-7.194311083333333,False,0,0,False,1,True
O00750,C0792,R037,D054,D054,delivered,2026-08-09 21:46:00,2026-08-09 22:04:00,2026-08-09 21:57:39.329555,2026-08-09 22:46:36.078780,2026-08-09 22:50:36.078780,2026-08-09 22:31:55.191315,orders_table,True,,-14.68145775,False,False,4.0,-18.68145775,True,-6.344507416666667,-8.336950333333334,False,0,0,False,1,False
O00751,C0153,R005,D005,D005,delivered,2026-08-25 20:31:00,2026-08-25 20:49:00,2026-08-25 20:52:45.757355,2026-08-25 21:49:06.000000,2026-08-25 21:58:06.000000,2026-08-25 21:46:24.179864,orders_table,True,,-2.6970022666666664,False,False,9.0,-11.697002266666667,True,3.762622583333333,-6.459624849999999,False,0,0,False,1,False
O00752,C0879,R029,D075,D075,delivered,2026-08-19 19:57:00,2026-08-19 20:15:00,2026-08-19 20:38:39.450503,2026-08-19 21:15:06.000000,2026-08-19 21:24:06.000000,2026-08-19 21:38:45.600934,orders_table,True,,23.66001556666667,True,True,9.0,14.660015566666667,True,23.657508383333333,0.002507183333335661,True,1,0,True,0,False
O00753,C0446,R013,D108,D108,delivered,2026-08-04 16:26:00,2026-08-04 16:44:00,2026-08-04 16:40:45.052178,2026-08-04 17:20:59.336629,2026-08-04 17:32:33.563785,2026-08-04 17:15:55.030876,orders_table,True,,-5.07176255,False,False,11.570452600000001,-16.642215150000002,True,-3.249130366666667,-1.822632183333333,False,0,0,False,0,False
O00754,C0725,R040,D106,D106,delivered,2026-08-21 15:50:00,2026-08-21 16:08:00,2026-08-21 16:02:36.138036,2026-08-21 17:02:48.000000,2026-08-21 17:02:48.000000,2026-08-21 16:46:57.316552,orders_table,True,,-15.844724133333333,False,False,0.0,-15.844724133333333,True,-5.3976994,-10.447024733333333,False,0,0,False,1,False
O00755,C0710,R004,D108,D108,delivered,2026-08-24 20:14:00,2026-08-24 20:32:00,2026-08-24 20:50:46.000931,2026-08-24 21:17:15.438321,2026-08-24 21:23:01.102060,2026-08-24 21:30:22.228010,orders_table,True,,13.113161483333332,True,True,5.761062316666667,7.352099166666666,True,18.766682183333334,-5.653520700000001,True,1,0,True,1,True
O00756,C0693,R037,D118,D118,delivered,2026-08-11 11:12:00,2026-08-11 11:30:00,2026-08-11 11:44:34.061733,2026-08-11 12:19:11.380514,2026-08-11 12:28:14.984531,2026-08-11 12:33:10.430233,orders_table,True,,13.984161983333333,True,True,9.06006695,4.924095033333333,True,14.56769555,-0.5835335666666666,True,1,0,True,0,False
O00757,C0785,R020,D055,D055,delivered,2026-08-22 17:16:00,2026-08-22 17:34:00,2026-08-22 17:35:33.242540,2026-08-22 18:23:30.486647,2026-08-22 18:23:30.486647,2026-08-22 18:08:29.719161,orders_table,True,,-15.012791433333332,False,False,0.0,-15.012791433333332,True,1.5540423333333335,-16.566833766666665,False,0,0,False,1,False
O00758,C0726,R014,D035,D035,delivered,2026-08-27 11:35:00,2026-08-27 11:53:00,2026-08-27 12:11:01.285443,2026-08-27 12:49:57.848279,2026-08-27 13:09:05.719097,2026-08-27 13:01:41.495780,orders_table,True,,11.727458350000001,True,True,19.1311803,-7.40372195,True,18.02142405,-6.293965699999999,True,0,1,True,0,False
O00759,C0732,R022,D105,D105,delivered,2026-08-14 18:36:00,2026-08-14 18:54:00,2026-08-14 19:01:18.936750,2026-08-14 19:33:16.109887,2026-08-14 19:33:16.109887,2026-08-14 19:31:19.440433,orders_table,True,,-1.9444909000000001,False,False,0.0,-1.9444909000000001,True,7.3156125,-9.2601034,False,0,0,False,0,False
O00760,C0020,R029,D019,D019,delivered,2026-08-08 16:22:00,2026-08-08 16:40:00,2026-08-08 16:33:22.357902,2026-08-08 17:34:48.000000,2026-08-08 17:35:50.005480,2026-08-08 17:16:03.127967,orders_table,True,,-18.74786721666667,False,False,1.0334246666666667,-19.78129188333333,True,-6.6273683,-12.12049891666667,False,0,0,False,0,False
O00761,C0636,R029,D037,D037,delivered,2026-08-23 19:35:00,2026-08-23 19:53:00,2026-08-23 20:01:58.706677,2026-08-23 20:39:37.101339,2026-08-23 20:49:52.755708,2026-08-23 20:43:04.841933,orders_table,True,,3.4623432333333333,True,False,10.26090615,-6.798562916666667,True,8.978444616666668,-5.516101383333334,False,0,0,False,0,False
O00762,C0653,R055,D018,D018,delivered,2026-08-12 18:45:00,2026-08-12 19:03:00,2026-08-12 19:27:33.570541,2026-08-12 19:57:48.000000,2026-08-12 20:06:06.089291,2026-08-12 20:15:10.932354,orders_table,True,,17.3822059,True,True,8.301488183333333,9.080717716666667,True,24.559509016666667,-7.177303116666668,True,0,1,True,0,False
O00763,C0790,R001,D008,D008,delivered,2026-08-18 19:19:00,2026-08-18 19:37:00,2026-08-18 19:49:02.188572,2026-08-18 20:34:36.000000,2026-08-18 20:39:47.639860,2026-08-18 20:40:02.777993,orders_table,True,,5.446299883333333,True,False,5.193997666666666,0.2523022166666667,True,12.036476200000001,-6.590176316666668,True,0,0,False,0,False
O00764,C0097,R020,D097,D097,delivered,2026-08-04 20:04:00,2026-08-04 20:22:00,2026-08-04 20:33:04.317338,2026-08-04 21:07:33.240327,2026-08-04 21:20:13.890748,2026-08-04 21:11:01.062942,orders_table,True,,3.46371025,True,False,12.677507016666668,-9.213796766666666,True,11.071955633333333,-7.608245383333333,True,0,0,False,0,False
O00765,C0359,R002,D045,D045,delivered,2026-08-04 16:06:00,2026-08-04 16:24:00,2026-08-04 16:45:50.239618,2026-08-04 17:31:24.000000,2026-08-04 17:52:44.447394,2026-08-04 17:44:53.730909,orders_table,True,,13.49551515,True,True,21.3407899,-7.84527475,True,21.83732696666667,-8.34181181666667,True,0,0,False,0,False
O00766,C0864,R060,D032,D079,delivered,2026-08-06 15:12:00,2026-08-06 15:30:00,2026-08-06 15:27:54.319759,2026-08-06 16:25:27.791776,2026-08-06 16:41:27.898331,2026-08-06 16:20:57.640517,orders_table,True,,-4.502520983333333,False,False,16.001775916666666,-20.5042969,True,-2.0946706833333333,-2.4078502999999993,False,0,0,False,0,False
O00767,C0425,R005,D012,D012,delivered,2026-08-17 11:20:00,2026-08-17 11:38:00,2026-08-17 11:40:57.438230,2026-08-17 12:35:36.000000,2026-08-17 12:39:36.000000,2026-08-17 12:33:15.486807,orders_table,True,,-2.34188655,False,False,4.0,-6.34188655,True,2.9573038333333335,-5.299190383333333,False,0,0,False,1,True
O00768,C0772,R050,D063,D063,delivered,2026-08-05 19:36:00,2026-08-05 19:54:00,2026-08-05 19:51:12.154057,2026-08-05 20:31:51.738157,2026-08-05 20:32:04.851507,2026-08-05 20:18:47.085068,orders_table,True,,-13.077551483333334,False,False,0.21855583333333334,-13.296107316666667,True,-2.797432383333333,-10.2801191,False,0,0,False,0,False
O00769,C0318,R036,D093,D093,delivered,2026-08-10 12:43:00,2026-08-10 13:01:00,2026-08-10 13:02:04.868032,2026-08-10 13:48:01.621138,2026-08-10 13:48:26.289052,2026-08-10 13:42:32.216168,orders_table,True,,-5.490082833333333,False,False,0.4111319,-5.901214733333333,True,1.0811338666666666,-6.5712167,False,0,0,False,1,False
O00770,C0003,R003,D007,D007,delivered,2026-08-05 15:52:00,2026-08-05 16:10:00,2026-08-05 16:39:32.593766,2026-08-05 17:10:06.000000,2026-08-05 17:22:37.697726,2026-08-05 17:31:25.050399,orders_table,True,,21.31750665,True,True,12.528295433333334,8.789211216666667,True,29.543229433333334,-8.225722783333335,True,0,0,False,0,False
O00771,C0474,R006,D018,D018,delivered,2026-08-17 18:44:00,2026-08-17 19:02:00,2026-08-17 19:11:00.404681,2026-08-17 19:48:44.450797,2026-08-17 19:53:42.335351,2026-08-17 19:45:49.263517,orders_table,True,,-2.9197879999999996,False,False,4.964742566666667,-7.884530566666667,True,9.006744683333332,-11.926532683333331,False,0,0,False,0,False
O00772,C0833,R044,D030,D030,cancelled,2026-08-10 18:50:00,2026-08-10 19:08:00,2026-08-10 19:11:17.253555,2026-08-10 20:09:48.000000,2026-08-10 20:21:21.668484,,,False,not_delivered,,,,11.5611414,,False,,,,0,0,False,1,False
O00773,C0030,R014,D018,D018,delivered,2026-08-19 20:36:00,2026-08-19 20:54:00,2026-08-19 20:59:40.931381,2026-08-19 21:51:22.697384,2026-08-19 21:55:50.820760,2026-08-19 21:42:47.957262,orders_table,True,,-8.579002033333333,False,False,4.468722933333334,-13.047724966666667,True,5.682189683333333,-14.261191716666666,False,0,0,False,0,False
O00774,C0260,R028,D011,D011,delivered,2026-08-07 12:11:00,2026-08-07 12:29:00,2026-08-07 12:51:26.356018,2026-08-07 13:30:48.000000,2026-08-07 13:45:08.412366,2026-08-07 13:47:56.328332,driver_app,True,,17.138805533333333,True,True,14.3402061,2.7985994333333335,True,22.439266966666665,-5.300461433333332,True,0,0,False,0,False
O00775,C0072,R049,D059,D019,delivered,2026-08-08 19:58:00,2026-08-08 20:16:00,2026-08-08 20:37:50.918485,2026-08-08 21:23:48.000000,2026-08-08 21:46:03.886982,2026-08-08 21:46:49.642917,orders_table,True,,23.02738195,True,True,22.264783033333334,0.7625989166666667,True,21.848641416666666,1.1787405333333325,True,1,0,True,0,False
O00776,C0554,R057,D085,D085,delivered,2026-08-21 20:17:00,2026-08-21 20:35:00,2026-08-21 20:43:32.880478,2026-08-21 21:29:38.238547,2026-08-21 21:33:38.238547,2026-08-21 21:32:38.791439,orders_table,True,,3.009214866666667,True,False,4.0,-0.9907851333333333,True,8.548007966666667,-5.5387930999999995,False,0,0,False,1,False
O00777,C0525,R030,D009,D009,delivered,2026-08-04 12:57:00,2026-08-04 13:15:00,2026-08-04 13:25:51.550886,2026-08-04 14:11:37.510782,2026-08-04 14:21:37.510782,2026-08-04 14:16:59.926145,orders_table,True,,5.373589383333334,True,False,10.0,-4.626410616666666,True,10.859181433333333,-5.485592049999999,True,0,0,False,1,True
O00778,C0068,R059,D015,D015,delivered,2026-08-27 21:12:00,2026-08-27 21:30:00,2026-08-27 21:23:21.947918,2026-08-27 22:37:24.000000,2026-08-27 22:55:24.000000,2026-08-27 22:30:35.745486,orders_table,True,,-6.804241899999999,False,False,18.0,-24.8042419,True,-6.634201366666667,-0.17004053333333236,False,0,0,False,0,False
O00779,C0105,R048,D012,D012,delivered,2026-08-15 20:28:00,2026-08-15 20:46:00,2026-08-15 20:47:04.194043,2026-08-15 21:43:36.000000,2026-08-15 21:47:36.000000,2026-08-15 21:39:22.881851,orders_table,True,,-4.218635816666667,False,False,4.0,-8.218635816666668,True,1.0699007166666665,-5.288536533333334,False,0,0,False,1,True
O00780,C0580,R036,D027,D027,delivered,2026-08-21 12:24:00,2026-08-21 12:42:00,2026-08-21 13:02:30.269415,2026-08-21 13:36:48.000000,2026-08-21 13:41:47.795924,2026-08-21 13:47:44.301327,orders_table,True,,10.93835545,True,True,4.996598733333333,5.941756716666666,True,20.50449025,-9.5661348,True,0,0,False,0,False
O00781,C0103,R019,D103,D103,delivered,2026-08-22 12:33:00,2026-08-22 12:51:00,2026-08-22 13:11:17.309762,2026-08-22 13:48:36.000000,2026-08-22 13:54:02.886389,2026-08-22 14:01:40.289785,orders_table,True,,13.071496416666667,True,True,5.4481064833333335,7.623389933333333,True,20.288496033333335,-7.2169996166666674,True,0,0,False,1,True
O00782,C0559,R053,D092,D092,delivered,2026-08-25 18:54:00,2026-08-25 19:12:00,2026-08-25 19:31:41.016480,2026-08-25 20:09:36.000000,2026-08-25 20:13:36.000000,2026-08-25 20:26:27.625735,orders_table,True,,16.860428916666667,True,True,4.0,12.860428916666667,True,19.683608,-2.823179083333333,True,1,0,True,1,True
O00783,C0572,R053,D103,D103,delivered,2026-08-21 18:58:00,2026-08-21 19:16:00,2026-08-21 19:25:11.099307,2026-08-21 19:48:38.615429,2026-08-21 19:58:38.615429,2026-08-21 19:47:18.538610,orders_table,True,,-1.33461365,False,False,10.0,-11.33461365,True,9.184988449999999,-10.519602099999998,False,0,0,False,0,False
O00784,C0825,R027,D030,D030,delivered,2026-08-05 11:26:00,2026-08-05 11:44:00,2026-08-05 11:43:07.308343,2026-08-05 12:45:48.000000,2026-08-05 12:56:36.239971,2026-08-05 12:33:12.348862,orders_table,True,,-12.594185633333332,False,False,10.803999516666666,-23.39818515,True,-0.8781942833333333,-11.71599135,False,0,0,False,0,False
O00785,C0384,R015,D036,D036,delivered,2026-08-13 13:33:00,2026-08-13 13:51:00,2026-08-13 13:46:53.944491,2026-08-13 14:44:41.801794,2026-08-13 14:44:41.801794,2026-08-13 14:31:48.226974,orders_table,True,,-12.892913666666667,False,False,0.0,-12.892913666666667,True,-4.10092515,-8.791988516666667,False,0,0,False,0,False
O00786,C0058,R052,D090,D090,delivered,2026-08-15 16:53:00,2026-08-15 17:11:00,2026-08-15 17:26:00.215629,2026-08-15 18:16:50.039491,2026-08-15 18:41:21.631661,2026-08-15 18:32:55.357258,orders_table,True,,16.08862945,True,True,24.526536166666666,-8.437906716666667,True,15.003593816666667,1.085035633333332,True,0,0,False,0,False
O00787,C0418,R025,D105,D105,delivered,2026-08-22 18:09:00,2026-08-22 18:27:00,2026-08-22 18:51:05.680015,2026-08-22 19:16:49.628537,2026-08-22 19:28:54.027936,2026-08-22 19:33:51.211983,orders_table,True,,17.026390766666665,True,True,12.073323316666666,4.953067450000001,True,24.094666916666664,-7.068276149999999,True,0,0,False,0,False
O00788,C0500,R004,D001,D001,delivered,2026-08-03 11:58:00,2026-08-03 12:16:00,2026-08-03 12:16:34.129996,2026-08-03 12:58:44.604010,2026-08-03 13:10:56.813380,2026-08-03 12:53:19.748456,orders_table,True,,-5.4142592333333335,False,False,12.2034895,-17.617748733333332,True,0.5688332666666667,-5.9830925,False,0,0,False,0,False
O00789,C0534,R037,D010,D010,delivered,2026-08-19 22:28:00,2026-08-19 22:46:00,2026-08-19 22:52:17.016511,2026-08-19 23:25:47.500868,2026-08-19 23:31:23.106636,2026-08-19 23:26:50.309739,orders_table,True,,1.0468145166666667,True,False,5.593429466666667,-4.54661495,True,6.283608516666666,-5.236794,False,0,0,False,0,False
O00790,C0587,R013,D115,D115,delivered,2026-08-08 23:42:00,2026-08-09 00:00:00,2026-08-09 00:25:30.735137,2026-08-09 00:44:42.126566,2026-08-09 01:11:12.093194,2026-08-09 01:17:28.350692,orders_table,True,,32.7704021,True,True,26.499443799999998,6.2709583,True,25.512252283333332,7.258149816666666,True,0,0,False,0,False
O00791,C0666,R052,D054,D054,delivered,2026-08-22 18:56:00,2026-08-22 19:14:00,2026-08-22 19:21:19.971964,2026-08-22 19:50:15.468385,2026-08-22 19:55:28.588915,2026-08-22 19:56:57.274536,orders_table,True,,6.696769183333333,True,False,5.2186755,1.4780936833333334,True,7.332866066666667,-0.6360968833333338,False,0,0,False,1,True
O00792,C0871,R007,D071,D071,delivered,2026-08-26 12:38:00,2026-08-26 12:56:00,2026-08-26 12:51:33.252962,2026-08-26 14:03:24.000000,2026-08-26 14:22:19.339329,2026-08-26 13:52:04.417150,orders_table,True,,-11.326380833333333,False,False,18.92232215,-30.24870298333333,True,-4.445783966666666,-6.880596866666667,False,0,0,False,0,False
O00793,C0830,R060,D003,D003,delivered,2026-08-02 19:44:00,2026-08-02 20:02:00,2026-08-02 20:28:01.009030,2026-08-02 20:59:36.000000,2026-08-02 21:03:36.000000,2026-08-02 21:19:10.505173,orders_table,True,,19.575086216666666,True,True,4.0,15.575086216666667,True,26.016817166666666,-6.44173095,True,0,1,True,0,False
O00794,C0613,R012,D066,D066,delivered,2026-08-13 14:30:00,2026-08-13 14:48:00,2026-08-13 15:03:35.288797,2026-08-13 15:21:32.869605,2026-08-13 15:28:01.538977,2026-08-13 15:33:10.618217,orders_table,True,,11.629143533333332,True,True,6.477822866666667,5.151320666666667,True,15.588146616666668,-3.959003083333336,True,0,0,False,0,False
O00795,C0254,R021,D027,D017,delivered,2026-08-10 15:58:00,2026-08-10 16:16:00,2026-08-10 16:25:21.368073,2026-08-10 17:06:26.846220,2026-08-10 17:10:26.846220,2026-08-10 17:08:24.326801,orders_table,True,,1.9580096833333334,True,False,4.0,-2.041990316666667,True,9.35613455,-7.398124866666667,False,0,0,False,0,False
O00796,C0417,R031,D106,D106,delivered,2026-08-25 12:04:00,2026-08-25 12:22:00,2026-08-25 12:22:20.492725,2026-08-25 13:16:48.000000,2026-08-25 13:17:13.368457,2026-08-25 13:07:51.497438,orders_table,True,,-8.941709366666666,False,False,0.42280761666666666,-9.364516983333335,True,0.34154541666666666,-9.283254783333334,False,0,0,False,1,True
O00797,C0011,R020,D075,D075,delivered,2026-08-07 22:59:00,2026-08-07 23:17:00,2026-08-07 23:45:18.076888,2026-08-08 00:05:37.188606,2026-08-08 00:06:15.439618,2026-08-08 00:25:12.099724,orders_table,True,,19.581851966666665,True,True,0.6375168666666667,18.9443351,True,28.30128146666667,-8.719429500000004,True,0,0,False,0,False
O00798,C0371,R027,D033,D033,cancelled,2026-08-20 19:30:00,2026-08-20 19:48:00,2026-08-20 20:06:42.086028,2026-08-20 20:45:36.000000,2026-08-20 20:49:36.000000,,,False,not_delivered,,,,4.0,,False,,,,0,0,False,0,False
O00799,C0009,R031,D077,D077,delivered,2026-08-09 13:34:00,2026-08-09 13:52:00,2026-08-09 14:15:15.409140,2026-08-09 14:34:23.826486,2026-08-09 14:46:51.706339,2026-08-09 14:47:41.983965,orders_table,True,,13.30262465,True,True,12.464664216666668,0.8379604333333333,True,23.256819,-9.95419435,True,0,0,False,1,False
O00800,C0723,R008,D078,D045,delivered,2026-08-27 17:15:00,2026-08-27 17:33:00,2026-08-27 17:41:16.151633,2026-08-27 18:10:18.736927,2026-08-27 18:14:18.736927,2026-08-27 18:08:35.250131,orders_table,True,,-1.7247799333333333,False,False,4.0,-5.724779933333334,True,8.269193883333333,-9.993973816666667,False,0,0,False,0,False
O00801,C0331,R058,D079,D079,delivered,2026-08-03 16:49:00,2026-08-03 17:07:00,2026-08-03 17:28:13.097305,2026-08-03 18:10:00.692513,2026-08-03 18:28:00.692513,2026-08-03 18:25:02.853593,orders_table,True,,15.036018,True,True,18.0,-2.963982,True,21.218288416666667,-6.182270416666666,True,0,0,False,0,False
O00802,C0888,R048,D082,D082,delivered,2026-08-08 19:02:00,2026-08-08 19:20:00,2026-08-08 19:15:11.015379,2026-08-08 20:06:42.929344,2026-08-08 20:16:42.929344,2026-08-08 19:57:15.530533,orders_table,True,,-9.45664685,False,False,10.0,-19.456646850000002,True,-4.81641035,-4.6402365,False,0,0,False,0,False
O00803,C0880,R046,D055,D055,delivered,2026-08-28 13:20:00,2026-08-28 13:38:00,2026-08-28 13:58:12.321913,2026-08-28 14:34:17.043488,2026-08-28 14:49:16.299261,2026-08-28 14:46:40.708937,orders_table,True,,12.394424149999999,True,True,14.987596216666667,-2.593172066666667,True,20.205365216666667,-7.810941066666668,True,0,1,True,0,False
O00804,C0031,R057,D092,D092,delivered,2026-08-11 14:31:00,2026-08-11 14:49:00,2026-08-11 15:00:57.746943,2026-08-11 15:39:42.615644,2026-08-11 15:45:35.109418,2026-08-11 15:41:33.345375,orders_table,True,,1.8454955166666667,True,False,5.874896233333333,-4.029400716666666,True,11.96244905,-10.116953533333334,True,0,0,False,0,False
O00805,C0661,R057,D025,D025,delivered,2026-08-04 12:20:00,2026-08-04 12:38:00,2026-08-04 12:57:56.674996,2026-08-04 13:16:57.835589,2026-08-04 13:33:07.236262,2026-08-04 13:26:32.600756,orders_table,True,,9.57941945,True,False,16.156677883333334,-6.577258433333333,True,19.944583266666665,-10.365163816666666,True,0,0,False,0,False
O00806,C0885,R023,D024,D024,delivered,2026-08-10 17:23:00,2026-08-10 17:41:00,2026-08-10 17:41:37.378173,2026-08-10 18:44:56.888901,2026-08-10 19:01:41.519777,2026-08-10 18:44:34.522024,orders_table,True,,-0.3727812833333333,False,False,16.74384793333333,-17.11662921666667,True,0.62296955,-0.9957508333333334,False,0,0,False,0,False
O00807,C0327,R056,D077,D077,delivered,2026-08-16 20:35:00,2026-08-16 20:53:00,2026-08-16 20:56:49.509629,2026-08-16 21:53:06.000000,2026-08-16 22:02:06.000000,2026-08-16 21:54:29.554123,orders_table,True,,1.3925687166666667,True,False,9.0,-7.607431283333333,True,3.8251604833333333,-2.4325917666666665,False,0,0,False,0,False
O00808,C0392,R032,D071,D071,delivered,2026-08-01 16:56:00,2026-08-01 17:14:00,2026-08-01 17:44:46.475284,2026-08-01 18:08:48.000000,2026-08-01 18:11:49.650409,2026-08-01 18:37:12.128398,orders_table,True,,28.402139966666667,True,True,3.0275068166666665,25.37463315,True,30.77458806666667,-2.3724481000000033,True,0,0,False,1,True
O00809,C0864,R002,D008,D008,delivered,2026-08-02 18:14:00,2026-08-02 18:32:00,2026-08-02 18:30:19.683728,2026-08-02 19:33:48.000000,2026-08-02 19:43:48.000000,2026-08-02 19:23:30.952729,orders_table,True,,-10.284121183333333,False,False,10.0,-20.284121183333333,True,-1.6719378666666667,-8.612183316666666,False,0,0,False,0,False
O00810,C0274,R013,D111,D111,delivered,2026-08-20 19:18:00,2026-08-20 19:36:00,2026-08-20 19:39:08.541100,2026-08-20 20:17:16.391855,2026-08-20 20:27:16.391855,2026-08-20 20:12:43.050330,orders_table,True,,-4.555692083333333,False,False,10.0,-14.555692083333334,True,3.142351666666667,-7.69804375,False,0,0,False,0,False
O00811,C0729,R018,D024,D024,delivered,2026-08-25 17:23:00,2026-08-25 17:41:00,2026-08-25 18:04:59.204959,2026-08-25 18:34:34.384124,2026-08-25 18:50:16.683120,2026-08-25 18:48:33.957100,orders_table,True,,13.992882933333334,True,True,15.704983266666666,-1.7121003333333333,True,23.986749316666664,-9.99386638333333,True,0,0,False,1,True
O00812,C0575,R023,D094,D094,delivered,2026-08-05 16:01:00,2026-08-05 16:19:00,2026-08-05 16:19:11.638441,2026-08-05 17:09:02.949961,2026-08-05 17:15:52.000954,2026-08-05 16:57:25.524261,orders_table,True,,-11.623761666666667,False,False,6.81751655,-18.441278216666667,True,0.19397401666666667,-11.817735683333334,False,0,0,False,1,False
O00813,C0304,R034,D087,D087,delivered,2026-08-25 18:56:00,2026-08-25 19:14:00,2026-08-25 19:15:50.488199,2026-08-25 20:11:36.000000,2026-08-25 20:15:36.000000,2026-08-25 20:06:57.402485,orders_table,True,,-4.643291916666667,False,False,4.0,-8.643291916666668,True,1.8414699833333332,-6.4847619,False,0,0,False,0,False
O00814,C0765,R008,D011,D011,delivered,2026-08-03 17:48:00,2026-08-03 18:06:00,2026-08-03 18:40:11.960955,2026-08-03 18:26:39.219860,2026-08-03 18:33:43.673405,2026-08-03 18:49:02.169069,orders_table,True,,22.382486816666667,True,True,7.07422575,15.308261066666667,True,34.19934925,-11.81686243333333,True,0,0,False,0,False
O00815,C0873,R032,D074,D074,delivered,2026-08-08 14:41:00,2026-08-08 14:59:00,2026-08-08 14:57:27.174449,2026-08-08 16:00:48.000000,2026-08-08 16:12:54.300659,2026-08-08 15:59:06.699578,orders_table,True,,-1.6883403666666665,False,False,12.105010983333333,-13.79335135,True,-1.5470925166666667,-0.14124784999999984,False,0,0,False,0,False
O00816,C0306,R053,D102,D102,delivered,2026-08-22 17:32:00,2026-08-22 17:50:00,2026-08-22 18:01:50.470523,2026-08-22 18:34:36.897195,2026-08-22 18:46:20.865189,2026-08-22 18:41:37.075833,orders_table,True,,7.0029772999999995,True,False,11.7327999,-4.7298226,True,11.841175383333333,-4.838198083333333,True,0,0,False,0,False
O00817,C0727,R030,D035,D035,delivered,2026-08-06 17:09:00,2026-08-06 17:27:00,2026-08-06 17:22:57.435562,2026-08-06 18:27:06.000000,2026-08-06 18:36:06.000000,2026-08-06 18:20:37.792251,orders_table,True,,-6.47012915,False,False,9.0,-15.47012915,True,-4.0427406333333336,-2.4273885166666664,False,0,0,False,0,False
O00818,C0790,R053,D089,D089,delivered,2026-08-10 18:28:00,2026-08-10 18:46:00,2026-08-10 18:43:38.754949,2026-08-10 19:36:47.165486,2026-08-10 19:40:47.165486,2026-08-10 19:25:30.039218,orders_table,True,,-11.2854378,False,False,4.0,-15.2854378,True,-2.3540841833333332,-8.931353616666668,False,0,0,False,0,False
O00819,C0342,R054,D021,D021,delivered,2026-08-12 18:41:00,2026-08-12 18:59:00,2026-08-12 19:19:26.076991,2026-08-12 20:00:48.000000,2026-08-12 20:13:19.663653,2026-08-12 20:20:50.220152,orders_table,True,,20.037002533333336,True,True,12.52772755,7.5092749833333325,True,20.434616516666665,-0.3976139833333292,True,1,1,True,1,True
O00820,C0783,R031,D056,D056,delivered,2026-08-15 23:38:00,2026-08-15 23:56:00,2026-08-16 00:09:02.680034,2026-08-16 00:54:51.718652,2026-08-16 01:09:51.718652,2026-08-16 00:58:49.331485,orders_table,True,,3.960213883333333,True,False,15.0,-11.039786116666667,True,13.044667233333334,-9.08445335,True,0,0,False,0,False
O00821,C0642,R006,D095,D095,delivered,2026-08-28 11:17:00,2026-08-28 11:35:00,2026-08-28 11:39:22.514193,2026-08-28 12:36:12.611291,2026-08-28 12:56:29.083245,2026-08-28 12:32:03.677063,orders_table,True,,-4.1489038,False,False,20.274532566666668,-24.423436366666667,True,4.3752365499999994,-8.52414035,False,0,0,False,1,False
O00822,C0095,R010,D017,D017,delivered,2026-08-04 16:16:00,2026-08-04 16:34:00,2026-08-04 16:40:51.674399,2026-08-04 17:10:33.398140,2026-08-04 17:19:33.398140,2026-08-04 17:03:27.894153,orders_table,True,,-7.091733116666666,False,False,9.0,-16.091733116666667,True,6.861239983333333,-13.9529731,False,0,1,True,0,False
O00823,C0301,R001,D107,D056,delivered,2026-08-23 18:17:00,2026-08-23 18:35:00,2026-08-23 18:57:11.020615,2026-08-23 19:28:38.013519,2026-08-23 19:35:42.458829,2026-08-23 19:40:50.028972,orders_table,True,,12.20025755,True,True,7.0740885,5.12616905,True,22.183676916666666,-9.983419366666666,True,1,0,True,0,False
O00824,C0399,R035,D023,D023,cancelled,2026-08-03 23:56:00,2026-08-04 00:14:00,2026-08-04 00:18:10.147447,2026-08-04 01:10:05.646384,2026-08-04 01:14:05.646384,,,False,not_delivered,,,,4.0,,False,,,,0,0,False,0,False
O00825,C0023,R021,D026,D026,delivered,2026-08-08 19:51:00,2026-08-08 20:09:00,2026-08-08 20:09:01.314180,2026-08-08 21:03:48.000000,2026-08-08 21:05:03.998804,2026-08-08 20:54:58.768926,orders_table,True,,-8.8205179,False,False,1.2666467333333336,-10.087164633333334,True,0.021903,-8.8424209,False,0,0,False,1,False
O00826,C0625,R025,D010,D010,delivered,2026-08-12 18:30:00,2026-08-12 18:48:00,2026-08-12 19:04:05.730714,2026-08-12 19:45:36.000000,2026-08-12 19:49:36.000000,2026-08-12 19:50:42.166666,orders_table,True,,5.102777766666667,True,False,4.0,1.1027777666666667,True,16.0955119,-10.992734133333336,True,0,0,False,0,False
O00827,C0332,R005,D081,D081,delivered,2026-08-16 19:26:00,2026-08-16 19:44:00,2026-08-16 19:48:42.257515,2026-08-16 20:41:36.000000,2026-08-16 20:45:36.000000,2026-08-16 20:40:25.871737,orders_table,True,,-1.1688043833333335,False,False,4.0,-5.168804383333334,True,4.704291916666667,-5.8730963,False,0,0,False,0,False
O00828,C0838,R038,D094,D094,delivered,2026-08-18 19:47:00,2026-08-18 20:05:00,2026-08-18 20:24:35.468933,2026-08-18 21:02:18.000000,2026-08-18 21:15:04.262762,2026-08-18 21:12:13.348606,orders_table,True,,9.922476766666668,True,False,12.771046033333333,-2.8485692666666664,True,19.591148883333336,-9.668672116666668,True,0,0,False,1,False
O00829,C0155,R049,D067,D067,delivered,2026-08-09 22:42:00,2026-08-09 23:00:00,2026-08-09 23:09:02.775964,2026-08-10 00:07:24.000000,2026-08-10 00:25:24.000000,2026-08-10 00:08:48.638223,orders_table,True,,1.4106370499999998,True,False,18.0,-16.589362949999998,True,9.046266066666668,-7.635629016666668,False,0,0,False,0,False
O00830,C0553,R020,D046,D046,delivered,2026-08-25 23:14:00,2026-08-25 23:32:00,2026-08-25 23:38:59.284984,2026-08-26 00:25:15.186786,2026-08-26 00:35:15.186786,2026-08-26 00:23:16.560771,driver_app,True,,-1.97710025,False,False,10.0,-11.977100250000001,True,6.9880830666666665,-8.965183316666666,False,0,0,False,0,False
O00831,C0880,R019,D037,D037,cancelled,2026-08-25 17:52:00,2026-08-25 18:10:00,2026-08-25 18:19:36.740531,2026-08-25 19:04:48.000000,2026-08-25 19:08:03.360874,,,False,not_delivered,,,,3.2560145666666664,,False,,,,0,0,False,0,False
O00832,C0643,R017,D045,D045,delivered,2026-08-06 20:43:00,2026-08-06 21:01:00,2026-08-06 21:05:33.192800,2026-08-06 21:55:48.000000,2026-08-06 21:55:48.000000,2026-08-06 21:52:08.761503,orders_table,True,,-3.65397495,False,False,0.0,-3.65397495,True,4.553213333333333,-8.207188283333332,False,0,0,False,0,False
O00833,C0343,R045,D094,D094,delivered,2026-08-20 19:43:00,2026-08-20 20:01:00,2026-08-20 20:19:29.247161,2026-08-20 20:41:21.792437,2026-08-20 20:45:21.792437,2026-08-20 20:48:48.295012,orders_table,True,,7.441709583333333,True,False,4.0,3.4417095833333335,True,18.487452683333334,-11.045743100000001,True,0,0,False,0,False
O00834,C0398,R016,D032,D032,delivered,2026-08-16 20:05:00,2026-08-16 20:23:00,2026-08-16 20:39:04.339337,2026-08-16 21:20:36.000000,2026-08-16 21:31:51.357621,2026-08-16 21:30:08.134635,orders_table,True,,9.53557725,True,False,11.25596035,-1.7203831,True,16.07232228333333,-6.536745033333332,True,0,0,False,0,False
O00835,C0803,R013,D014,D014,delivered,2026-08-14 12:43:00,2026-08-14 13:01:00,2026-08-14 13:07:36.217118,2026-08-14 13:54:46.487263,2026-08-14 13:59:46.487263,2026-08-14 13:55:26.155154,orders_table,True,,0.6611315166666666,True,False,5.0,-4.338868483333333,True,6.603618633333334,-5.942487116666667,False,0,1,True,1,True
O00836,C0263,R029,D070,D070,delivered,2026-08-17 18:57:00,2026-08-17 19:15:00,2026-08-17 19:44:15.440913,2026-08-17 20:15:06.000000,2026-08-17 20:32:59.063167,2026-08-17 20:35:59.649573,orders_table,True,,20.894159549999998,True,True,17.88438611666667,3.0097734333333337,True,29.25734855,-8.363189000000002,True,0,0,False,0,False
O00837,C0343,R033,D067,D067,delivered,2026-08-21 22:49:00,2026-08-21 23:07:00,2026-08-21 23:14:19.230016,2026-08-22 00:04:36.000000,2026-08-22 00:09:19.341080,2026-08-22 00:08:31.250876,orders_table,True,,3.9208479333333335,True,False,4.722351333333333,-0.8015034,True,7.3205002666666665,-3.399652333333333,False,0,0,False,0,False
O00838,C0276,R030,D014,D014,delivered,2026-08-01 18:23:00,2026-08-01 18:41:00,2026-08-01 18:38:43.156359,2026-08-01 19:16:13.742166,2026-08-01 19:26:13.742166,2026-08-01 19:05:13.824800,orders_table,True,,-10.998622766666667,False,False,10.0,-20.998622766666664,True,-2.28072735,-8.717895416666668,False,0,0,False,0,False
O00839,C0526,R004,D037,D037,delivered,2026-08-17 22:58:00,2026-08-17 23:16:00,2026-08-17 23:27:27.259821,2026-08-18 00:05:58.318565,2026-08-18 00:28:08.784458,2026-08-18 00:09:30.201692,orders_table,True,,3.53138545,True,False,22.17443155,-18.6430461,True,11.45433035,-7.922944899999999,True,0,0,False,0,False
O00840,C0016,R009,D011,D011,cancelled,2026-08-07 13:08:00,2026-08-07 13:26:00,2026-08-07 13:29:14.230851,2026-08-07 14:27:48.000000,2026-08-07 14:37:48.000000,,,False,not_delivered,,,,10.0,,False,,,,0,0,False,0,False
O00841,C0118,R031,D083,D083,delivered,2026-08-19 18:19:00,2026-08-19 18:37:00,2026-08-19 18:42:04.381848,2026-08-19 19:38:48.000000,2026-08-19 19:52:07.082754,2026-08-19 19:40:26.637445,orders_table,True,,1.6439574166666666,True,False,13.3180459,-11.674088483333332,True,5.0730308,-3.429073383333333,False,0,0,False,0,False
O00842,C0660,R042,D116,D116,delivered,2026-08-26 12:42:00,2026-08-26 13:00:00,2026-08-26 13:30:00.981231,2026-08-26 13:38:20.981075,2026-08-26 13:42:04.152171,2026-08-26 13:56:06.259045,orders_table,True,,17.754632833333336,True,True,3.719518266666667,14.035114566666666,True,30.016353849999998,-12.261721016666662,True,0,1,True,1,True
O00843,C0439,R036,D100,D100,delivered,2026-08-02 21:49:00,2026-08-02 22:07:00,2026-08-02 22:19:43.603646,2026-08-02 22:46:34.120516,2026-08-02 22:51:12.803195,2026-08-02 22:51:10.627848,orders_table,True,,4.608455533333333,True,False,4.644711316666667,-0.03625578333333333,True,12.726727433333334,-8.1182719,True,0,0,False,0,False
O00844,C0588,R013,D099,D099,delivered,2026-08-25 12:38:00,2026-08-25 12:56:00,2026-08-25 13:13:47.011384,2026-08-25 13:39:18.931456,2026-08-25 13:47:30.526013,2026-08-25 13:46:40.829338,orders_table,True,,7.3649647,True,False,8.193242616666668,-0.8282779166666666,True,17.783523066666664,-10.418558366666664,True,0,0,False,0,False
O00845,C0597,R006,D077,D077,delivered,2026-08-16 18:24:00,2026-08-16 18:42:00,2026-08-16 18:56:30.208177,2026-08-16 19:11:32.755501,2026-08-16 19:26:32.755501,2026-08-16 19:22:52.966966,orders_table,True,,11.33685775,True,True,15.0,-3.66314225,True,14.503469616666667,-3.166611866666667,True,0,1,True,1,True
O00846,C0140,R042,D082,D082,delivered,2026-08-18 18:40:00,2026-08-18 18:58:00,2026-08-18 19:04:29.753529,2026-08-18 19:48:16.754904,2026-08-18 19:49:23.082356,2026-08-18 19:45:04.036445,orders_table,True,,-3.2119743166666668,False,False,1.1054575333333332,-4.31743185,True,6.49589215,-9.707866466666667,False,0,0,False,0,False
O00847,C0481,R013,D035,D035,delivered,2026-08-17 19:17:00,2026-08-17 19:35:00,2026-08-17 19:45:15.416585,2026-08-17 20:13:55.935743,2026-08-17 20:17:55.935743,2026-08-17 20:16:15.230207,orders_table,True,,2.3215744000000003,True,False,4.0,-1.6784256,True,10.256943083333335,-7.935368683333334,True,0,0,False,0,False
O00848,C0682,R001,D043,D043,delivered,2026-08-17 13:46:00,2026-08-17 14:04:00,2026-08-17 14:09:18.117199,2026-08-17 15:05:48.000000,2026-08-17 15:15:48.000000,2026-08-17 15:03:22.390052,orders_table,True,,-2.4268324666666667,False,False,10.0,-12.426832466666667,True,5.301953316666667,-7.728785783333334,False,0,0,False,0,False
O00849,C0739,R024,D117,D117,delivered,2026-08-20 12:07:00,2026-08-20 12:25:00,2026-08-20 12:36:21.256784,2026-08-20 13:34:54.000000,2026-08-20 13:57:54.000000,2026-08-20 13:45:22.878021,orders_table,True,,10.48130035,True,True,23.0,-12.51869965,True,11.354279733333334,-0.8729793833333339,True,1,0,True,0,False
O00850,C0412,R028,D002,D002,delivered,2026-08-16 18:20:00,2026-08-16 18:38:00,2026-08-16 18:43:30.654506,2026-08-16 19:19:51.236850,2026-08-16 19:19:51.236850,2026-08-16 19:11:36.841928,orders_table,True,,-8.239915366666667,False,False,0.0,-8.239915366666667,True,5.510908433333333,-13.7508238,False,0,0,False,0,False
O00851,C0584,R015,D083,D083,delivered,2026-08-07 11:42:00,2026-08-07 12:00:00,2026-08-07 11:57:42.201732,2026-08-07 12:53:19.986771,2026-08-07 12:57:19.986771,2026-08-07 12:42:31.839199,orders_table,True,,-10.802459533333332,False,False,4.0,-14.802459533333332,True,-2.2966378,-8.505821733333331,False,0,0,False,0,False
O00852,C0808,R043,D118,D118,delivered,2026-08-08 13:52:00,2026-08-08 14:10:00,2026-08-08 14:35:44.206558,2026-08-08 15:07:36.000000,2026-08-08 15:15:41.892982,2026-08-08 15:23:48.566562,orders_table,True,,16.2094427,True,True,8.098216366666668,8.111226333333333,True,25.736775966666666,-9.527333266666666,True,0,0,False,1,True
O00853,C0335,R005,D036,D036,delivered,2026-08-04 11:42:00,2026-08-04 12:00:00,2026-08-04 12:11:53.817080,2026-08-04 12:35:37.707596,2026-08-04 12:39:37.707596,2026-08-04 12:45:05.247031,orders_table,True,,9.458990583333334,True,False,4.0,5.458990583333334,True,11.896951333333334,-2.4379607500000002,True,0,0,False,1,True
O00854,C0575,R018,D094,D094,delivered,2026-08-22 18:50:00,2026-08-22 19:08:00,2026-08-22 19:33:11.908823,2026-08-22 20:09:48.000000,2026-08-22 20:27:37.953818,2026-08-22 20:27:37.081650,orders_table,True,,17.818027500000003,True,True,17.832563633333333,-0.014536133333333335,True,25.198480383333333,-7.38045288333333,True,0,1,True,0,False
O00855,C0377,R016,D059,D093,delivered,2026-08-23 16:14:00,2026-08-23 16:32:00,2026-08-23 16:36:22.864159,2026-08-23 17:32:06.000000,2026-08-23 17:41:08.809822,2026-08-23 17:34:28.591437,orders_table,True,,2.37652395,True,False,9.046830366666667,-6.670306416666667,True,4.381069316666666,-2.004545366666666,False,0,0,False,0,False
O00856,C0735,R048,D086,D086,delivered,2026-08-03 18:22:00,2026-08-03 18:40:00,2026-08-03 18:42:04.921679,2026-08-03 19:29:18.716564,2026-08-03 19:33:18.716564,2026-08-03 19:19:34.964724,orders_table,True,,-9.729197333333333,False,False,4.0,-13.729197333333333,True,2.0820279833333335,-11.811225316666667,False,0,0,False,0,False
O00857,C0244,R053,D088,D088,delivered,2026-08-23 18:16:00,2026-08-23 18:34:00,2026-08-23 18:47:20.041957,2026-08-23 19:29:08.492787,2026-08-23 19:36:51.843130,2026-08-23 19:39:46.767632,orders_table,True,,10.637914083333333,True,True,7.722505716666666,2.9154083666666666,True,13.334032616666667,-2.6961185333333333,True,1,0,True,0,False
O00858,C0528,R046,D008,D008,delivered,2026-08-02 18:50:00,2026-08-02 19:08:00,2026-08-02 19:09:59.566241,2026-08-02 20:07:03.233589,2026-08-02 20:29:03.233589,2026-08-02 20:13:45.040736,orders_table,True,,6.6967857833333335,True,False,22.0,-15.303214216666667,True,1.9927706833333334,4.7040151,False,0,0,False,1,True
O00859,C0841,R017,D059,D059,delivered,2026-08-09 20:11:00,2026-08-09 20:29:00,2026-08-09 20:28:21.873701,2026-08-09 21:06:09.468610,2026-08-09 21:10:09.468610,2026-08-09 21:00:09.009957,orders_table,True,,-6.007644216666667,False,False,4.0,-10.007644216666668,True,-0.6354383166666667,-5.3722059,False,0,0,False,0,False
O00860,C0518,R014,D113,D113,delivered,2026-08-17 21:25:00,2026-08-17 21:43:00,2026-08-17 21:43:14.347813,2026-08-17 22:17:30.618676,2026-08-17 22:17:30.618676,2026-08-17 22:09:38.345727,orders_table,True,,-7.871215816666666,False,False,0.0,-7.871215816666666,True,0.23913021666666667,-8.110346033333332,False,0,0,False,1,False
O00861,C0183,R022,D058,D058,delivered,2026-08-03 23:08:00,2026-08-03 23:26:00,2026-08-03 23:35:57.627446,2026-08-04 00:13:17.526173,2026-08-04 00:15:39.826924,2026-08-04 00:18:15.808052,orders_table,True,,4.97136465,True,False,2.3716791833333333,2.5996854666666667,True,9.960457433333334,-4.989092783333334,False,0,0,False,0,False
O00862,C0067,R025,D096,D096,delivered,2026-08-09 18:26:00,2026-08-09 18:44:00,2026-08-09 19:16:31.622000,2026-08-09 19:41:18.000000,2026-08-09 19:49:42.236002,2026-08-09 20:05:24.298945,orders_table,True,,24.104982416666665,True,True,8.403933366666667,15.70104905,True,32.527033333333335,-8.42205091666667,True,1,1,True,1,True
O00863,C0657,R032,D103,D103,delivered,2026-08-25 19:09:00,2026-08-25 19:27:00,2026-08-25 19:34:44.852623,2026-08-25 20:24:36.000000,2026-08-25 20:29:23.377539,2026-08-25 20:22:30.421397,orders_table,True,,-2.0929767166666666,False,False,4.7896256500000005,-6.882602366666666,True,7.747543716666667,-9.840520433333333,False,0,0,False,0,False
O00864,C0237,R018,D076,D076,delivered,2026-08-15 13:03:00,2026-08-15 13:21:00,2026-08-15 13:29:13.485953,2026-08-15 14:06:19.178423,2026-08-15 14:12:24.227101,2026-08-15 14:08:23.327115,orders_table,True,,2.0691448666666665,True,False,6.0841446333333336,-4.014999766666667,True,8.224765883333333,-6.155621016666666,False,0,0,False,0,False
O00865,C0272,R010,D036,D036,delivered,2026-08-28 21:04:00,2026-08-28 21:22:00,2026-08-28 21:18:41.788656,2026-08-28 22:19:36.000000,2026-08-28 22:23:36.000000,2026-08-28 22:10:01.532718,orders_table,True,,-9.574454699999999,False,False,4.0,-13.574454699999999,True,-3.3035224,-6.270932299999998,False,0,0,False,0,False
O00866,C0342,R029,D119,D119,delivered,2026-08-11 20:29:00,2026-08-11 20:47:00,2026-08-11 20:45:42.202426,2026-08-11 21:44:36.000000,2026-08-11 21:48:36.000000,2026-08-11 21:32:27.228041,orders_table,True,,-12.146199316666667,False,False,4.0,-16.146199316666667,True,-1.2966262333333334,-10.849573083333334,False,0,0,False,0,False
O00867,C0587,R047,D100,D100,delivered,2026-08-24 18:04:00,2026-08-24 18:22:00,2026-08-24 18:27:22.899075,2026-08-24 19:04:51.843400,2026-08-24 19:23:41.507780,2026-08-24 19:05:40.020409,orders_table,True,,0.8029501499999999,True,False,18.827739666666666,-18.024789516666665,True,5.38165125,-4.5787011,False,0,0,False,0,False
O00868,C0881,R021,D008,D008,delivered,2026-08-02 11:00:00,2026-08-02 11:18:00,2026-08-02 11:24:19.405504,2026-08-02 12:25:24.000000,2026-08-02 12:43:24.000000,2026-08-02 12:32:22.041184,orders_table,True,,6.967353066666666,True,False,18.0,-11.032646933333332,True,6.323425066666667,0.643927999999999,False,0,0,False,1,False
O00869,C0519,R033,D010,D010,delivered,2026-08-09 20:50:00,2026-08-09 21:08:00,2026-08-09 21:14:55.116533,2026-08-09 22:02:48.000000,2026-08-09 22:02:48.000000,2026-08-09 21:58:01.471632,orders_table,True,,-4.7754728,False,False,0.0,-4.7754728,True,6.9186088833333335,-11.694081683333334,False,0,1,True,0,False
O00870,C0166,R044,D043,D043,delivered,2026-08-27 20:40:00,2026-08-27 20:58:00,2026-08-27 21:05:06.874847,2026-08-27 21:57:42.489444,2026-08-27 22:07:42.489444,2026-08-27 22:01:01.794127,orders_table,True,,3.3217447166666667,True,False,10.0,-6.678255283333333,True,7.114580783333333,-3.7928360666666667,False,0,0,False,0,False
O00871,C0621,R024,D092,D092,delivered,2026-08-17 16:46:00,2026-08-17 17:04:00,2026-08-17 17:02:26.061448,2026-08-17 18:11:24.000000,2026-08-17 18:31:13.522463,2026-08-17 18:04:22.619317,orders_table,True,,-7.0230113833333325,False,False,19.825374383333333,-26.84838576666667,True,-1.5656425333333333,-5.457368849999999,False,0,0,False,1,False
O00872,C0139,R056,D114,D114,delivered,2026-08-18 18:26:00,2026-08-18 18:44:00,2026-08-18 18:57:50.599690,2026-08-18 19:45:48.000000,2026-08-18 19:55:48.000000,2026-08-18 19:48:35.861226,orders_table,True,,2.7976870999999996,True,False,10.0,-7.2023129,True,13.843328166666668,-11.045641066666668,True,0,0,False,1,True
O00873,C0301,R060,D010,D010,delivered,2026-08-05 17:01:00,2026-08-05 17:19:00,2026-08-05 17:20:52.733979,2026-08-05 18:00:16.242666,2026-08-05 18:04:16.242666,2026-08-05 17:56:08.815245,orders_table,True,,-4.12379035,False,False,4.0,-8.12379035,True,1.8788996500000001,-6.00269,False,0,0,False,0,False
O00874,C0133,R018,D008,D008,delivered,2026-08-06 19:37:00,2026-08-06 19:55:00,2026-08-06 20:31:50.915352,2026-08-06 20:51:29.097055,2026-08-06 21:03:59.563919,2026-08-06 21:19:29.735858,orders_table,True,,28.010646716666667,True,True,12.507781066666666,15.502865649999999,True,36.8485892,-8.837942483333332,True,0,0,False,0,False
O00875,C0356,R060,D069,D069,delivered,2026-08-10 23:23:00,2026-08-10 23:41:00,2026-08-10 23:57:33.888524,2026-08-11 00:20:37.298015,2026-08-11 00:40:11.967125,2026-08-11 00:32:44.542189,orders_table,True,,12.120736233333334,True,True,19.5778185,-7.457082266666666,True,16.564808733333333,-4.444072499999999,True,1,0,True,1,True
O00876,C0754,R007,D095,D095,delivered,2026-08-27 22:50:00,2026-08-27 23:08:00,2026-08-27 23:06:04.179160,2026-08-28 00:02:48.000000,2026-08-28 00:02:48.000000,2026-08-27 23:48:45.962206,orders_table,True,,-14.033963233333333,False,False,0.0,-14.033963233333333,True,-1.9303473333333334,-12.1036159,False,0,0,False,0,False
O00877,C0612,R005,D073,D073,delivered,2026-08-20 14:18:00,2026-08-20 14:36:00,2026-08-20 14:42:07.350378,2026-08-20 15:33:18.000000,2026-08-20 15:38:40.825072,2026-08-20 15:26:50.368469,orders_table,True,,-6.460525516666666,False,False,5.380417866666666,-11.840943383333332,True,6.1225062999999995,-12.583031816666665,False,0,0,False,0,False
O00878,C0815,R043,D030,D030,delivered,2026-08-07 15:09:00,2026-08-07 15:27:00,2026-08-07 15:48:13.445935,2026-08-07 16:02:01.870260,2026-08-07 16:20:46.535583,2026-08-07 16:17:37.155106,orders_table,True,,15.588080766666668,True,True,18.74442205,-3.1563412833333335,True,21.224098916666666,-5.636018149999998,True,0,0,False,1,True
O00879,C0049,R049,D005,D005,delivered,2026-08-21 19:42:00,2026-08-21 20:00:00,2026-08-21 20:10:28.445315,2026-08-21 20:56:48.715750,2026-08-21 21:01:40.498341,2026-08-21 20:56:45.964326,orders_table,True,,-0.04585706666666667,False,False,4.863043183333334,-4.90890025,True,10.474088583333334,-10.51994565,True,0,0,False,0,False
O00880,C0345,R060,D038,D038,delivered,2026-08-09 17:52:00,2026-08-09 18:10:00,2026-08-09 18:15:45.666363,2026-08-09 18:58:22.514305,2026-08-09 19:02:22.514305,2026-08-09 18:53:59.606120,orders_table,True,,-4.381803083333334,False,False,4.0,-8.381803083333333,True,5.7611060499999995,-10.142909133333333,False,0,0,False,0,False
O00881,C0641,R009,D009,D009,delivered,2026-08-14 12:56:00,2026-08-14 13:14:00,2026-08-14 13:29:05.025079,2026-08-14 14:21:24.000000,2026-08-14 14:40:40.641413,2026-08-14 14:29:15.196188,orders_table,True,,7.8532698000000005,True,False,19.277356883333333,-11.424087083333335,True,15.083751316666667,-7.230481516666667,True,0,0,False,0,False
O00882,C0155,R009,D104,D104,delivered,2026-08-26 19:21:00,2026-08-26 19:39:00,2026-08-26 19:41:56.185161,2026-08-26 20:33:48.000000,2026-08-26 20:35:49.783991,2026-08-26 20:33:05.772625,orders_table,True,,-0.7037895833333334,False,False,2.029733183333333,-2.733522766666667,True,2.93641935,-3.6402089333333336,False,0,0,False,1,False
O00883,C0769,R046,D032,D032,delivered,2026-08-15 23:37:00,2026-08-15 23:55:00,2026-08-16 00:07:31.753897,2026-08-16 00:26:30.988001,2026-08-16 00:30:30.988001,2026-08-16 00:35:31.174890,orders_table,True,,9.003114816666665,True,False,4.0,5.003114816666667,True,12.529231616666667,-3.5261168000000023,True,0,1,True,0,False
O00884,C0177,R011,D011,D011,delivered,2026-08-19 14:16:00,2026-08-19 14:34:00,2026-08-19 14:53:46.243018,2026-08-19 15:15:45.868172,2026-08-19 15:24:14.971075,2026-08-19 15:35:21.381588,orders_table,True,,19.591890266666667,True,True,8.485048383333334,11.106841883333335,True,19.770716966666665,-0.17882669999999834,True,1,0,True,1,True
O00885,C0316,R044,D078,D078,delivered,2026-08-18 20:34:00,2026-08-18 20:52:00,2026-08-18 20:53:29.589466,2026-08-18 21:47:48.885839,2026-08-18 22:07:14.856291,2026-08-18 21:45:28.988525,orders_table,True,,-2.3316219,False,False,19.432840866666666,-21.764462766666668,True,1.4931577666666667,-3.8247796666666667,False,0,0,False,1,True
O00886,C0282,R002,D085,D085,delivered,2026-08-28 14:24:00,2026-08-28 14:42:00,2026-08-28 14:42:29.214162,2026-08-28 15:39:36.000000,2026-08-28 15:43:37.881563,2026-08-28 15:35:47.311797,orders_table,True,,-3.8114700499999996,False,False,4.031359383333333,-7.842829433333334,True,0.4869027,-4.2983727499999995,False,0,0,False,0,False
O00887,C0579,R048,D044,D044,delivered,2026-08-10 19:26:00,2026-08-10 19:44:00,2026-08-10 19:51:40.676427,2026-08-10 20:38:48.000000,2026-08-10 20:38:48.000000,2026-08-10 20:38:51.484045,orders_table,True,,0.05806741666666667,True,False,0.0,0.05806741666666667,True,7.6779404499999995,-7.619873033333333,False,0,0,False,0,False
O00888,C0774,R056,D086,D086,delivered,2026-08-08 12:49:00,2026-08-08 13:07:00,2026-08-08 13:15:59.428158,2026-08-08 14:11:18.000000,2026-08-08 14:26:18.000000,2026-08-08 14:18:26.668317,orders_table,True,,7.14447195,True,False,15.0,-7.85552805,True,8.9904693,-1.845997350000001,False,0,0,False,1,True
O00889,C0035,R007,D050,D050,delivered,2026-08-13 20:34:00,2026-08-13 20:52:00,2026-08-13 20:56:29.200377,2026-08-13 21:59:24.000000,2026-08-13 22:17:24.000000,2026-08-13 21:57:13.014797,orders_table,True,,-2.1830867166666668,False,False,18.0,-20.183086716666665,True,4.48667295,-6.669759666666667,False,0,0,False,1,False
O00890,C0883,R038,D021,D021,delivered,2026-08-25 19:01:00,2026-08-25 19:19:00,2026-08-25 19:16:59.209476,2026-08-25 20:16:36.000000,2026-08-25 20:21:13.556095,2026-08-25 20:11:29.181119,orders_table,True,,-5.113648016666667,False,False,4.625934916666667,-9.739582933333333,True,-2.0131754,-3.1004726166666665,False,0,0,False,1,False
O00891,C0733,R049,D040,D040,delivered,2026-08-22 22:49:00,2026-08-22 23:07:00,2026-08-22 23:12:51.902718,2026-08-22 23:55:15.184583,2026-08-22 23:59:15.184583,2026-08-22 23:56:47.317381,orders_table,True,,1.5355466333333332,True,False,4.0,-2.4644533666666666,True,5.8650453,-4.329498666666667,False,0,0,False,1,True
O00892,C0385,R025,D054,D054,delivered,2026-08-21 17:47:00,2026-08-21 18:05:00,2026-08-21 18:26:09.674686,2026-08-21 19:12:48.000000,2026-08-21 19:34:48.000000,2026-08-21 19:33:40.281369,orders_table,True,,20.87135615,True,True,22.0,-1.12864385,True,21.161244766666666,-0.28988861666666565,True,0,0,False,0,False
O00893,C0556,R051,D081,D081,delivered,2026-08-08 16:52:00,2026-08-08 17:10:00,2026-08-08 17:43:55.003435,2026-08-08 17:54:57.666880,2026-08-08 18:09:41.353858,2026-08-08 18:25:17.031993,orders_table,True,,30.322751883333336,True,True,14.7281163,15.594635583333334,True,33.91672391666667,-3.5939720333333334,True,1,0,True,0,False
O00894,C0875,R047,D020,D020,delivered,2026-08-14 11:18:00,2026-08-14 11:36:00,2026-08-14 11:49:29.819041,2026-08-14 12:23:52.577265,2026-08-14 12:30:14.188052,2026-08-14 12:29:23.728062,orders_table,True,,5.51917995,True,False,6.360179783333334,-0.8409998333333333,True,13.496984016666666,-7.977804066666666,True,0,0,False,0,False
O00895,C0346,R043,D068,D068,delivered,2026-08-03 14:17:00,2026-08-03 14:35:00,2026-08-03 14:42:13.162687,2026-08-03 15:13:23.559219,2026-08-03 15:18:11.872201,2026-08-03 15:16:40.717322,orders_table,True,,3.2859683833333335,True,False,4.8052163666666665,-1.5192479833333332,True,7.219378116666666,-3.933409733333333,False,0,0,False,0,False
O00896,C0653,R013,D001,D001,delivered,2026-08-14 12:21:00,2026-08-14 12:39:00,2026-08-14 13:15:49.285212,2026-08-14 13:29:34.149923,2026-08-14 13:45:30.737166,2026-08-14 14:00:22.095090,orders_table,True,,30.79908611666667,True,True,15.943120716666666,14.8559654,True,36.8214202,-6.02233408333333,True,0,0,False,1,True
O00897,C0149,R055,D070,D028,delivered,2026-08-18 21:15:00,2026-08-18 21:33:00,2026-08-18 21:35:03.529951,2026-08-18 22:27:48.000000,2026-08-18 22:27:48.000000,2026-08-18 22:24:19.611152,orders_table,True,,-3.4731474666666666,False,False,0.0,-3.4731474666666666,True,2.0588325166666666,-5.531979983333333,False,0,0,False,0,False
O00898,C0680,R037,D046,D046,delivered,2026-08-09 18:46:00,2026-08-09 19:04:00,2026-08-09 19:15:21.344760,2026-08-09 19:56:07.924199,2026-08-09 20:06:07.924199,2026-08-09 20:01:37.346141,orders_table,True,,5.4903657,True,False,10.0,-4.5096343,True,11.355746,-5.8653803,True,0,0,False,0,False
O00899,C0577,R044,D093,D093,delivered,2026-08-14 15:38:00,2026-08-14 15:56:00,2026-08-14 16:03:00.914580,2026-08-14 16:59:36.000000,2026-08-14 17:15:36.000000,2026-08-14 17:00:11.093410,orders_table,True,,0.5848901666666666,True,False,16.0,-15.415109833333334,True,7.015243,-6.430352833333333,False,0,0,False,1,False
O00900,C0106,R039,D066,D066,delivered,2026-08-24 11:04:00,2026-08-24 11:22:00,2026-08-24 11:25:34.205756,2026-08-24 12:23:48.000000,2026-08-24 12:33:48.000000,2026-08-24 12:25:10.238259,orders_table,True,,1.37063765,True,False,10.0,-8.629362350000001,True,3.5700959333333335,-2.1994582833333336,False,0,0,False,1,False
O00901,C0629,R015,D100,D100,delivered,2026-08-28 17:26:00,2026-08-28 17:44:00,2026-08-28 17:55:39.325212,2026-08-28 18:41:36.000000,2026-08-28 18:45:36.000000,2026-08-28 18:43:35.316572,orders_table,True,,1.9886095333333331,True,False,4.0,-2.0113904666666667,True,11.6554202,-9.666810666666667,True,0,0,False,0,False
O00902,C0381,R012,D069,D069,delivered,2026-08-09 11:29:00,2026-08-09 11:47:00,2026-08-09 11:53:35.047998,2026-08-09 12:26:28.417076,2026-08-09 12:31:28.417076,2026-08-09 12:22:12.015363,orders_table,True,,-4.273361883333333,False,False,5.0,-9.273361883333333,True,6.5841333,-10.857495183333334,False,0,0,False,0,False
O00903,C0631,R044,D010,D010,delivered,2026-08-03 19:22:00,2026-08-03 19:40:00,2026-08-03 19:51:14.447217,2026-08-03 20:33:11.065545,2026-08-03 20:37:54.001752,2026-08-03 20:37:53.421810,orders_table,True,,4.70593775,True,False,4.715603450000001,-0.0096657,True,11.24078695,-6.5348492,True,0,0,False,0,False
O00904,C0311,R057,D088,D088,delivered,2026-08-08 23:35:00,2026-08-08 23:53:00,2026-08-09 00:21:31.303143,2026-08-09 00:48:05.486411,2026-08-09 01:04:19.823948,2026-08-09 01:06:12.757872,orders_table,True,,18.121191016666668,True,True,16.23895895,1.8822320666666668,True,28.52171905,-10.400528033333334,True,1,0,True,0,False
O00905,C0664,R049,D023,D023,delivered,2026-08-04 15:18:00,2026-08-04 15:36:00,2026-08-04 15:48:07.415195,2026-08-04 16:33:36.000000,2026-08-04 16:39:24.129363,2026-08-04 16:40:48.665714,orders_table,True,,7.211095233333333,True,False,5.80215605,1.4089391833333333,True,12.123586583333333,-4.91249135,True,0,0,False,0,False
O00906,C0203,R050,D080,D080,delivered,2026-08-25 19:35:00,2026-08-25 19:53:00,2026-08-25 20:08:26.805752,2026-08-25 20:44:02.775957,2026-08-25 20:49:47.371469,2026-08-25 20:53:29.750617,orders_table,True,,9.449577666666666,True,False,5.743258533333333,3.706319133333333,True,15.446762533333333,-5.997184866666666,True,0,0,False,0,False
O00907,C0631,R015,D046,D046,delivered,2026-08-20 13:15:00,2026-08-20 13:33:00,2026-08-20 13:24:36.707624,2026-08-20 14:09:33.200463,2026-08-20 14:18:39.059207,2026-08-20 13:55:11.360812,orders_table,True,,-14.363994183333334,False,False,9.097645733333334,-23.461639916666666,True,-8.388206266666666,-5.975787916666668,False,0,0,False,0,False
O00908,C0459,R035,D044,D044,delivered,2026-08-14 21:13:00,2026-08-14 21:31:00,2026-08-14 21:25:31.034393,2026-08-14 22:28:36.000000,2026-08-14 22:32:36.000000,2026-08-14 22:08:55.755524,orders_table,True,,-19.670741266666667,False,False,4.0,-23.670741266666667,True,-5.482760116666666,-14.18798115,False,0,0,False,0,False
O00909,C0697,R026,D048,D048,delivered,2026-08-19 17:17:00,2026-08-19 17:35:00,2026-08-19 17:57:51.008216,2026-08-19 18:39:18.000000,2026-08-19 18:54:40.354619,2026-08-19 19:03:00.986423,orders_table,True,,23.716440383333335,True,True,15.372576983333333,8.3438634,True,22.85013693333333,0.8663034500000037,True,0,0,False,1,True
O00910,C0464,R057,D106,D106,delivered,2026-08-27 18:13:00,2026-08-27 18:31:00,2026-08-27 18:42:49.058441,2026-08-27 19:25:42.545080,2026-08-27 19:46:43.788433,2026-08-27 19:31:47.156537,driver_app,True,,6.076857616666667,True,False,21.020722550000002,-14.943864933333334,True,11.817640683333334,-5.740783066666667,True,0,0,False,0,False
O00911,C0396,R053,D055,D055,delivered,2026-08-01 19:12:00,2026-08-01 19:30:00,2026-08-01 19:29:50.578659,2026-08-01 20:00:36.630456,2026-08-01 20:00:36.630456,2026-08-01 19:50:16.359030,orders_table,True,,-10.3378571,False,False,0.0,-10.3378571,True,-0.15702235,-10.18083475,False,0,0,False,0,False
O00912,C0141,R004,D029,D029,delivered,2026-08-21 20:48:00,2026-08-21 21:06:00,2026-08-21 21:32:19.043090,2026-08-21 21:30:16.837667,2026-08-21 21:34:16.837667,2026-08-21 21:44:00.678653,driver_app,True,,13.7306831,True,True,4.0,9.7306831,True,26.317384833333332,-12.586701733333332,True,0,0,False,0,False
O00913,C0692,R035,D028,D028,delivered,2026-08-08 19:10:00,2026-08-08 19:28:00,2026-08-08 19:25:54.262575,2026-08-08 20:25:36.000000,2026-08-08 20:29:36.000000,2026-08-08 20:13:41.763931,orders_table,True,,-11.903934483333334,False,False,4.0,-15.903934483333334,True,-2.09562375,-9.808310733333334,False,0,0,False,0,False
O00914,C0281,R019,D022,D022,delivered,2026-08-07 22:27:00,2026-08-07 22:45:00,2026-08-07 22:52:43.990541,2026-08-07 23:42:18.000000,2026-08-07 23:47:42.696328,2026-08-07 23:48:57.849507,orders_table,True,,6.66415845,True,False,5.411605466666667,1.2525529833333333,True,7.733175683333333,-1.0690172333333328,False,0,0,False,1,True
O00915,C0827,R049,D115,D115,delivered,2026-08-04 20:08:00,2026-08-04 20:26:00,2026-08-04 20:27:51.211454,2026-08-04 21:27:48.000000,2026-08-04 21:38:50.564263,2026-08-04 21:24:40.009352,orders_table,True,,-3.1331774666666665,False,False,11.042737716666666,-14.175915183333332,True,1.8535242333333335,-4.9867017,False,0,0,False,1,False
O00916,C0082,R037,D088,D088,delivered,2026-08-02 18:38:00,2026-08-02 18:56:00,2026-08-02 19:17:27.622241,2026-08-02 19:53:36.000000,2026-08-02 19:57:36.000000,2026-08-02 20:04:25.336872,orders_table,True,,10.822281199999999,True,True,4.0,6.822281200000001,True,21.460370683333334,-10.638089483333335,True,1,0,True,0,False
O00917,C0531,R044,D111,D111,delivered,2026-08-17 13:28:00,2026-08-17 13:46:00,2026-08-17 13:50:59.936796,2026-08-17 14:40:48.000000,2026-08-17 14:40:48.000000,2026-08-17 14:34:54.491923,orders_table,True,,-5.891801283333334,False,False,0.0,-5.891801283333334,True,4.9989466,-10.890747883333333,False,0,0,False,0,False
O00918,C0694,R046,D005,D005,delivered,2026-08-23 11:51:00,2026-08-23 12:09:00,2026-08-23 11:58:59.039467,2026-08-23 13:08:17.565553,2026-08-23 13:18:17.565553,2026-08-23 12:52:49.800003,orders_table,True,,-15.462759166666666,False,False,10.0,-25.462759166666668,True,-10.016008883333335,-5.446750283333332,False,0,0,False,1,False
O00919,C0698,R039,D061,D061,delivered,2026-08-21 17:50:00,2026-08-21 18:08:00,2026-08-21 18:15:18.974724,2026-08-21 18:49:12.592852,2026-08-21 19:15:14.917337,2026-08-21 18:55:52.875706,orders_table,True,,6.6713809,True,False,26.038741416666667,-19.36736051666667,True,7.3162454,-0.6448644999999997,False,0,0,False,0,False
O00920,C0520,R011,D075,D049,delivered,2026-08-18 18:31:00,2026-08-18 18:49:00,2026-08-18 19:06:57.935930,2026-08-18 19:30:22.094585,2026-08-18 19:35:51.955977,2026-08-18 19:44:23.256844,orders_table,True,,14.019370983333333,True,True,5.497689866666667,8.521681116666667,True,17.965598833333335,-3.9462278500000014,True,0,0,False,0,False
O00921,C0403,R046,D043,D043,delivered,2026-08-09 21:24:00,2026-08-09 21:42:00,2026-08-09 21:46:37.235222,2026-08-09 22:25:38.137244,2026-08-09 22:30:23.911349,2026-08-09 22:19:45.866925,orders_table,True,,-5.8711719833333325,False,False,4.76290175,-10.634073733333334,True,4.620587033333334,-10.491759016666666,False,0,0,False,0,False
O00922,C0316,R002,D041,D041,delivered,2026-08-10 20:50:00,2026-08-10 21:08:00,2026-08-10 21:25:33.528774,2026-08-10 22:05:36.000000,2026-08-10 22:09:37.547980,2026-08-10 22:12:01.457805,orders_table,True,,6.42429675,True,False,4.025799666666667,2.3984970833333334,True,17.558812900000003,-11.134516150000003,True,0,0,False,0,False
O00923,C0426,R038,D097,D097,delivered,2026-08-28 22:11:00,2026-08-28 22:29:00,2026-08-28 22:27:00.325850,2026-08-28 23:23:48.000000,2026-08-28 23:23:48.000000,2026-08-28 23:10:01.755244,orders_table,True,,-13.770745933333334,False,False,0.0,-13.770745933333334,True,-1.9945691666666667,-11.776176766666667,False,0,0,False,1,False
O00924,C0674,R026,D114,D114,delivered,2026-08-08 18:24:00,2026-08-08 18:42:00,2026-08-08 18:49:29.498545,2026-08-08 19:43:48.000000,2026-08-08 19:54:37.986192,2026-08-08 19:45:49.739067,orders_table,True,,2.0289844500000003,True,False,10.8331032,-8.804118749999999,True,7.491642416666666,-5.462657966666666,False,0,1,True,0,False
O00925,C0896,R057,D048,D048,delivered,2026-08-10 17:10:00,2026-08-10 17:28:00,2026-08-10 17:40:22.871461,2026-08-10 18:25:18.000000,2026-08-10 18:30:18.000000,2026-08-10 18:34:33.794477,orders_table,True,,9.263241283333334,True,False,5.0,4.2632412833333335,True,12.381191016666666,-3.1179497333333313,True,1,1,True,0,False
O00926,C0462,R054,D098,D098,delivered,2026-08-21 17:22:00,2026-08-21 17:40:00,2026-08-21 17:39:31.861459,2026-08-21 18:47:24.000000,2026-08-21 19:05:24.000000,2026-08-21 18:46:53.310715,orders_table,True,,-0.5114880833333334,False,False,18.0,-18.511488083333333,True,-0.46897568333333334,-0.04251240000000006,False,0,0,False,0,False
O00927,C0705,R046,D106,D106,delivered,2026-08-01 19:30:00,2026-08-01 19:48:00,2026-08-01 19:55:28.070556,2026-08-01 20:29:02.748572,2026-08-01 20:34:08.476050,2026-08-01 20:28:48.650446,orders_table,True,,-0.2349687666666667,False,False,5.095457966666667,-5.330426733333334,True,7.4678426,-7.702811366666666,False,0,0,False,0,False
O00928,C0249,R019,D056,D056,delivered,2026-08-17 18:53:00,2026-08-17 19:11:00,2026-08-17 19:25:58.392322,2026-08-17 20:18:24.000000,2026-08-17 20:38:41.693728,2026-08-17 20:30:29.772368,orders_table,True,,12.096206133333334,True,True,20.294895466666667,-8.198689333333332,True,14.973205366666667,-2.8769992333333327,True,0,0,False,1,False
O00929,C0859,R051,D094,D094,delivered,2026-08-07 22:13:00,2026-08-07 22:31:00,2026-08-07 22:26:13.383789,2026-08-07 23:19:24.176783,2026-08-07 23:42:24.176783,2026-08-07 23:14:54.509048,orders_table,True,,-4.49446225,False,False,23.0,-27.49446225,True,-4.77693685,0.28247460000000046,False,0,0,False,0,False
O00930,C0220,R022,D120,D120,delivered,2026-08-15 18:46:00,2026-08-15 19:04:00,2026-08-15 19:36:31.818799,2026-08-15 19:50:13.234987,2026-08-15 20:09:47.587559,2026-08-15 20:19:42.080527,orders_table,True,,29.480759,True,True,19.572542866666666,9.908216133333333,True,32.530313316666664,-3.049554316666665,True,0,1,True,0,False
O00931,C0388,R030,D087,D087,delivered,2026-08-03 22:58:00,2026-08-03 23:16:00,2026-08-03 23:18:00.013146,2026-08-04 00:17:48.000000,2026-08-04 00:27:48.000000,2026-08-04 00:06:19.307256,orders_table,True,,-11.478212399999999,False,False,10.0,-21.4782124,True,2.0002191000000002,-13.4784315,False,0,0,False,0,False
O00932,C0454,R021,D071,D071,delivered,2026-08-27 11:51:00,2026-08-27 12:09:00,2026-08-27 12:18:36.015414,2026-08-27 13:03:48.000000,2026-08-27 13:06:29.423276,2026-08-27 13:02:17.700334,orders_table,True,,-1.5049944333333334,False,False,2.690387933333333,-4.195382366666666,True,9.6002569,-11.105251333333333,False,0,0,False,0,False
O00933,C0645,R051,D010,D010,delivered,2026-08-20 12:46:00,2026-08-20 13:04:00,2026-08-20 13:10:01.418201,2026-08-20 14:08:18.000000,2026-08-20 14:23:18.000000,2026-08-20 14:08:46.929272,orders_table,True,,0.48215453333333336,True,False,15.0,-14.517845466666667,True,6.023636683333334,-5.54148215,False,0,0,False,1,True
O00934,C0761,R027,D117,D117,delivered,2026-08-21 20:18:00,2026-08-21 20:36:00,2026-08-21 20:50:24.075543,2026-08-21 21:30:48.000000,2026-08-21 21:35:29.798996,2026-08-21 21:38:25.193680,orders_table,True,,7.619894666666666,True,False,4.696649933333333,2.9232447333333336,True,14.40125905,-6.781364383333334,True,0,0,False,0,False
O00935,C0094,R060,D060,D060,delivered,2026-08-03 15:17:00,2026-08-03 15:35:00,2026-08-03 15:47:25.208803,2026-08-03 16:12:21.140728,2026-08-03 16:24:46.890094,2026-08-03 16:15:47.593295,orders_table,True,,3.4408761166666664,True,False,12.4291561,-8.988279983333333,True,12.420146716666666,-8.9792706,True,0,0,False,0,False
O00936,C0767,R055,D068,D068,delivered,2026-08-25 20:15:00,2026-08-25 20:33:00,2026-08-25 20:42:30.754239,2026-08-25 21:30:16.538034,2026-08-25 21:34:16.538034,2026-08-25 21:30:43.188479,orders_table,True,,0.44417408333333336,True,False,4.0,-3.555825916666667,True,9.512570649999999,-9.068396566666665,False,0,0,False,0,False
O00937,C0889,R050,D054,D054,delivered,2026-08-28 23:33:00,2026-08-28 23:51:00,2026-08-28 23:54:28.597113,2026-08-29 00:42:47.493150,2026-08-29 00:53:27.108992,2026-08-29 00:39:43.777639,orders_table,True,,-3.0619251833333334,False,False,10.660264033333334,-13.722189216666667,True,3.47661855,-6.538543733333333,False,0,0,False,0,False
O00938,C0321,R055,D119,D119,delivered,2026-08-11 17:52:00,2026-08-11 18:10:00,2026-08-11 18:15:40.657672,2026-08-11 19:07:36.000000,2026-08-11 19:12:09.227264,2026-08-11 19:00:57.561680,orders_table,True,,-6.640638666666666,False,False,4.553787733333333,-11.1944264,True,5.677627866666667,-12.318266533333333,False,0,0,False,0,False
O00939,C0415,R032,D081,D081,delivered,2026-08-18 11:33:00,2026-08-18 11:51:00,2026-08-18 12:07:21.023050,2026-08-18 13:00:54.000000,2026-08-18 13:23:54.000000,2026-08-18 13:16:37.480128,orders_table,True,,15.7246688,True,True,23.0,-7.2753312,True,16.350384166666668,-0.6257153666666682,True,1,0,True,1,True
O00940,C0404,R052,D050,D050,delivered,2026-08-02 12:23:00,2026-08-02 12:41:00,2026-08-02 13:00:06.026978,2026-08-02 13:32:19.563918,2026-08-02 13:36:19.563918,2026-08-02 13:44:50.834107,orders_table,True,,12.521169816666665,True,True,4.0,8.521169816666667,True,19.100449633333334,-6.579279816666668,True,0,0,False,1,True
O00941,C0826,R060,D002,D002,delivered,2026-08-09 19:10:00,2026-08-09 19:28:00,2026-08-09 19:48:57.976221,2026-08-09 20:12:41.162583,2026-08-09 20:17:50.153235,2026-08-09 20:26:41.904963,orders_table,True,,14.012373,True,True,5.1498442,8.8625288,True,20.96627035,-6.953897349999998,True,0,1,True,0,False
O00942,C0834,R010,D025,D025,delivered,2026-08-21 22:15:00,2026-08-21 22:33:00,2026-08-21 22:38:27.910246,2026-08-21 23:11:10.781504,2026-08-21 23:11:10.781504,2026-08-21 23:04:04.667779,orders_table,True,,-7.101895416666666,False,False,0.0,-7.101895416666666,True,5.465170766666666,-12.567066183333331,False,0,0,False,0,False
O00943,C0063,R050,D105,D072,delivered,2026-08-08 16:09:00,2026-08-08 16:27:00,2026-08-08 16:35:07.654140,2026-08-08 17:28:48.000000,2026-08-08 17:38:48.000000,2026-08-08 17:31:53.980700,orders_table,True,,3.0996783333333338,True,False,10.0,-6.900321666666667,True,8.127569,-5.027890666666666,False,0,0,False,0,False
O00944,C0276,R030,D115,D115,delivered,2026-08-10 18:46:00,2026-08-10 19:04:00,2026-08-10 19:07:29.909754,2026-08-10 19:35:01.742166,2026-08-10 19:39:07.297115,2026-08-10 19:26:43.171400,orders_table,True,,-8.309512766666666,False,False,4.0925824833333335,-12.40209525,True,3.4984959,-11.808008666666666,False,0,0,False,0,False
O00945,C0309,R019,D015,D015,delivered,2026-08-27 11:22:00,2026-08-27 11:40:00,2026-08-27 12:06:10.185039,2026-08-27 12:49:54.000000,2026-08-27 13:18:41.210879,2026-08-27 13:13:42.369252,orders_table,True,,23.806154199999998,True,True,28.786847983333335,-4.980693783333334,True,26.16975065,-2.363596450000003,True,0,0,False,0,False
O00946,C0815,R002,D092,D092,delivered,2026-08-18 17:24:00,2026-08-18 17:42:00,2026-08-18 17:40:28.298049,2026-08-18 18:39:36.000000,2026-08-18 18:43:36.000000,2026-08-18 18:28:10.688777,orders_table,True,,-11.421853716666668,False,False,4.0,-15.421853716666668,True,-1.52836585,-9.893487866666668,False,0,0,False,0,False
O00947,C0814,R001,D091,D004,delivered,2026-08-07 20:25:00,2026-08-07 20:43:00,2026-08-07 20:54:35.484502,2026-08-07 21:40:36.000000,2026-08-07 21:44:36.000000,2026-08-07 21:49:06.516180,orders_table,True,,8.508603,True,False,4.0,4.508603,True,11.591408366666666,-3.0828053666666655,True,1,0,True,1,True
O00948,C0345,R043,D040,D040,delivered,2026-08-20 17:56:00,2026-08-20 18:14:00,2026-08-20 18:40:54.640680,2026-08-20 18:55:33.558731,2026-08-20 19:20:14.721315,2026-08-20 19:15:33.413404,orders_table,True,,19.997577883333335,True,True,24.686043066666667,-4.688465183333333,True,26.910678,-6.913100116666666,True,0,0,False,0,False
O00949,C0265,R008,D093,D093,delivered,2026-08-17 11:41:00,2026-08-17 11:59:00,2026-08-17 11:56:10.130664,2026-08-17 12:31:30.113802,2026-08-17 12:35:30.113802,2026-08-17 12:22:57.374211,orders_table,True,,-8.54565985,False,False,4.0,-12.54565985,True,-2.8311556,-5.714504249999999,False,0,0,False,0,False
O00950,C0070,R004,D020,D020,delivered,2026-08-09 11:31:00,2026-08-09 11:49:00,2026-08-09 12:01:55.702225,2026-08-09 12:46:36.000000,2026-08-09 12:50:36.000000,2026-08-09 12:55:17.477630,orders_table,True,,8.691293833333333,True,False,4.0,4.691293833333333,True,12.928370416666667,-4.237076583333334,True,0,0,False,0,False
O00951,C0077,R053,D022,D022,delivered,2026-08-28 18:40:00,2026-08-28 18:58:00,2026-08-28 19:01:47.707494,2026-08-28 19:37:43.523827,2026-08-28 19:57:29.513104,2026-08-28 19:33:34.625091,orders_table,True,,-4.148312266666667,False,False,19.76648795,-23.914800216666666,True,3.7951249,-7.943437166666667,False,0,0,False,1,True
O00952,C0218,R058,D114,D114,delivered,2026-08-05 22:20:00,2026-08-05 22:38:00,2026-08-05 22:53:48.127969,2026-08-05 23:38:06.000000,2026-08-05 23:48:17.931125,2026-08-05 23:50:06.485747,orders_table,True,,12.008095783333333,True,True,10.198852083333332,1.8092437,True,15.802132816666667,-3.7940370333333338,True,1,0,True,0,False
O00953,C0773,R022,D002,D002,delivered,2026-08-13 12:48:00,2026-08-13 13:06:00,2026-08-13 12:59:45.454139,2026-08-13 13:35:53.136545,2026-08-13 13:44:53.136545,2026-08-13 13:24:18.376963,orders_table,True,,-11.579326366666667,False,False,9.0,-20.579326366666667,True,-6.242431016666667,-5.33689535,False,0,0,False,1,False
O00954,C0217,R016,D050,D050,delivered,2026-08-10 15:03:00,2026-08-10 15:21:00,2026-08-10 15:43:08.608842,2026-08-10 16:10:13.957678,2026-08-10 16:20:51.010807,2026-08-10 16:31:51.246018,orders_table,True,,21.621472333333333,True,True,10.61755215,11.003920183333333,True,22.1434807,-0.5220083666666682,True,1,0,True,1,True
O00955,C0703,R037,D078,D078,delivered,2026-08-09 21:25:00,2026-08-09 21:43:00,2026-08-09 22:06:41.487359,2026-08-09 22:40:36.000000,2026-08-09 22:50:23.636908,2026-08-09 22:51:10.800754,orders_table,True,,10.580012566666666,True,True,9.793948466666667,0.7860641,True,23.691455983333334,-13.111443416666669,True,0,1,True,0,False
O00956,C0499,R037,D001,D001,delivered,2026-08-19 18:11:00,2026-08-19 18:29:00,2026-08-19 18:42:16.480735,2026-08-19 19:23:48.000000,2026-08-19 19:27:42.357285,2026-08-19 19:24:10.255263,orders_table,True,,0.37092105,True,False,3.90595475,-3.5350337,True,13.274678916666666,-12.903757866666666,True,0,0,False,0,False
O00957,C0167,R047,D018,D018,delivered,2026-08-04 21:11:00,2026-08-04 21:29:00,2026-08-04 21:36:53.793723,2026-08-04 22:11:48.639080,2026-08-04 22:28:59.751692,2026-08-04 22:19:20.156067,orders_table,True,,7.5252831166666665,True,False,17.185210199999997,-9.659927083333335,True,7.89656205,-0.3712789333333335,False,0,0,False,0,False
O00958,C0295,R015,D031,D031,cancelled,2026-08-28 22:15:00,2026-08-28 22:33:00,2026-08-28 22:30:02.814286,2026-08-28 23:24:08.102596,2026-08-28 23:34:11.188338,,,False,not_delivered,,,,10.051429033333333,,False,,,,0,0,False,1,False
O00959,C0640,R029,D064,D064,delivered,2026-08-18 13:42:00,2026-08-18 14:00:00,2026-08-18 14:09:23.912701,2026-08-18 14:55:03.459602,2026-08-18 15:06:25.077511,2026-08-18 15:03:32.210787,orders_table,True,,8.479186416666668,True,False,11.360298483333334,-2.8811120666666667,True,9.398545016666667,-0.9193585999999989,False,0,0,False,0,False
O00960,C0682,R025,D062,D062,delivered,2026-08-19 13:04:00,2026-08-19 13:22:00,2026-08-19 13:40:20.955898,2026-08-19 14:19:36.000000,2026-08-19 14:26:41.602536,2026-08-19 14:26:24.035836,orders_table,True,,6.800597266666667,True,False,7.0933756,-0.29277833333333336,True,18.349264966666667,-11.5486677,True,0,1,True,0,False
O00961,C0357,R056,D029,D029,delivered,2026-08-28 11:10:00,2026-08-28 11:28:00,2026-08-28 11:34:03.842723,2026-08-28 12:25:18.000000,2026-08-28 12:30:18.000000,2026-08-28 12:27:57.361488,orders_table,True,,2.6560248,True,False,5.0,-2.3439752,True,6.064045383333333,-3.4080205833333332,False,0,0,False,0,False
O00962,C0484,R038,D072,D072,delivered,2026-08-11 21:39:00,2026-08-11 21:57:00,2026-08-11 22:05:34.809144,2026-08-11 22:54:36.000000,2026-08-11 22:58:36.000000,2026-08-11 22:54:28.443560,orders_table,True,,-0.12594066666666667,False,False,4.0,-4.125940666666667,True,8.5801524,-8.706093066666666,False,0,0,False,1,True
O00963,C0255,R043,D100,D100,delivered,2026-08-16 13:49:00,2026-08-16 14:07:00,2026-08-16 14:05:27.159039,2026-08-16 15:01:07.804303,2026-08-16 15:19:07.804303,2026-08-16 14:53:17.179377,orders_table,True,,-7.843748766666667,False,False,18.0,-25.843748766666668,True,-1.54734935,-6.296399416666667,False,0,0,False,0,False
O00964,C0092,R005,D080,D080,delivered,2026-08-23 21:53:00,2026-08-23 22:11:00,2026-08-23 22:02:25.977426,2026-08-23 22:56:20.032107,2026-08-23 23:06:20.032107,2026-08-23 22:39:07.148659,orders_table,True,,-17.214724133333334,False,False,10.0,-27.214724133333334,True,-8.567042899999999,-8.647681233333335,False,0,0,False,0,False
O00965,C0396,R058,D026,D026,delivered,2026-08-23 15:01:00,2026-08-23 15:19:00,2026-08-23 15:20:04.906157,2026-08-23 16:23:18.000000,2026-08-23 16:38:18.000000,2026-08-23 16:18:26.229890,orders_table,True,,-4.862835166666667,False,False,15.0,-19.862835166666667,True,1.0817692833333332,-5.94460445,False,0,0,False,1,False
O00966,C0784,R010,D112,D112,delivered,2026-08-06 20:21:00,2026-08-06 20:39:00,2026-08-06 20:44:29.958553,2026-08-06 21:39:17.125658,2026-08-06 21:49:17.125658,2026-08-06 21:36:45.910869,orders_table,True,,-2.520246483333333,False,False,10.0,-12.520246483333333,True,5.499309216666666,-8.0195557,False,0,0,False,0,False
O00967,C0317,R051,D024,D024,delivered,2026-08-19 21:50:00,2026-08-19 22:08:00,2026-08-19 22:09:22.741115,2026-08-19 22:51:11.316526,2026-08-19 23:00:11.316526,2026-08-19 22:45:39.075386,orders_table,True,,-5.537352333333333,False,False,9.0,-14.537352333333333,True,1.3790185833333333,-6.916370916666666,False,0,0,False,1,False
O00968,C0799,R010,D101,D101,delivered,2026-08-11 20:59:00,2026-08-11 21:17:00,2026-08-11 21:18:29.088234,2026-08-11 22:17:06.000000,2026-08-11 22:27:36.893526,2026-08-11 22:11:21.764935,orders_table,True,,-5.737251083333334,False,False,10.514892099999999,-16.252143183333335,True,1.4848039,-7.222054983333334,False,0,0,False,0,False
O00969,C0326,R031,D096,D042,delivered,2026-08-23 17:23:00,2026-08-23 17:41:00,2026-08-23 17:44:35.700747,2026-08-23 18:35:48.000000,2026-08-23 18:35:48.000000,2026-08-23 18:28:59.786797,orders_table,True,,-6.803553383333334,False,False,0.0,-6.803553383333334,True,3.59501245,-10.398565833333334,False,0,0,False,1,False
O00970,C0200,R053,D119,D119,delivered,2026-08-22 21:52:00,2026-08-22 22:10:00,2026-08-22 22:29:35.144310,2026-08-22 22:46:59.517811,2026-08-22 23:01:53.206839,2026-08-22 22:59:08.802273,orders_table,True,,12.154741033333332,True,True,14.894817133333333,-2.7400761,True,19.585738499999998,-7.430997466666666,True,1,0,True,0,False
O00971,C0261,R028,D079,D079,delivered,2026-08-13 16:20:00,2026-08-13 16:38:00,2026-08-13 16:40:17.988763,2026-08-13 17:35:36.000000,2026-08-13 17:39:36.000000,2026-08-13 17:33:35.396453,orders_table,True,,-2.0100591166666666,False,False,4.0,-6.010059116666667,True,2.2998127166666666,-4.309871833333333,False,0,0,False,0,False
O00972,C0506,R051,D022,D022,delivered,2026-08-11 11:39:00,2026-08-11 11:57:00,2026-08-11 12:12:41.398634,2026-08-11 12:35:24.291242,2026-08-11 12:47:12.380132,2026-08-11 12:51:30.594031,orders_table,True,,16.105046483333332,True,True,11.8014815,4.303564983333334,True,15.689977233333334,0.4150692499999984,True,0,0,False,0,False
O00973,C0046,R057,D001,D001,delivered,2026-08-04 19:33:00,2026-08-04 19:51:00,2026-08-04 20:01:41.203903,2026-08-04 20:26:49.020326,2026-08-04 20:30:49.020326,2026-08-04 20:27:48.671877,orders_table,True,,0.9941925166666666,True,False,4.0,-3.0058074833333333,True,10.686731716666666,-9.692539199999999,True,0,0,False,1,True
O00974,C0500,R052,D106,D106,delivered,2026-08-25 17:03:00,2026-08-25 17:21:00,2026-08-25 17:15:34.416125,2026-08-25 18:30:54.000000,2026-08-25 18:53:54.000000,2026-08-25 18:23:32.980052,orders_table,True,,-7.350332466666667,False,False,23.0,-30.350332466666668,True,-5.426397916666667,-1.9239345500000002,False,0,0,False,0,False
O00975,C0446,R034,D072,D072,delivered,2026-08-21 17:37:00,2026-08-21 17:55:00,2026-08-21 17:57:45.440257,2026-08-21 18:34:34.442619,2026-08-21 18:38:34.442619,2026-08-21 18:32:05.452631,orders_table,True,,-2.483166466666667,False,False,4.0,-6.483166466666666,True,2.7573376166666668,-5.240504083333334,False,0,0,False,1,False
O00976,C0858,R038,D034,D034,delivered,2026-08-14 23:01:00,2026-08-14 23:19:00,2026-08-14 23:42:00.741035,2026-08-15 00:16:18.000000,2026-08-15 00:21:18.000000,2026-08-15 00:31:51.538796,orders_table,True,,15.558979933333335,True,True,5.0,10.558979933333335,True,23.012350583333333,-7.453370649999998,True,0,0,False,0,False
O00977,C0254,R051,D016,D016,delivered,2026-08-27 12:20:00,2026-08-27 12:38:00,2026-08-27 13:13:02.367831,2026-08-27 13:33:32.251270,2026-08-27 13:50:15.221935,2026-08-27 14:05:27.474032,orders_table,True,,31.92037936666667,True,True,16.71617775,15.204201616666667,True,35.03946385,-3.119084483333328,True,1,1,True,0,False
O00978,C0889,R027,D104,D104,delivered,2026-08-23 18:31:00,2026-08-23 18:49:00,2026-08-23 18:51:16.666830,2026-08-23 19:48:04.050108,2026-08-23 20:06:04.050108,2026-08-23 19:46:01.165664,orders_table,True,,-2.0480740666666666,False,False,18.0,-20.04807406666667,True,2.2777805,-4.325854566666667,False,0,0,False,0,False
O00979,C0450,R050,D038,D038,delivered,2026-08-24 19:58:00,2026-08-24 20:16:00,2026-08-24 20:08:15.029397,2026-08-24 20:50:36.852790,2026-08-24 20:54:36.852790,2026-08-24 20:38:34.692361,orders_table,True,,-12.03600715,False,False,4.0,-16.03600715,True,-7.74951005,-4.2864971,False,0,0,False,0,False
O00980,C0015,R028,D016,D016,delivered,2026-08-27 19:40:00,2026-08-27 19:58:00,2026-08-27 20:31:37.484111,2026-08-27 20:55:36.000000,2026-08-27 21:03:52.022901,2026-08-27 21:19:28.956202,orders_table,True,,23.882603366666668,True,True,8.26704835,15.615555016666667,True,33.624735183333335,-9.742131816666667,True,1,0,True,0,False
O00981,C0208,R052,D094,D094,delivered,2026-08-22 18:50:00,2026-08-22 19:08:00,2026-08-22 19:19:59.443622,2026-08-22 19:58:41.178621,2026-08-22 19:59:03.263960,2026-08-22 20:02:22.399277,orders_table,True,,3.687010933333333,True,False,0.36808898333333334,3.3189219499999996,True,11.990727033333334,-8.3037161,True,0,0,False,1,True
O00982,C0798,R027,D067,D067,delivered,2026-08-17 20:54:00,2026-08-17 21:12:00,2026-08-17 21:13:57.297300,2026-08-17 22:13:48.000000,2026-08-17 22:23:48.000000,2026-08-17 22:15:35.236687,orders_table,True,,1.7872781166666667,True,False,10.0,-8.212721883333334,True,1.9549550000000002,-0.16767688333333353,False,0,0,False,0,False
O00983,C0556,R008,D044,D044,delivered,2026-08-15 19:12:00,2026-08-15 19:30:00,2026-08-15 19:25:59.785734,2026-08-15 20:16:55.406319,2026-08-15 20:21:06.764189,2026-08-15 20:04:57.914455,orders_table,True,,-11.958197733333332,False,False,4.189297833333333,-16.147495566666667,True,-4.0035711,-7.954626633333332,False,0,1,True,0,False
O00984,C0075,R014,D053,D053,delivered,2026-08-07 20:56:00,2026-08-07 21:14:00,2026-08-07 21:22:57.617823,2026-08-07 22:08:48.000000,2026-08-07 22:09:18.815766,2026-08-07 22:15:52.506467,orders_table,True,,7.075107783333333,True,False,0.5135961,6.561511683333333,True,8.960297050000001,-1.8851892666666679,False,0,0,False,0,False
O00985,C0579,R037,D071,D071,delivered,2026-08-26 19:57:00,2026-08-26 20:15:00,2026-08-26 20:30:16.354201,2026-08-26 21:03:12.569936,2026-08-26 21:08:15.337925,2026-08-26 21:04:49.635612,orders_table,True,,1.6177612666666665,True,False,5.04613315,-3.4283718833333334,True,15.272570016666666,-13.654808749999999,True,0,0,False,1,True
O00986,C0713,R008,D056,D056,delivered,2026-08-26 22:31:00,2026-08-26 22:49:00,2026-08-26 22:53:19.971787,2026-08-26 23:37:09.877250,2026-08-26 23:47:09.877250,2026-08-26 23:32:59.520668,orders_table,True,,-4.1726097,False,False,10.0,-14.1726097,True,4.332863116666667,-8.505472816666668,False,0,0,False,1,True
O00987,C0617,R050,D056,D056,delivered,2026-08-17 22:46:00,2026-08-17 23:04:00,2026-08-17 23:00:17.480757,2026-08-17 23:58:48.000000,2026-08-17 23:58:48.000000,2026-08-17 23:44:25.577751,orders_table,True,,-14.37370415,False,False,0.0,-14.37370415,True,-3.70865405,-10.6650501,False,0,0,False,0,False
O00988,C0389,R023,D063,D063,delivered,2026-08-04 13:23:00,2026-08-04 13:41:00,2026-08-04 13:57:58.569651,2026-08-04 14:31:34.596669,2026-08-04 14:42:05.401932,2026-08-04 14:41:31.086690,orders_table,True,,9.94150035,True,False,10.51342105,-0.5719207,True,16.97616085,-7.034660499999999,True,1,1,True,0,False
O00989,C0781,R023,D113,D113,delivered,2026-08-24 20:56:00,2026-08-24 21:14:00,2026-08-24 21:14:12.264571,2026-08-24 21:44:55.817829,2026-08-24 21:48:55.817829,2026-08-24 21:36:26.466375,orders_table,True,,-8.4891909,False,False,4.0,-12.4891909,True,0.20440951666666668,-8.693600416666667,False,0,0,False,0,False
O00990,C0637,R011,D066,D066,delivered,2026-08-19 21:36:00,2026-08-19 21:54:00,2026-08-19 21:57:40.052569,2026-08-19 22:35:13.158780,2026-08-19 22:40:21.774362,2026-08-19 22:28:34.066850,orders_table,True,,-6.651532166666667,False,False,5.1435930333333335,-11.7951252,True,3.667542816666667,-10.319074983333334,False,0,0,False,1,False
O00991,C0164,R033,D001,D001,delivered,2026-08-19 20:42:00,2026-08-19 21:00:00,2026-08-19 21:18:06.123295,2026-08-19 21:54:48.000000,2026-08-19 21:57:08.066145,2026-08-19 22:06:13.971000,orders_table,True,,11.43285,True,True,2.33443575,9.09841425,True,18.102054916666667,-6.669204916666667,True,0,1,True,0,False
O00992,C0568,R053,D022,D022,delivered,2026-08-04 13:03:00,2026-08-04 13:21:00,2026-08-04 13:46:06.832195,2026-08-04 13:54:16.308634,2026-08-04 14:09:44.987003,2026-08-04 14:19:38.514741,orders_table,True,,25.370101783333332,True,True,15.477972816666666,9.892128966666666,True,25.113869916666665,0.256231866666667,True,0,0,False,0,False
O00993,C0283,R051,D081,D081,delivered,2026-08-04 13:11:00,2026-08-04 13:29:00,2026-08-04 13:46:01.506150,2026-08-04 13:53:39.830237,2026-08-04 14:01:12.938235,2026-08-04 14:02:54.204601,orders_table,True,,9.239572733333334,True,False,7.551799966666667,1.6877727666666666,True,17.0251025,-7.785529766666665,True,0,0,False,1,True
O00994,C0217,R060,D112,D112,delivered,2026-08-11 14:00:00,2026-08-11 14:18:00,2026-08-11 14:20:48.872255,2026-08-11 15:08:57.638227,2026-08-11 15:18:57.638227,2026-08-11 15:09:31.959713,orders_table,True,,0.5720247666666667,True,False,10.0,-9.427975233333333,True,2.8145375833333333,-2.2425128166666664,False,0,0,False,0,False
O00995,C0746,R020,D040,D040,delivered,2026-08-22 17:33:00,2026-08-22 17:51:00,2026-08-22 18:30:31.333726,2026-08-22 18:45:48.000000,2026-08-22 18:55:19.092460,2026-08-22 19:17:31.238213,orders_table,True,,31.720636883333334,True,True,9.518207666666665,22.202429216666665,True,39.522228766666665,-7.80159188333333,True,1,1,True,0,False
O00996,C0563,R011,D050,D050,delivered,2026-08-26 20:41:00,2026-08-26 20:59:00,2026-08-26 21:01:43.236508,2026-08-26 21:56:18.000000,2026-08-26 22:02:06.088064,2026-08-26 21:53:16.778036,orders_table,True,,-3.020366066666667,False,False,5.801467733333333,-8.8218338,True,2.7206084666666666,-5.7409745333333335,False,0,0,False,1,False
O00997,C0417,R036,D063,D063,delivered,2026-08-14 22:35:00,2026-08-14 22:53:00,2026-08-14 23:09:13.425045,2026-08-14 23:25:27.484239,2026-08-14 23:29:27.484239,2026-08-14 23:37:33.217826,orders_table,True,,12.095559783333334,True,True,4.0,8.095559783333334,True,16.22375075,-4.128190966666667,True,0,1,True,0,False
O00998,C0706,R030,D107,D030,delivered,2026-08-16 15:10:00,2026-08-16 15:28:00,2026-08-16 15:31:29.566377,2026-08-16 16:09:02.489190,2026-08-16 16:14:16.062484,2026-08-16 15:58:57.293678,orders_table,True,,-10.086591866666668,False,False,5.226221566666666,-15.312813433333334,True,3.49277295,-13.579364816666669,False,0,0,False,1,False
O00999,C0845,R039,D032,D032,delivered,2026-08-28 13:56:00,2026-08-28 14:14:00,2026-08-28 14:23:04.408734,2026-08-28 14:58:06.976178,2026-08-28 15:08:06.976178,2026-08-28 14:56:37.364735,orders_table,True,,-1.49352405,False,False,10.0,-11.49352405,True,9.0734789,-10.56700295,False,0,0,False,0,False
O01000,C0877,R044,D063,D063,delivered,2026-08-26 16:04:00,2026-08-26 16:22:00,2026-08-26 16:37:53.067514,2026-08-26 17:19:36.000000,2026-08-26 17:25:16.804708,2026-08-26 17:23:34.733888,orders_table,True,,3.9788981333333333,True,False,5.680078466666667,-1.7011803333333333,True,15.884458566666666,-11.905560433333333,True,0,0,False,1,True
O01001,C0181,R001,D013,D013,delivered,2026-08-15 17:07:00,2026-08-15 17:25:00,2026-08-15 17:48:10.490470,2026-08-15 18:19:48.000000,2026-08-15 18:27:26.169252,2026-08-15 18:28:47.808559,orders_table,True,,8.996809316666665,True,False,7.636154199999999,1.3606551166666667,True,23.174841166666667,-14.178031850000002,True,0,0,False,1,True
O01002,C0022,R051,D098,D098,delivered,2026-08-03 18:27:00,2026-08-03 18:45:00,2026-08-03 18:55:15.337282,2026-08-03 19:24:54.020628,2026-08-03 19:28:54.020628,2026-08-03 19:32:32.630051,orders_table,True,,7.643490383333333,True,False,4.0,3.6434903833333334,True,10.255621366666666,-2.6121309833333335,True,0,1,True,1,False
O01003,C0622,R048,D069,D113,delivered,2026-08-15 12:32:00,2026-08-15 12:50:00,2026-08-15 12:53:03.161074,2026-08-15 13:22:35.274763,2026-08-15 13:22:35.274763,2026-08-15 13:13:49.387835,orders_table,True,,-8.764782133333334,False,False,0.0,-8.764782133333334,True,3.052684566666667,-11.8174667,False,0,0,False,1,False
O01004,C0502,R002,D028,D028,delivered,2026-08-01 11:27:00,2026-08-01 11:45:00,2026-08-01 11:40:58.064267,2026-08-01 12:33:05.112659,2026-08-01 12:33:05.112659,2026-08-01 12:21:53.298595,orders_table,True,,-11.196901066666667,False,False,0.0,-11.196901066666667,True,-4.032262216666667,-7.16463885,False,0,0,False,1,True
O01005,C0365,R027,D046,D046,delivered,2026-08-26 21:12:00,2026-08-26 21:30:00,2026-08-26 21:38:28.600392,2026-08-26 22:27:36.000000,2026-08-26 22:31:36.000000,2026-08-26 22:32:02.413758,orders_table,True,,4.4402292999999995,True,False,4.0,0.44022930000000005,True,8.4766732,-4.036443900000001,False,0,0,False,0,False
O01006,C0582,R041,D093,D093,delivered,2026-08-08 20:44:00,2026-08-08 21:02:00,2026-08-08 21:17:13.274938,2026-08-08 22:03:48.000000,2026-08-08 22:19:02.298404,2026-08-08 22:17:27.834470,orders_table,True,,13.663907833333333,True,True,15.238306733333333,-1.5743988999999998,True,15.221248966666668,-1.5573411333333347,True,1,0,True,0,False
O01007,C0633,R035,D049,D049,delivered,2026-08-22 18:58:00,2026-08-22 19:16:00,2026-08-22 19:14:40.651780,2026-08-22 20:12:21.690845,2026-08-22 20:16:21.690845,2026-08-22 20:01:17.002680,orders_table,True,,-11.078136083333334,False,False,4.0,-15.078136083333334,True,-1.3224703333333332,-9.75566575,False,0,0,False,1,False
O01008,C0027,R019,D058,D058,delivered,2026-08-02 15:38:00,2026-08-02 15:56:00,2026-08-02 15:55:13.235750,2026-08-02 16:56:06.000000,2026-08-02 17:05:11.093694,2026-08-02 16:50:11.391252,orders_table,True,,-5.9101458,False,False,9.0848949,-14.9950407,True,-0.7794041666666666,-5.130741633333333,False,0,0,False,1,True
O01009,C0148,R047,D097,D097,delivered,2026-08-22 12:26:00,2026-08-22 12:44:00,2026-08-22 12:42:03.461668,2026-08-22 13:25:43.343933,2026-08-22 13:29:43.343933,2026-08-22 13:21:00.686457,orders_table,True,,-4.710957933333333,False,False,4.0,-8.710957933333333,True,-1.9423055333333332,-2.7686523999999997,False,0,0,False,0,False
O01010,C0200,R025,D116,D116,delivered,2026-08-06 14:44:00,2026-08-06 15:02:00,2026-08-06 15:01:36.563806,2026-08-06 16:02:26.635087,2026-08-06 16:20:26.635087,2026-08-06 16:06:37.329657,orders_table,True,,4.178242833333333,True,False,18.0,-13.821757166666666,True,-0.39060323333333336,4.568846066666667,False,0,0,False,0,False
O01011,C0654,R004,D007,D007,delivered,2026-08-01 14:03:00,2026-08-01 14:21:00,2026-08-01 14:26:19.038408,2026-08-01 14:57:40.149024,2026-08-01 15:06:40.149024,2026-08-01 14:57:18.254195,orders_table,True,,-0.36491381666666667,False,False,9.0,-9.364913816666666,True,5.3173068,-5.682220616666666,False,0,0,False,0,False
O01012,C0895,R022,D062,D062,delivered,2026-08-26 12:23:00,2026-08-26 12:41:00,2026-08-26 12:45:47.865666,2026-08-26 13:37:56.898491,2026-08-26 13:47:56.898491,2026-08-26 13:40:00.505796,orders_table,True,,2.06012175,True,False,10.0,-7.9398782500000005,True,4.7977611,-2.73763935,False,0,0,False,1,False
O01013,C0590,R033,D019,D019,delivered,2026-08-24 21:32:00,2026-08-24 21:50:00,2026-08-24 21:45:22.355435,2026-08-24 22:57:48.000000,2026-08-24 23:19:48.000000,2026-08-24 22:53:39.760299,orders_table,True,,-4.13732835,False,False,22.0,-26.13732835,True,-4.627409416666667,0.49008106666666684,False,0,0,False,0,False
O01014,C0799,R009,D095,D095,delivered,2026-08-12 18:47:00,2026-08-12 19:05:00,2026-08-12 19:09:29.651287,2026-08-12 20:12:24.000000,2026-08-12 20:33:12.306701,2026-08-12 20:17:28.935133,driver_app,True,,5.082252216666666,True,False,20.805111683333333,-15.722859466666668,True,4.494188116666667,0.5880640999999995,False,0,0,False,0,False
O01015,C0280,R013,D105,D105,delivered,2026-08-22 12:53:00,2026-08-22 13:11:00,2026-08-22 13:05:57.422525,2026-08-22 13:48:21.031547,2026-08-22 13:48:21.031547,2026-08-22 13:36:22.156994,orders_table,True,,-11.98124255,False,False,0.0,-11.98124255,True,-5.0429579166666665,-6.938284633333333,False,0,0,False,0,False
O01016,C0080,R035,D024,D024,delivered,2026-08-17 13:46:00,2026-08-17 14:04:00,2026-08-17 14:09:27.817334,2026-08-17 14:52:13.766304,2026-08-17 15:02:15.982047,2026-08-17 14:50:32.520472,orders_table,True,,-1.6874305333333333,False,False,10.03692905,-11.724359583333333,True,5.463622233333334,-7.151052766666667,False,0,0,False,1,True
O01017,C0693,R045,D109,D109,delivered,2026-08-26 19:07:00,2026-08-26 19:25:00,2026-08-26 19:29:03.441625,2026-08-26 20:13:06.840348,2026-08-26 20:18:16.360403,2026-08-26 20:13:18.057704,orders_table,True,,0.18695593333333335,True,False,5.158667583333334,-4.9717116500000005,True,4.057360416666667,-3.870404483333333,False,0,0,False,0,False
O01018,C0845,R027,D009,D009,delivered,2026-08-22 19:11:00,2026-08-22 19:29:00,2026-08-22 19:32:46.062982,2026-08-22 20:26:36.000000,2026-08-22 20:30:36.000000,2026-08-22 20:20:29.111170,orders_table,True,,-6.114813833333333,False,False,4.0,-10.114813833333333,True,3.767716366666667,-9.8825302,False,0,0,False,1,True
O01019,C0815,R009,D001,D001,delivered,2026-08-18 16:24:00,2026-08-18 16:42:00,2026-08-18 16:34:00.966668,2026-08-18 17:42:48.000000,2026-08-18 17:54:48.000000,2026-08-18 17:33:00.174458,orders_table,True,,-9.797092366666668,False,False,12.0,-21.797092366666668,True,-7.983888866666666,-1.813203500000002,False,0,0,False,0,False
O01020,C0816,R028,D017,D017,delivered,2026-08-08 19:56:00,2026-08-08 20:14:00,2026-08-08 20:18:26.157514,2026-08-08 20:54:51.628658,2026-08-08 21:13:02.802042,2026-08-08 21:02:05.481816,orders_table,True,,7.2308859666666665,True,False,18.186223066666667,-10.955337100000001,True,4.435958566666667,2.7949273999999997,False,0,1,True,1,False
O01021,C0290,R048,D035,D035,delivered,2026-08-27 12:57:00,2026-08-27 13:15:00,2026-08-27 13:19:48.897313,2026-08-27 14:16:48.000000,2026-08-27 14:26:48.000000,2026-08-27 14:17:50.290594,orders_table,True,,1.0381765666666667,True,False,10.0,-8.961823433333333,True,4.814955216666666,-3.77677865,False,0,0,False,0,False
O01022,C0831,R052,D050,D050,delivered,2026-08-14 21:21:00,2026-08-14 21:39:00,2026-08-14 21:29:47.448144,2026-08-14 22:07:55.736861,2026-08-14 22:07:55.736861,2026-08-14 21:48:37.916495,orders_table,True,,-19.297006099999997,False,False,0.0,-19.297006099999997,True,-9.209197600000001,-10.087808499999996,False,0,0,False,0,False
O01023,C0116,R039,D084,D084,cancelled,2026-08-04 19:27:00,2026-08-04 19:45:00,2026-08-04 19:56:35.992831,2026-08-04 20:14:40.347282,2026-08-04 20:18:40.347282,,,False,not_delivered,,,,4.0,,False,,,,0,0,False,1,False
O01024,C0232,R041,D090,D090,delivered,2026-08-28 12:48:00,2026-08-28 13:06:00,2026-08-28 13:28:30.808995,2026-08-28 14:10:18.000000,2026-08-28 14:27:02.181337,2026-08-28 14:26:58.138192,orders_table,True,,16.668969866666668,True,True,16.736355616666668,-0.06738575,True,22.51348325,-5.844513383333332,True,0,0,False,0,False
O01025,C0392,R019,D015,D015,delivered,2026-08-18 13:17:00,2026-08-18 13:35:00,2026-08-18 13:36:50.633539,2026-08-18 14:29:48.000000,2026-08-18 14:31:41.900260,2026-08-18 14:21:54.223143,orders_table,True,,-7.89628095,False,False,1.8983376666666667,-9.794618616666666,True,1.8438923166666668,-9.740173266666668,False,0,0,False,1,True
O01026,C0786,R014,D115,D115,delivered,2026-08-08 19:37:00,2026-08-08 19:55:00,2026-08-08 19:52:59.797073,2026-08-08 20:52:36.000000,2026-08-08 20:56:36.000000,2026-08-08 20:45:58.792666,orders_table,True,,-6.620122233333333,False,False,4.0,-10.620122233333332,True,-2.0033821166666668,-4.616740116666667,False,0,0,False,0,False
O01027,C0285,R020,D034,D034,delivered,2026-08-05 20:43:00,2026-08-05 21:01:00,2026-08-05 21:07:59.373980,2026-08-05 21:58:18.000000,2026-08-05 22:03:37.351691,2026-08-05 21:57:42.761471,orders_table,True,,-0.5873088166666667,False,False,5.3225281833333336,-5.909837,True,6.989566333333333,-7.57687515,False,0,0,False,0,False
O01028,C0080,R004,D033,D033,delivered,2026-08-24 12:53:00,2026-08-24 13:11:00,2026-08-24 13:26:02.698286,2026-08-24 14:02:33.830992,2026-08-24 14:06:33.830992,2026-08-24 14:15:01.674812,orders_table,True,,12.464063666666668,True,True,4.0,8.464063666666666,True,15.044971433333334,-2.580907766666666,True,0,0,False,0,False
O01029,C0605,R044,D101,D101,delivered,2026-08-01 19:41:00,2026-08-01 19:59:00,2026-08-01 20:11:01.234013,2026-08-01 20:48:50.671196,2026-08-01 21:01:11.094811,2026-08-01 20:55:39.925033,orders_table,True,,6.820897283333333,True,False,12.340393583333334,-5.5194963,True,12.020566883333334,-5.199669600000001,True,0,0,False,0,False
O01030,C0408,R047,D072,D072,delivered,2026-08-16 17:20:00,2026-08-16 17:38:00,2026-08-16 18:02:45.901175,2026-08-16 18:39:48.000000,2026-08-16 19:00:16.056120,2026-08-16 19:01:09.344020,orders_table,True,,21.355733666666666,True,True,20.467602,0.8881316666666667,True,24.765019583333334,-3.4092859166666685,True,1,0,True,0,False
O01031,C0526,R054,D010,D010,delivered,2026-08-10 20:14:00,2026-08-10 20:32:00,2026-08-10 20:42:25.477146,2026-08-10 21:26:48.000000,2026-08-10 21:27:01.587085,2026-08-10 21:28:25.181580,orders_table,True,,1.619693,True,False,0.22645141666666666,1.3932415833333331,True,10.4246191,-8.8049261,True,0,0,False,1,True
O01032,C0605,R057,D053,D053,delivered,2026-08-23 16:06:00,2026-08-23 16:24:00,2026-08-23 16:36:43.452369,2026-08-23 17:21:36.000000,2026-08-23 17:25:36.000000,2026-08-23 17:24:19.414600,orders_table,True,,2.7235766666666668,True,False,4.0,-1.2764233333333335,True,12.724206149999999,-10.000629483333332,True,0,0,False,0,False
O01033,C0069,R017,D076,D076,delivered,2026-08-25 20:27:00,2026-08-25 20:45:00,2026-08-25 21:10:25.139964,2026-08-25 21:52:24.000000,2026-08-25 22:13:11.007864,2026-08-25 22:13:05.142284,orders_table,True,,20.685704733333335,True,True,20.7834644,-0.09775966666666666,True,25.4189994,-4.733294666666666,True,0,0,False,0,False
O01034,C0261,R040,D076,D076,delivered,2026-08-28 18:16:00,2026-08-28 18:34:00,2026-08-28 18:44:55.877517,2026-08-28 19:26:18.874295,2026-08-28 19:32:05.118496,2026-08-28 19:26:11.096267,driver_app,True,,-0.1296338,False,False,5.770736683333333,-5.900370483333333,True,10.93129195,-11.060925750000001,True,0,0,False,0,False
O01035,C0316,R049,D102,D102,delivered,2026-08-12 18:50:00,2026-08-12 19:08:00,2026-08-12 19:10:43.770435,2026-08-12 20:04:38.608651,2026-08-12 20:19:38.608651,2026-08-12 20:13:13.561689,orders_table,True,,8.582550633333334,True,False,15.0,-6.417449366666667,True,2.7295072499999997,5.853043383333334,False,1,0,True,0,False
O01036,C0276,R018,D099,D099,delivered,2026-08-17 15:47:00,2026-08-17 16:05:00,2026-08-17 16:21:59.799755,2026-08-17 16:50:13.343397,2026-08-17 17:00:36.874368,2026-08-17 17:04:27.312581,orders_table,True,,14.232819733333335,True,True,10.392182850000001,3.840636883333333,True,16.996662583333332,-2.763842849999998,True,0,0,False,0,False
O01037,C0676,R059,D052,D052,delivered,2026-08-17 13:08:00,2026-08-17 13:26:00,2026-08-17 13:28:22.161006,2026-08-17 14:05:39.545908,2026-08-17 14:06:10.109710,2026-08-17 14:02:53.255699,orders_table,True,,-2.7715034833333334,False,False,0.5093967,-3.2809001833333338,True,2.3693500999999997,-5.1408535833333335,False,0,0,False,0,False
O01038,C0760,R006,D052,D052,delivered,2026-08-28 13:56:00,2026-08-28 14:14:00,2026-08-28 14:16:10.404652,2026-08-28 15:07:23.966076,2026-08-28 15:08:30.033785,2026-08-28 14:58:14.885752,orders_table,True,,-9.151338733333334,False,False,1.1011284833333332,-10.252467216666668,True,2.1734108666666665,-11.3247496,False,0,0,False,0,False
O01039,C0186,R009,D067,D067,delivered,2026-08-13 20:15:00,2026-08-13 20:33:00,2026-08-13 20:37:10.644235,2026-08-13 21:34:48.000000,2026-08-13 21:45:16.020483,2026-08-13 21:31:02.871233,orders_table,True,,-3.7521461166666668,False,False,10.46700805,-14.219154166666668,True,4.177403916666667,-7.929550033333333,False,0,0,False,0,False
O01040,C0601,R003,D006,D006,delivered,2026-08-01 19:03:00,2026-08-01 19:21:00,2026-08-01 19:24:04.111763,2026-08-01 20:22:48.000000,2026-08-01 20:33:20.282677,2026-08-01 20:19:38.372219,orders_table,True,,-3.1604630166666667,False,False,10.538044616666667,-13.698507633333332,True,3.0685293833333334,-6.2289924,False,0,0,False,0,False
O01041,C0209,R013,D022,D022,delivered,2026-08-09 19:14:00,2026-08-09 19:32:00,2026-08-09 20:04:20.453502,2026-08-09 20:21:25.701997,2026-08-09 20:26:07.628322,2026-08-09 20:48:52.180778,orders_table,True,,27.441313016666665,True,True,4.698772083333334,22.74254093333333,True,32.3408917,-4.899578683333335,True,1,0,True,0,False
O01042,C0275,R017,D021,D021,delivered,2026-08-06 15:16:00,2026-08-06 15:34:00,2026-08-06 15:47:48.269519,2026-08-06 16:35:16.018297,2026-08-06 17:06:25.058489,2026-08-06 16:50:13.248466,orders_table,True,,14.95383615,True,True,31.150669866666664,-16.196833716666667,True,13.804491983333332,1.149344166666669,True,0,0,False,0,False
O01043,C0101,R008,D021,D021,delivered,2026-08-22 19:58:00,2026-08-22 20:16:00,2026-08-22 20:22:23.738143,2026-08-22 21:17:02.677029,2026-08-22 21:28:15.106696,2026-08-22 21:19:23.213919,orders_table,True,,2.3422815,True,False,11.207161116666667,-8.864879616666666,True,6.395635716666666,-4.053354216666666,False,0,0,False,0,False
O01044,C0249,R018,D016,D016,delivered,2026-08-05 21:48:00,2026-08-05 22:06:00,2026-08-05 22:15:38.226925,2026-08-05 22:44:32.734576,2026-08-05 22:55:09.846854,2026-08-05 22:45:44.697860,orders_table,True,,1.1993880666666668,True,False,10.618537966666667,-9.4191499,True,9.637115416666667,-8.43772735,False,0,0,False,0,False
O01045,C0608,R024,D070,D070,delivered,2026-08-28 20:38:00,2026-08-28 20:56:00,2026-08-28 20:56:51.061534,2026-08-28 21:59:36.000000,2026-08-28 22:16:17.612702,2026-08-28 21:56:40.869201,orders_table,True,,-2.91884665,False,False,16.693545033333333,-19.612391683333332,True,0.8510255666666667,-3.7698722166666667,False,0,0,False,0,False
O01046,C0850,R027,D090,D090,delivered,2026-08-05 23:41:00,2026-08-05 23:59:00,2026-08-06 00:11:10.801507,2026-08-06 01:00:48.000000,2026-08-06 01:12:14.876356,2026-08-06 01:14:15.516214,orders_table,True,,13.458603566666666,True,True,11.447939266666667,2.0106643,True,12.180025116666666,1.2785784499999995,True,0,0,False,0,False
O01047,C0518,R030,D021,D021,delivered,2026-08-01 13:11:00,2026-08-01 13:29:00,2026-08-01 13:47:22.467159,2026-08-01 14:24:40.458655,2026-08-01 14:37:22.371884,2026-08-01 14:34:56.220875,orders_table,True,,10.262703666666665,True,True,12.698553816666667,-2.43585015,True,18.374452650000002,-8.111748983333337,True,0,0,False,0,False
O01048,C0848,R012,D051,D051,delivered,2026-08-10 13:24:00,2026-08-10 13:42:00,2026-08-10 13:53:15.845565,2026-08-10 14:43:48.000000,2026-08-10 14:56:56.824028,2026-08-10 14:48:59.819170,orders_table,True,,5.196986166666666,True,False,13.147067133333334,-7.9500809666666665,True,11.26409275,-6.0671065833333335,True,0,0,False,0,False
O01049,C0090,R002,D082,D082,delivered,2026-08-26 20:54:00,2026-08-26 21:12:00,2026-08-26 21:29:10.457870,2026-08-26 22:09:36.000000,2026-08-26 22:13:36.000000,2026-08-26 22:15:48.288397,orders_table,True,,6.204806616666667,True,False,4.0,2.2048066166666667,True,17.174297833333334,-10.969491216666668,True,0,0,False,0,False
O01050,C0649,R058,D110,D110,delivered,2026-08-25 17:11:00,2026-08-25 17:29:00,2026-08-25 17:29:55.825280,2026-08-25 18:26:18.000000,2026-08-25 18:31:18.000000,2026-08-25 18:23:19.142991,orders_table,True,,-2.98095015,False,False,5.0,-7.98095015,True,0.9304213333333333,-3.9113714833333333,False,0,0,False,0,False
O01051,C0571,R028,D042,D042,delivered,2026-08-22 17:17:00,2026-08-22 17:35:00,2026-08-22 17:41:36.979266,2026-08-22 18:29:48.000000,2026-08-22 18:31:26.746590,2026-08-22 18:26:09.565846,orders_table,True,,-3.6405692333333333,False,False,1.6457765,-5.2863457333333335,True,6.6163210999999995,-10.256890333333333,False,0,0,False,0,False
O01052,C0704,R002,D066,D066,delivered,2026-08-04 17:52:00,2026-08-04 18:10:00,2026-08-04 18:08:07.975887,2026-08-04 19:17:24.000000,2026-08-04 19:35:24.000000,2026-08-04 19:09:37.566395,driver_app,True,,-7.773893416666667,False,False,18.0,-25.773893416666667,True,-1.86706855,-5.906824866666667,False,0,0,False,0,False
O01053,C0821,R049,D064,D064,delivered,2026-08-19 18:25:00,2026-08-19 18:43:00,2026-08-19 18:55:48.952065,2026-08-19 19:12:43.812647,2026-08-19 19:14:34.185319,2026-08-19 19:07:24.726535,orders_table,True,,-5.318101866666667,False,False,1.8395445333333333,-7.1576464,True,12.815867749999999,-18.133969616666665,True,0,0,False,0,False
O01054,C0482,R051,D087,D087,delivered,2026-08-12 18:04:00,2026-08-12 18:22:00,2026-08-12 18:39:48.391798,2026-08-12 19:11:09.987654,2026-08-12 19:26:41.807391,2026-08-12 19:23:23.520233,orders_table,True,,12.225542983333334,True,True,15.530328950000001,-3.3047859666666666,True,17.80652996666667,-5.580986983333336,True,0,0,False,0,False
O01055,C0076,R013,D108,D108,delivered,2026-08-28 11:57:00,2026-08-28 12:15:00,2026-08-28 12:23:49.454606,2026-08-28 12:41:17.145484,2026-08-28 12:52:37.854339,2026-08-28 12:38:58.225538,orders_table,True,,-2.3153324333333334,False,False,11.345147583333333,-13.660480016666666,True,8.824243433333333,-11.139575866666666,False,0,0,False,1,False
O01056,C0898,R052,D005,D005,delivered,2026-08-06 20:06:00,2026-08-06 20:24:00,2026-08-06 20:22:40.721599,2026-08-06 21:21:45.813685,2026-08-06 21:31:46.805288,2026-08-06 21:12:12.535206,orders_table,True,,-9.554641316666666,False,False,10.016526716666668,-19.571168033333333,True,-1.3213066833333333,-8.233334633333333,False,0,0,False,0,False
O01057,C0278,R023,D089,D089,delivered,2026-08-17 19:28:00,2026-08-17 19:46:00,2026-08-17 19:54:29.256017,2026-08-17 20:20:29.467762,2026-08-17 20:21:36.886299,2026-08-17 20:20:42.816056,orders_table,True,,0.22247156666666665,True,False,1.1236422833333333,-0.9011707166666666,True,8.487600283333332,-8.265128716666666,False,0,0,False,0,False
O01058,C0356,R013,D034,D034,cancelled,2026-08-14 20:08:00,2026-08-14 20:26:00,2026-08-14 21:01:56.238771,2026-08-14 20:56:08.930801,2026-08-14 21:08:55.663659,,,False,not_delivered,,,,12.778880966666666,,False,,,,0,0,False,1,False
O01059,C0505,R042,D105,D105,delivered,2026-08-03 19:14:00,2026-08-03 19:32:00,2026-08-03 19:48:49.432794,2026-08-03 20:41:54.000000,2026-08-03 21:04:54.000000,2026-08-03 21:01:48.610929,orders_table,True,,19.91018215,True,True,23.0,-3.08981785,True,16.823879899999998,3.086302250000003,True,0,0,False,0,False
O01060,C0057,R011,D046,D046,delivered,2026-08-26 15:03:00,2026-08-26 15:21:00,2026-08-26 15:33:30.003991,2026-08-26 16:15:48.000000,2026-08-26 16:15:48.000000,2026-08-26 16:19:14.894808,orders_table,True,,3.4482468,True,False,0.0,3.4482468,True,12.500066516666667,-9.051819716666667,True,0,0,False,1,True
O01061,C0683,R012,D075,D075,delivered,2026-08-01 18:03:00,2026-08-01 18:21:00,2026-08-01 18:27:39.272030,2026-08-01 19:20:56.275754,2026-08-01 19:35:56.275754,2026-08-01 19:21:21.805305,orders_table,True,,0.4254925166666667,True,False,15.0,-14.574507483333333,True,6.654533833333333,-6.229041316666666,False,0,0,False,0,False
O01062,C0424,R042,D117,D117,delivered,2026-08-03 20:02:00,2026-08-03 20:20:00,2026-08-03 20:32:19.576405,2026-08-03 21:21:48.000000,2026-08-03 21:31:48.000000,2026-08-03 21:25:15.757529,orders_table,True,,3.4626254833333334,True,False,10.0,-6.5373745166666675,True,12.326273416666668,-8.863647933333334,True,0,0,False,0,False
O01063,C0171,R017,D055,D055,delivered,2026-08-27 23:05:00,2026-08-27 23:23:00,2026-08-27 23:26:01.428913,2026-08-28 00:24:48.000000,2026-08-28 00:34:48.000000,2026-08-28 00:25:21.624782,orders_table,True,,0.5604130333333334,True,False,10.0,-9.439586966666667,True,3.0238152166666667,-2.4634021833333333,False,0,0,False,0,False
O01064,C0533,R052,D097,D097,delivered,2026-08-09 15:30:00,2026-08-09 15:48:00,2026-08-09 15:55:36.803271,2026-08-09 16:49:48.000000,2026-08-09 16:59:48.000000,2026-08-09 16:54:05.901009,orders_table,True,,4.29835015,True,False,10.0,-5.70164985,True,7.61338785,-3.3150376999999995,False,0,0,False,0,False
O01065,C0689,R022,D040,D040,delivered,2026-08-03 11:21:00,2026-08-03 11:39:00,2026-08-03 11:53:55.531640,2026-08-03 12:15:28.159866,2026-08-03 12:15:28.159866,2026-08-03 12:19:43.741016,orders_table,True,,4.259685833333333,True,False,0.0,4.259685833333333,True,14.925527333333333,-10.665841499999999,True,0,0,False,0,False
O01066,C0025,R027,D101,D101,cancelled,2026-08-28 22:26:00,2026-08-28 22:44:00,2026-08-28 22:44:17.751062,2026-08-28 23:41:36.000000,2026-08-28 23:45:56.049940,,,False,not_delivered,,,,4.334165666666666,,False,,,,0,0,False,0,False
O01067,C0788,R031,D070,D070,delivered,2026-08-19 18:45:00,2026-08-19 19:03:00,2026-08-19 19:09:53.807457,2026-08-19 20:00:01.121441,2026-08-19 20:24:56.812744,2026-08-19 20:00:05.273355,orders_table,True,,0.06919856666666666,True,False,24.928188383333335,-24.858989816666668,True,6.89679095,-6.827592383333333,False,0,0,False,0,False
O01068,C0244,R014,D079,D079,delivered,2026-08-15 20:59:00,2026-08-15 21:17:00,2026-08-15 21:20:51.520837,2026-08-15 22:14:36.000000,2026-08-15 22:18:36.000000,2026-08-15 22:13:21.738057,orders_table,True,,-1.23769905,False,False,4.0,-5.23769905,True,3.8586806166666667,-5.0963796666666665,False,0,0,False,1,False
O01069,C0789,R034,D044,D044,delivered,2026-08-11 22:20:00,2026-08-11 22:38:00,2026-08-11 22:44:00.157200,2026-08-11 23:32:48.000000,2026-08-11 23:33:39.039897,2026-08-11 23:30:44.700509,orders_table,True,,-2.0549915166666666,False,False,0.8506649500000001,-2.905656466666667,True,6.002619999999999,-8.057611516666666,False,0,0,False,0,False
O01070,C0436,R020,D026,D026,delivered,2026-08-13 12:43:00,2026-08-13 13:01:00,2026-08-13 13:11:38.794160,2026-08-13 13:29:51.400076,2026-08-13 13:31:54.548393,2026-08-13 13:30:53.597260,orders_table,True,,1.0366197333333333,True,False,2.05247195,-1.0158522166666666,True,10.646569333333334,-9.6099496,True,0,0,False,0,False
O01071,C0379,R041,D031,D031,delivered,2026-08-23 22:43:00,2026-08-23 23:01:00,2026-08-23 23:21:46.336494,2026-08-23 23:55:48.000000,2026-08-24 00:04:59.972681,2026-08-24 00:06:32.217757,orders_table,True,,10.736962616666666,True,True,9.199544683333333,1.5374179333333333,True,20.7722749,-10.035312283333333,True,0,0,False,1,True
O01072,C0689,R046,D084,D084,delivered,2026-08-28 20:11:00,2026-08-28 20:29:00,2026-08-28 20:38:07.632394,2026-08-28 21:28:14.681007,2026-08-28 21:38:14.681007,2026-08-28 21:33:09.454400,orders_table,True,,4.912889883333333,True,False,10.0,-5.087110116666667,True,9.127206566666667,-4.214316683333333,False,0,0,False,1,True
O01073,C0011,R023,D074,D074,delivered,2026-08-07 21:29:00,2026-08-07 21:47:00,2026-08-07 21:53:33.973664,2026-08-07 22:40:53.074960,2026-08-07 22:46:27.531620,2026-08-07 22:39:05.912988,orders_table,True,,-1.7860328666666667,False,False,5.574277666666666,-7.360310533333333,True,6.566227733333333,-8.3522606,False,0,0,False,0,False
O01074,C0305,R018,D067,D067,delivered,2026-08-07 19:37:00,2026-08-07 19:55:00,2026-08-07 20:15:58.299600,2026-08-07 20:43:14.977310,2026-08-07 20:48:18.550976,2026-08-07 20:50:04.555319,orders_table,True,,6.82630015,True,False,5.0595611,1.7667390500000002,True,20.97166,-14.14535985,True,0,0,False,0,False
O01075,C0491,R025,D089,D089,delivered,2026-08-11 21:39:00,2026-08-11 21:57:00,2026-08-11 22:02:22.698105,2026-08-11 22:35:08.186269,2026-08-11 22:58:08.957795,2026-08-11 22:41:42.884375,orders_table,True,,6.578301766666667,True,False,23.012858766666668,-16.434557,True,5.37830175,1.2000000166666664,False,0,0,False,0,False
O01076,C0274,R045,D075,D091,delivered,2026-08-21 11:36:00,2026-08-21 11:54:00,2026-08-21 12:07:11.547543,2026-08-21 12:40:40.333343,2026-08-21 12:49:40.333343,2026-08-21 12:52:52.074335,orders_table,True,,12.1956832,True,True,9.0,3.1956832,True,13.19245905,-0.9967758500000006,True,1,0,True,0,False
O01077,C0463,R006,D115,D115,cancelled,2026-08-19 21:19:00,2026-08-19 21:37:00,2026-08-19 21:36:29.077835,2026-08-19 22:40:36.000000,2026-08-19 22:57:25.308963,,,False,not_delivered,,,,16.82181605,,False,,,,0,0,False,1,False
O01078,C0563,R029,D018,D018,cancelled,2026-08-25 21:10:00,2026-08-25 21:28:00,2026-08-25 21:23:37.168537,2026-08-25 22:05:33.725893,2026-08-25 22:09:53.154697,,,False,not_delivered,,,,4.323813400000001,,False,,,,0,0,False,1,False
O01079,C0686,R018,D067,D067,delivered,2026-08-11 15:57:00,2026-08-11 16:15:00,2026-08-11 16:26:14.005923,2026-08-11 17:04:04.690433,2026-08-11 17:09:56.243173,2026-08-11 17:03:14.578512,orders_table,True,,-0.8351986833333334,False,False,5.859212333333333,-6.694411016666667,True,11.233432050000001,-12.068630733333334,True,0,0,False,0,False
O01080,C0625,R054,D009,D009,delivered,2026-08-24 20:36:00,2026-08-24 20:54:00,2026-08-24 20:59:24.141759,2026-08-24 21:51:18.000000,2026-08-24 21:56:18.000000,2026-08-24 21:47:14.169042,driver_app,True,,-4.0638493,False,False,5.0,-9.0638493,True,5.40236265,-9.46621195,False,0,0,False,0,False
O01081,C0554,R048,D082,D082,delivered,2026-08-13 17:14:00,2026-08-13 17:32:00,2026-08-13 18:19:53.467196,2026-08-13 18:15:46.613098,2026-08-13 18:37:31.815963,2026-08-13 19:06:02.677891,orders_table,True,,50.26774655,True,True,21.753381083333334,28.514365466666668,True,47.891119933333336,2.3766266166666625,True,0,0,False,0,False
O01082,C0677,R029,D033,D033,delivered,2026-08-14 16:25:00,2026-08-14 16:43:00,2026-08-14 16:52:03.014118,2026-08-14 17:38:29.634636,2026-08-14 17:51:44.152572,2026-08-14 17:44:10.330019,orders_table,True,,5.678256383333333,True,False,13.241965599999999,-7.563709216666667,True,9.0502353,-3.3719789166666674,False,0,1,True,0,False
O01083,C0281,R011,D117,D117,delivered,2026-08-01 19:08:00,2026-08-01 19:26:00,2026-08-01 19:49:51.710400,2026-08-01 20:20:48.000000,2026-08-01 20:26:52.743264,2026-08-01 20:34:53.904706,orders_table,True,,14.098411766666667,True,True,6.0790544,8.019357366666666,True,23.861839999999997,-9.76342823333333,True,1,0,True,0,False
O01084,C0823,R046,D108,D108,delivered,2026-08-06 12:58:00,2026-08-06 13:16:00,2026-08-06 13:16:08.740959,2026-08-06 14:25:14.337155,2026-08-06 14:48:14.337155,2026-08-06 14:21:06.870413,orders_table,True,,-4.1244457,False,False,23.0,-27.124445700000003,True,0.14568265,-4.27012835,False,0,0,False,0,False
O01085,C0846,R026,D074,D074,delivered,2026-08-12 16:35:00,2026-08-12 16:53:00,2026-08-12 16:56:50.642234,2026-08-12 17:47:48.000000,2026-08-12 17:47:48.000000,2026-08-12 17:38:36.002993,orders_table,True,,-9.199950116666667,False,False,0.0,-9.199950116666667,True,3.8440372333333332,-13.04398735,False,0,0,False,0,False
O01086,C0273,R046,D049,D049,delivered,2026-08-25 17:15:00,2026-08-25 17:33:00,2026-08-25 17:32:39.714023,2026-08-25 18:30:36.000000,2026-08-25 18:34:36.000000,2026-08-25 18:16:45.625876,orders_table,True,,-13.839568733333333,False,False,4.0,-17.839568733333333,True,-0.33809961666666666,-13.501469116666668,False,0,0,False,0,False
O01087,C0714,R017,D120,D120,delivered,2026-08-02 19:32:00,2026-08-02 19:50:00,2026-08-02 20:05:35.387861,2026-08-02 20:42:53.850119,2026-08-02 20:43:29.195882,2026-08-02 20:51:21.080393,orders_table,True,,8.4538379,True,False,0.58909605,7.86474185,True,15.589797683333334,-7.135959783333334,True,1,0,True,0,False
O01088,C0488,R023,D105,D105,delivered,2026-08-09 19:46:00,2026-08-09 20:04:00,2026-08-09 20:20:55.454727,2026-08-09 20:40:12.409675,2026-08-09 20:40:12.409675,2026-08-09 20:44:47.958677,orders_table,True,,4.5924833666666665,True,False,0.0,4.5924833666666665,True,16.92424545,-12.331762083333334,True,0,0,False,0,False
O01089,C0424,R013,D112,D112,delivered,2026-08-21 14:03:00,2026-08-21 14:21:00,2026-08-21 14:36:47.904764,2026-08-21 15:18:36.000000,2026-08-21 15:31:42.064812,2026-08-21 15:27:11.077344,orders_table,True,,8.5846224,True,False,13.1010802,-4.5164577999999995,True,15.798412733333333,-7.213790333333332,True,1,0,True,0,False
O01090,C0338,R016,D112,D112,delivered,2026-08-03 17:56:00,2026-08-03 18:14:00,2026-08-03 18:13:57.364603,2026-08-03 19:08:48.000000,2026-08-03 19:08:48.000000,2026-08-03 19:01:37.420245,orders_table,True,,-7.176329249999999,False,False,0.0,-7.176329249999999,True,-0.043923283333333334,-7.132405966666666,False,0,0,False,0,False
O01091,C0609,R021,D059,D059,delivered,2026-08-05 20:43:00,2026-08-05 21:01:00,2026-08-05 21:08:27.791472,2026-08-05 21:55:48.000000,2026-08-05 21:55:50.161246,2026-08-05 21:55:38.785518,orders_table,True,,-0.1535747,False,False,0.03602076666666666,-0.18959546666666668,True,7.4631912,-7.6167659,False,0,0,False,0,False
O01092,C0858,R042,D116,D116,delivered,2026-08-24 22:13:00,2026-08-24 22:31:00,2026-08-24 22:40:37.890573,2026-08-24 23:14:14.650810,2026-08-24 23:19:14.650810,2026-08-24 23:16:15.447779,orders_table,True,,2.0132828166666665,True,False,5.0,-2.9867171833333335,True,9.63150955,-7.6182267333333336,False,0,0,False,0,False
O01093,C0064,R042,D029,D029,delivered,2026-08-04 17:00:00,2026-08-04 17:18:00,2026-08-04 17:06:20.937945,2026-08-04 17:48:32.477386,2026-08-04 17:52:40.852564,2026-08-04 17:28:33.083782,orders_table,True,,-19.989893400000003,False,False,4.1395863,-24.1294797,True,-11.65103425,-8.338859150000003,False,0,0,False,0,False
O01094,C0216,R010,D119,D056,delivered,2026-08-05 12:32:00,2026-08-05 12:50:00,2026-08-05 13:08:31.521741,2026-08-05 13:40:30.215231,2026-08-05 13:56:57.502974,2026-08-05 13:57:59.231919,orders_table,True,,17.483611466666666,True,True,16.454795716666666,1.0288157500000001,True,18.52536235,-1.0417508833333358,True,1,1,True,1,False
O01095,C0894,R003,D115,D115,delivered,2026-08-10 19:24:00,2026-08-10 19:42:00,2026-08-10 19:44:12.854236,2026-08-10 20:36:48.000000,2026-08-10 20:37:03.344695,2026-08-10 20:27:41.245047,orders_table,True,,-9.11258255,False,False,0.25574491666666666,-9.368327466666667,True,2.2142372666666663,-11.326819816666667,False,0,0,False,0,False
O01096,C0456,R046,D060,D060,cancelled,2026-08-11 15:09:00,2026-08-11 15:27:00,2026-08-11 15:27:35.666845,2026-08-11 16:04:42.595917,2026-08-11 16:04:42.595917,,,False,not_delivered,,,,0.0,,False,,,,0,0,False,0,False
O01097,C0551,R039,D008,D008,delivered,2026-08-24 19:26:00,2026-08-24 19:44:00,2026-08-24 19:55:50.018799,2026-08-24 20:38:48.000000,2026-08-24 20:38:48.000000,2026-08-24 20:40:53.497529,orders_table,True,,2.0916254833333334,True,False,0.0,2.0916254833333334,True,11.833646649999999,-9.742021166666666,True,0,0,False,0,False
O01098,C0023,R057,D041,D041,delivered,2026-08-10 22:11:00,2026-08-10 22:29:00,2026-08-10 22:34:17.608398,2026-08-10 23:30:48.000000,2026-08-10 23:40:48.000000,2026-08-10 23:30:33.256242,orders_table,True,,-0.24572929999999998,False,False,10.0,-10.245729299999999,True,5.2934733000000005,-5.5392026,False,0,0,False,0,False
O01099,C0016,R045,D111,D111,delivered,2026-08-22 18:25:00,2026-08-22 18:43:00,2026-08-22 18:58:31.425369,2026-08-22 19:43:48.000000,2026-08-22 19:59:02.567009,2026-08-22 19:55:06.817015,orders_table,True,,11.313616916666666,True,True,15.242783483333334,-3.9291665666666664,True,15.52375615,-4.210139233333335,True,1,0,True,0,False
O01100,C0496,R012,D058,D058,delivered,2026-08-21 16:12:00,2026-08-21 16:30:00,2026-08-21 16:22:29.990808,2026-08-21 17:18:05.834259,2026-08-21 17:22:05.834259,2026-08-21 17:03:54.734530,orders_table,True,,-14.184995483333333,False,False,4.0,-18.184995483333335,True,-7.5001532,-6.684842283333333,False,0,0,False,0,False
O01101,C0164,R054,D055,D055,delivered,2026-08-05 12:21:00,2026-08-05 12:39:00,2026-08-05 12:49:00.960850,2026-08-05 13:36:36.000000,2026-08-05 13:40:36.000000,2026-08-05 13:37:52.992097,orders_table,True,,1.2832016166666667,True,False,4.0,-2.7167983833333333,True,10.016014166666668,-8.732812550000002,True,0,0,False,0,False
O01102,C0634,R021,D010,D010,delivered,2026-08-12 18:25:00,2026-08-12 18:43:00,2026-08-12 19:31:48.324377,2026-08-12 19:31:12.651822,2026-08-12 19:43:35.796995,2026-08-12 20:16:09.835907,orders_table,True,,44.95306808333333,True,True,12.385752883333334,32.5673152,True,48.80540628333333,-3.8523382000000055,True,0,0,False,0,False
O01103,C0642,R014,D086,D086,delivered,2026-08-18 19:15:00,2026-08-18 19:33:00,2026-08-18 19:40:52.262120,2026-08-18 20:34:48.000000,2026-08-18 20:45:08.004702,2026-08-18 20:41:42.616649,orders_table,True,,6.910277483333333,True,False,10.3334117,-3.423134216666667,True,7.871035333333333,-0.9607578500000002,False,0,0,False,0,False
O01104,C0642,R015,D105,D105,delivered,2026-08-01 11:41:00,2026-08-01 11:59:00,2026-08-01 11:55:12.820600,2026-08-01 12:49:10.089214,2026-08-01 13:00:32.188559,2026-08-01 12:41:17.622276,orders_table,True,,-7.874448966666667,False,False,11.368322416666667,-19.242771383333334,True,-3.7863233333333333,-4.088125633333334,False,0,0,False,0,False
O01105,C0526,R016,D005,D005,delivered,2026-08-22 15:57:00,2026-08-22 16:15:00,2026-08-22 16:25:18.433048,2026-08-22 17:05:34.746750,2026-08-22 17:10:34.746750,2026-08-22 17:09:20.394902,orders_table,True,,3.7608025333333335,True,False,5.0,-1.2391974666666667,True,10.307217466666666,-6.546414933333333,True,0,0,False,0,False
O01106,C0268,R006,D071,D071,delivered,2026-08-23 18:50:00,2026-08-23 19:08:00,2026-08-23 19:37:37.371643,2026-08-23 19:30:53.750429,2026-08-23 19:43:44.657771,2026-08-23 19:49:55.046399,orders_table,True,,19.021599499999997,True,True,12.848455699999999,6.1731438,True,29.622860716666665,-10.601261216666668,True,0,1,True,0,False
O01107,C0660,R040,D038,D038,delivered,2026-08-21 19:52:00,2026-08-21 20:10:00,2026-08-21 20:35:41.852841,2026-08-21 21:00:50.307899,2026-08-21 21:00:55.259492,2026-08-21 21:13:51.660760,orders_table,True,,13.022547683333332,True,True,0.08252655,12.940021133333333,True,25.697547349999997,-12.674999666666665,True,1,0,True,0,False
O01108,C0010,R035,D098,D098,delivered,2026-08-03 16:20:00,2026-08-03 16:38:00,2026-08-03 16:40:16.260774,2026-08-03 17:21:20.173057,2026-08-03 17:30:20.173057,2026-08-03 17:16:32.343524,orders_table,True,,-4.797158883333334,False,False,9.0,-13.797158883333333,True,2.2710129,-7.068171783333334,False,0,0,False,1,False
O01109,C0299,R046,D106,D106,delivered,2026-08-03 18:10:00,2026-08-03 18:28:00,2026-08-03 18:19:50.219434,2026-08-03 19:20:22.866721,2026-08-03 19:30:22.866721,2026-08-03 19:06:07.544585,orders_table,True,,-14.255368933333333,False,False,10.0,-24.255368933333333,True,-8.163009433333334,-6.092359499999999,False,0,0,False,0,False
O01110,C0155,R024,D064,D064,delivered,2026-08-24 19:31:00,2026-08-24 19:49:00,2026-08-24 19:56:05.606077,2026-08-24 20:39:55.091639,2026-08-24 20:51:49.257379,2026-08-24 20:42:31.754889,orders_table,True,,2.611054166666667,True,False,11.902762333333333,-9.291708166666666,True,7.093434616666667,-4.482380450000001,False,0,0,False,0,False
O01111,C0072,R017,D019,D019,delivered,2026-08-15 14:39:00,2026-08-15 14:57:00,2026-08-15 15:19:55.637375,2026-08-15 15:51:48.000000,2026-08-15 15:53:13.465011,2026-08-15 16:09:49.216099,orders_table,True,,18.020268316666666,True,True,1.42441685,16.595851466666666,True,22.927289583333334,-4.907021266666668,True,0,0,False,0,False
O01112,C0215,R026,D030,D030,delivered,2026-08-12 23:30:00,2026-08-12 23:48:00,2026-08-12 23:56:19.209832,2026-08-13 00:48:06.000000,2026-08-13 00:57:44.051228,2026-08-13 00:50:25.217891,orders_table,True,,2.3202981833333336,True,False,9.634187133333334,-7.31388895,True,8.320163866666666,-5.999865683333333,False,0,0,False,1,False
O01113,C0411,R018,D028,D028,delivered,2026-08-01 18:09:00,2026-08-01 18:27:00,2026-08-01 18:23:53.380281,2026-08-01 19:07:45.538427,2026-08-01 19:11:45.538427,2026-08-01 18:58:40.349270,orders_table,True,,-9.08648595,False,False,4.0,-13.08648595,True,-3.11032865,-5.976157300000001,False,0,0,False,1,False
O01114,C0352,R014,D015,D015,delivered,2026-08-28 15:25:00,2026-08-28 15:43:00,2026-08-28 15:47:41.871627,2026-08-28 16:40:36.000000,2026-08-28 16:46:11.452687,2026-08-28 16:41:47.961835,orders_table,True,,1.1993639166666665,True,False,5.5908781166666675,-4.3915142000000005,True,4.697860449999999,-3.498496533333333,False,0,0,False,1,False
O01115,C0813,R053,D117,D117,delivered,2026-08-25 19:16:00,2026-08-25 19:34:00,2026-08-25 19:38:10.739433,2026-08-25 20:41:24.000000,2026-08-25 20:59:24.000000,2026-08-25 20:40:27.102548,orders_table,True,,-0.9482908666666667,False,False,18.0,-18.948290866666664,True,4.17899055,-5.1272814166666665,False,0,0,False,1,True
O01116,C0324,R052,D090,D090,delivered,2026-08-11 14:41:00,2026-08-11 14:59:00,2026-08-11 14:55:23.520002,2026-08-11 15:53:48.000000,2026-08-11 15:53:48.000000,2026-08-11 15:44:04.055755,orders_table,True,,-9.732404083333334,False,False,0.0,-9.732404083333334,True,-3.6079999666666667,-6.124404116666668,False,0,0,False,0,False
O01117,C0810,R052,D084,D084,delivered,2026-08-01 18:20:00,2026-08-01 18:38:00,2026-08-01 18:40:32.961824,2026-08-01 19:35:36.000000,2026-08-01 19:39:36.000000,2026-08-01 19:19:17.056072,orders_table,True,,-16.315732133333334,False,False,4.0,-20.31573213333333,True,2.5493637333333337,-18.865095866666667,False,0,0,False,1,False
O01118,C0210,R024,D034,D034,delivered,2026-08-19 20:30:00,2026-08-19 20:48:00,2026-08-19 20:59:45.990280,2026-08-19 21:36:16.813041,2026-08-19 21:46:16.813041,2026-08-19 21:44:03.302164,orders_table,True,,7.774818716666667,True,False,10.0,-2.2251812833333333,True,11.766504666666666,-3.991685949999999,True,0,0,False,0,False
O01119,C0365,R028,D028,D028,cancelled,2026-08-24 15:04:00,2026-08-24 15:22:00,2026-08-24 15:17:37.290147,2026-08-24 16:20:51.229003,2026-08-24 16:30:01.672206,,,False,not_delivered,,,,9.174053383333334,,False,,,,0,0,False,1,False
O01120,C0295,R031,D010,D010,delivered,2026-08-19 20:37:00,2026-08-19 20:55:00,2026-08-19 21:08:45.999078,2026-08-19 22:02:24.000000,2026-08-19 22:22:09.766835,2026-08-19 22:12:50.414424,orders_table,True,,10.4402404,True,True,19.76278058333333,-9.322540183333333,True,13.766651300000001,-3.326410900000001,True,0,0,False,0,False
O01121,C0201,R015,D009,D009,delivered,2026-08-20 21:31:00,2026-08-20 21:49:00,2026-08-20 21:55:36.472198,2026-08-20 22:39:37.817747,2026-08-20 22:45:41.479279,2026-08-20 22:38:25.382380,orders_table,True,,-1.2072561166666667,False,False,6.061025533333334,-7.2682816500000005,True,6.607869966666667,-7.815126083333333,False,0,0,False,0,False
O01122,C0680,R052,D058,D044,delivered,2026-08-16 21:14:00,2026-08-16 21:32:00,2026-08-16 21:33:30.924706,2026-08-16 22:26:48.000000,2026-08-16 22:26:48.000000,2026-08-16 22:23:44.556588,orders_table,True,,-3.0573902,False,False,0.0,-3.0573902,True,1.5154117666666667,-4.572801966666667,False,0,0,False,1,False
O01123,C0098,R014,D063,D063,delivered,2026-08-23 19:12:00,2026-08-23 19:30:00,2026-08-23 19:40:21.599533,2026-08-23 20:24:48.000000,2026-08-23 20:24:49.265305,2026-08-23 20:20:40.486474,orders_table,True,,-4.125225433333333,False,False,0.021088416666666665,-4.14631385,True,10.359992216666665,-14.48521765,True,0,0,False,0,False
O01124,C0176,R008,D100,D100,delivered,2026-08-19 12:53:00,2026-08-19 13:11:00,2026-08-19 13:17:43.575405,2026-08-19 14:05:48.000000,2026-08-19 14:07:18.749930,2026-08-19 13:57:19.401905,orders_table,True,,-8.476634916666667,False,False,1.5124988333333333,-9.98913375,True,6.72625675,-15.202891666666666,False,0,0,False,0,False
O01125,C0249,R043,D025,D025,delivered,2026-08-18 18:19:00,2026-08-18 18:37:00,2026-08-18 18:25:45.717901,2026-08-18 19:20:37.717040,2026-08-18 19:24:37.717040,2026-08-18 19:07:43.441621,orders_table,True,,-12.904590316666667,False,False,4.0,-16.904590316666667,True,-11.238034983333334,-1.6665553333333332,False,0,0,False,0,False
O01126,C0674,R055,D082,D082,delivered,2026-08-02 15:21:00,2026-08-02 15:39:00,2026-08-02 15:33:04.788481,2026-08-02 16:24:27.826044,2026-08-02 16:26:53.741437,2026-08-02 16:06:00.064060,orders_table,True,,-18.462699733333334,False,False,2.4319232166666667,-20.89462295,True,-5.920191983333334,-12.54250775,False,0,0,False,0,False
O01127,C0610,R050,D107,D107,delivered,2026-08-21 18:22:00,2026-08-21 18:40:00,2026-08-21 18:52:43.718866,2026-08-21 19:34:48.000000,2026-08-21 19:35:42.819021,2026-08-21 19:36:00.603906,orders_table,True,,1.2100651,True,False,0.9136503499999999,0.29641475,True,12.728647766666667,-11.518582666666667,True,0,0,False,0,False
O01128,C0512,R018,D030,D030,delivered,2026-08-14 19:27:00,2026-08-14 19:45:00,2026-08-14 19:51:44.625062,2026-08-14 20:48:36.000000,2026-08-14 21:04:36.000000,2026-08-14 20:50:46.263299,orders_table,True,,2.1710549833333332,True,False,16.0,-13.828945016666667,True,6.743751033333334,-4.572696050000001,False,0,0,False,0,False
O01129,C0866,R012,D092,D092,delivered,2026-08-11 20:55:00,2026-08-11 21:13:00,2026-08-11 21:17:40.697706,2026-08-11 21:48:34.970002,2026-08-11 22:03:34.970002,2026-08-11 21:49:38.240971,orders_table,True,,1.05451615,True,False,15.0,-13.945483849999999,True,4.6782951,-3.6237789499999997,False,0,0,False,0,False
O01130,C0866,R015,D099,D099,delivered,2026-08-28 15:37:00,2026-08-28 15:55:00,2026-08-28 15:52:28.220909,2026-08-28 16:22:54.310518,2026-08-28 16:26:54.310518,2026-08-28 16:14:27.206113,orders_table,True,,-8.451740083333332,False,False,4.0,-12.451740083333334,True,-2.5296515166666667,-5.922088566666666,False,0,0,False,0,False
O01131,C0532,R006,D099,D099,delivered,2026-08-05 19:30:00,2026-08-05 19:48:00,2026-08-05 19:53:49.381338,2026-08-05 20:49:48.000000,2026-08-05 21:01:18.087880,2026-08-05 20:46:59.734670,orders_table,True,,-2.804422166666667,False,False,11.501464666666667,-14.305886833333334,True,5.823022300000001,-8.627444466666667,False,0,0,False,0,False
O01132,C0367,R010,D104,D104,delivered,2026-08-19 18:03:00,2026-08-19 18:21:00,2026-08-19 18:49:20.242900,2026-08-19 19:02:38.098935,2026-08-19 19:12:38.098935,2026-08-19 19:24:01.401437,orders_table,True,,21.388375033333332,True,True,10.0,11.388375033333334,True,28.337381666666666,-6.949006633333333,True,0,0,False,1,True
O01133,C0890,R029,D018,D018,delivered,2026-08-10 15:27:00,2026-08-10 15:45:00,2026-08-10 16:10:41.060583,2026-08-10 16:46:48.000000,2026-08-10 17:04:03.107592,2026-08-10 17:05:53.763805,orders_table,True,,19.096063416666667,True,True,17.2517932,1.8442702166666665,True,25.68434305,-6.588279633333332,True,0,0,False,0,False
O01134,C0795,R038,D025,D025,delivered,2026-08-11 21:55:00,2026-08-11 22:13:00,2026-08-11 22:21:21.024596,2026-08-11 23:10:36.000000,2026-08-11 23:16:15.038762,2026-08-11 23:13:34.612268,orders_table,True,,2.9768711333333333,True,False,5.6506460333333335,-2.6737748999999997,True,8.350409933333333,-5.3735388,False,0,0,False,0,False
O01135,C0721,R015,D076,D076,delivered,2026-08-23 17:19:00,2026-08-23 17:37:00,2026-08-23 17:49:40.919361,2026-08-23 18:23:10.732267,2026-08-23 18:24:48.100733,2026-08-23 18:29:24.781119,orders_table,True,,6.234147533333333,True,False,1.6228077666666667,4.611339766666666,True,12.68198935,-6.447841816666667,True,0,0,False,0,False
O01136,C0681,R021,D077,D077,delivered,2026-08-24 13:54:00,2026-08-24 14:12:00,2026-08-24 14:20:59.247255,2026-08-24 15:09:36.000000,2026-08-24 15:16:07.284078,2026-08-24 15:12:25.586962,orders_table,True,,2.8264493666666666,True,False,6.5214013,-3.6949519333333334,True,8.98745425,-6.161004883333334,False,0,0,False,0,False
O01137,C0119,R060,D027,D027,delivered,2026-08-27 11:35:00,2026-08-27 11:53:00,2026-08-27 11:56:03.255612,2026-08-27 13:00:48.000000,2026-08-27 13:24:00.324908,2026-08-27 13:01:13.284488,orders_table,True,,0.4214081333333333,True,False,23.205415133333336,-22.784007,True,3.0542602000000003,-2.632852066666667,False,0,0,False,0,False
O01138,C0373,R009,D024,D024,delivered,2026-08-15 21:04:00,2026-08-15 21:22:00,2026-08-15 21:43:54.490103,2026-08-15 22:19:36.000000,2026-08-15 22:27:57.834013,2026-08-15 22:30:01.266874,orders_table,True,,10.421114566666667,True,True,8.363900216666668,2.05721435,True,21.908168383333336,-11.48705381666667,True,0,0,False,1,True
O01139,C0294,R039,D058,D058,delivered,2026-08-14 17:11:00,2026-08-14 17:29:00,2026-08-14 17:36:00.508357,2026-08-14 18:02:08.617430,2026-08-14 18:09:39.950938,2026-08-14 17:57:38.699243,orders_table,True,,-4.49863645,False,False,7.522225133333333,-12.020861583333334,True,7.008472616666666,-11.507109066666667,False,0,0,False,1,False
O01140,C0555,R035,D059,D059,delivered,2026-08-19 23:13:00,2026-08-19 23:31:00,2026-08-19 23:38:28.449869,2026-08-20 00:25:48.000000,2026-08-20 00:30:42.056463,2026-08-20 00:28:14.803212,orders_table,True,,2.4467202,True,False,4.90094105,-2.45422085,True,7.474164483333333,-5.027444283333333,False,0,0,False,0,False
O01141,C0520,R014,D068,D068,delivered,2026-08-16 19:22:00,2026-08-16 19:40:00,2026-08-16 20:00:38.164704,2026-08-16 20:38:55.522372,2026-08-16 20:48:56.571941,2026-08-16 20:54:17.512590,orders_table,True,,15.366503633333334,True,True,10.017492816666667,5.349010816666667,True,20.6360784,-5.269574766666665,True,0,0,False,1,True
O01142,C0528,R041,D028,D028,delivered,2026-08-26 13:08:00,2026-08-26 13:26:00,2026-08-26 13:40:19.978315,2026-08-26 14:23:36.000000,2026-08-26 14:31:56.191838,2026-08-26 14:30:10.204032,orders_table,True,,6.5700671999999996,True,False,8.336530633333334,-1.7664634333333333,True,14.332971916666667,-7.762904716666667,True,0,1,True,0,False
O01143,C0053,R056,D017,D017,delivered,2026-08-02 21:03:00,2026-08-02 21:21:00,2026-08-02 21:25:24.906462,2026-08-02 22:21:06.000000,2026-08-02 22:30:06.000000,2026-08-02 22:22:03.635979,orders_table,True,,0.96059965,True,False,9.0,-8.03940035,True,4.415107699999999,-3.4545080499999994,False,0,0,False,1,False
O01144,C0788,R055,D017,D017,delivered,2026-08-26 21:59:00,2026-08-26 22:17:00,2026-08-26 22:44:58.916772,2026-08-26 23:21:18.000000,2026-08-26 23:42:40.942274,2026-08-26 23:51:26.036977,orders_table,True,,30.133949616666666,True,True,21.382371233333334,8.751578383333333,True,27.9819462,2.152003416666666,True,1,1,True,0,False
O01145,C0448,R035,D047,D047,delivered,2026-08-02 20:37:00,2026-08-02 20:55:00,2026-08-02 21:01:14.623348,2026-08-02 21:56:48.000000,2026-08-02 22:06:48.000000,2026-08-02 21:57:59.674709,orders_table,True,,1.1945784833333333,True,False,10.0,-8.805421516666666,True,6.243722466666667,-5.049143983333334,False,0,0,False,0,False
O01146,C0364,R024,D068,D068,delivered,2026-08-04 13:05:00,2026-08-04 13:23:00,2026-08-04 13:27:53.248984,2026-08-04 14:30:24.000000,2026-08-04 14:48:24.000000,2026-08-04 14:36:35.230297,orders_table,True,,6.187171616666666,True,False,18.0,-11.812828383333335,True,4.887483066666666,1.29968855,False,0,0,False,0,False
O01147,C0457,R004,D060,D060,delivered,2026-08-03 18:03:00,2026-08-03 18:21:00,2026-08-03 18:28:53.121567,2026-08-03 19:05:19.801748,2026-08-03 19:15:19.801748,2026-08-03 19:09:21.311240,orders_table,True,,4.0251582,True,False,10.0,-5.974841799999999,True,7.88535945,-3.8602012500000003,False,0,0,False,1,True
O01148,C0406,R036,D107,D107,delivered,2026-08-04 18:11:00,2026-08-04 18:29:00,2026-08-04 18:38:32.745645,2026-08-04 19:12:44.476995,2026-08-04 19:18:51.084047,2026-08-04 19:20:09.785281,orders_table,True,,7.421804766666667,True,False,6.110117533333334,1.3116872333333334,True,9.54576075,-2.1239559833333326,False,0,0,False,1,True
O01149,C0475,R020,D041,D041,delivered,2026-08-22 20:37:00,2026-08-22 20:55:00,2026-08-22 21:04:53.833501,2026-08-22 21:29:20.362496,2026-08-22 21:40:39.171092,2026-08-22 21:32:37.411966,driver_app,True,,3.2841578333333334,True,False,11.3134766,-8.029318766666666,True,9.897225016666665,-6.613067183333332,False,0,0,False,0,False
O01150,C0052,R014,D085,D085,cancelled,2026-08-17 21:31:00,2026-08-17 21:49:00,2026-08-17 21:56:09.524131,2026-08-17 22:46:36.000000,2026-08-17 22:52:15.845558,,,False,not_delivered,,,,5.6640926333333335,,False,,,,0,0,False,0,False
O01151,C0424,R007,D114,D114,delivered,2026-08-20 19:49:00,2026-08-20 20:07:00,2026-08-20 20:10:27.987029,2026-08-20 21:04:36.000000,2026-08-20 21:10:31.993833,2026-08-20 20:57:26.784161,orders_table,True,,-7.153597316666667,False,False,5.93323055,-13.086827866666665,True,3.4664504833333334,-10.6200478,False,0,0,False,1,True
O01152,C0018,R026,D075,D011,delivered,2026-08-14 14:11:00,2026-08-14 14:29:00,2026-08-14 14:44:49.254453,2026-08-14 15:26:36.000000,2026-08-14 15:30:46.193560,2026-08-14 15:34:47.577682,orders_table,True,,8.192961366666667,True,False,4.169892666666667,4.0230687,True,15.82090755,-7.627946183333332,True,0,1,True,0,False
O01153,C0581,R024,D054,D054,delivered,2026-08-19 20:10:00,2026-08-19 20:28:00,2026-08-19 20:54:39.299331,2026-08-19 21:22:48.000000,2026-08-19 21:31:10.484346,2026-08-19 21:43:50.301176,orders_table,True,,21.038352933333332,True,True,8.374739100000001,12.663613833333333,True,26.65498885,-5.616635916666667,True,1,1,True,0,False
O01154,C0561,R031,D016,D016,delivered,2026-08-06 20:46:00,2026-08-06 21:04:00,2026-08-06 21:08:12.186518,2026-08-06 21:50:46.600808,2026-08-06 21:54:46.600808,2026-08-06 21:46:36.307038,orders_table,True,,-4.171562833333334,False,False,4.0,-8.171562833333333,True,4.203108633333334,-8.374671466666667,False,0,0,False,0,False
O01155,C0681,R025,D092,D092,delivered,2026-08-25 21:02:00,2026-08-25 21:20:00,2026-08-25 21:22:42.204184,2026-08-25 22:04:35.468783,2026-08-25 22:09:18.870123,2026-08-25 21:53:59.605929,orders_table,True,,-10.597714233333333,False,False,4.7233556666666665,-15.3210699,True,2.7034030666666666,-13.3011173,False,0,0,False,0,False
O01156,C0353,R048,D075,D075,delivered,2026-08-22 22:07:00,2026-08-22 22:25:00,2026-08-22 22:40:04.758309,2026-08-22 23:26:35.139254,2026-08-22 23:39:12.507880,2026-08-22 23:33:11.877178,orders_table,True,,6.612298733333334,True,False,12.622810433333333,-6.0105116999999995,True,15.079305150000001,-8.467006416666667,True,0,0,False,0,False
O01157,C0175,R025,D106,D106,cancelled,2026-08-18 12:19:00,2026-08-18 12:37:00,2026-08-18 12:48:18.334409,2026-08-18 13:44:24.000000,2026-08-18 14:03:33.227474,,,False,not_delivered,,,,19.153791233333333,,False,,,,0,0,False,1,False
O01158,C0367,R023,D077,D077,delivered,2026-08-15 19:30:00,2026-08-15 19:48:00,2026-08-15 19:49:33.967686,2026-08-15 20:18:38.431831,2026-08-15 20:22:38.431831,2026-08-15 20:13:54.903030,orders_table,True,,-4.725480016666666,False,False,4.0,-8.725480016666667,True,1.5661281,-6.291608116666667,False,0,0,False,0,False
O01159,C0549,R003,D090,D089,delivered,2026-08-07 16:11:00,2026-08-07 16:29:00,2026-08-07 16:36:09.135467,2026-08-07 17:23:48.000000,2026-08-07 17:24:16.132905,2026-08-07 17:24:30.738283,orders_table,True,,0.7123047166666667,True,False,0.46888175000000004,0.24342296666666666,True,7.152257783333334,-6.439953066666667,False,0,0,False,0,False
O01160,C0498,R003,D042,D042,delivered,2026-08-17 22:36:00,2026-08-17 22:54:00,2026-08-17 23:17:32.686871,2026-08-17 23:55:48.000000,2026-08-18 00:11:38.275972,2026-08-18 00:14:52.183203,orders_table,True,,19.06972005,True,True,15.837932866666668,3.231787183333333,True,23.544781183333335,-4.475061133333334,True,1,0,True,1,False
O01161,C0551,R034,D061,D061,delivered,2026-08-07 12:35:00,2026-08-07 12:53:00,2026-08-07 13:01:27.944214,2026-08-07 13:47:48.000000,2026-08-07 13:49:32.254358,2026-08-07 13:43:48.996869,orders_table,True,,-3.9833855166666665,False,False,1.7375726333333332,-5.72095815,True,8.4657369,-12.449122416666667,False,0,0,False,1,False
O01162,C0637,R026,D016,D016,delivered,2026-08-13 13:06:00,2026-08-13 13:24:00,2026-08-13 13:20:54.927404,2026-08-13 14:18:48.000000,2026-08-13 14:18:48.000000,2026-08-13 14:13:17.775875,orders_table,True,,-5.503735416666667,False,False,0.0,-5.503735416666667,True,-3.0845432666666666,-2.4191921500000007,False,0,0,False,0,False
O01163,C0799,R023,D014,D014,delivered,2026-08-22 20:49:00,2026-08-22 21:07:00,2026-08-22 21:14:41.992829,2026-08-22 22:08:48.000000,2026-08-22 22:19:14.855808,2026-08-22 22:09:09.374853,orders_table,True,,0.35624755,True,False,10.447596800000001,-10.09134925,True,7.699880483333333,-7.343632933333333,False,0,0,False,0,False
O01164,C0273,R017,D039,D039,delivered,2026-08-28 18:57:00,2026-08-28 19:15:00,2026-08-28 19:21:53.925211,2026-08-28 20:15:06.000000,2026-08-28 20:24:06.000000,2026-08-28 20:23:37.951832,orders_table,True,,8.532530533333334,True,False,9.0,-0.46746946666666667,True,6.898753516666667,1.6337770166666674,False,1,0,True,0,False
O01165,C0857,R041,D025,D025,delivered,2026-08-04 11:04:00,2026-08-04 11:22:00,2026-08-04 11:40:55.118402,2026-08-04 12:16:48.000000,2026-08-04 12:16:48.000000,2026-08-04 12:25:47.755547,orders_table,True,,8.995925783333332,True,False,0.0,8.995925783333332,True,18.918640033333336,-9.922714250000004,True,0,0,False,0,False
O01166,C0390,R028,D085,D085,delivered,2026-08-17 18:45:00,2026-08-17 19:03:00,2026-08-17 19:03:45.891479,2026-08-17 20:10:24.000000,2026-08-17 20:28:24.000000,2026-08-17 20:04:00.984689,orders_table,True,,-6.383588516666666,False,False,18.0,-24.38358851666667,True,0.7648579833333333,-7.1484464999999995,False,0,0,False,0,False
O01167,C0446,R050,D086,D086,delivered,2026-08-17 12:41:00,2026-08-17 12:59:00,2026-08-17 13:23:34.470399,2026-08-17 13:41:20.030887,2026-08-17 13:55:14.849268,2026-08-17 14:00:21.109019,orders_table,True,,19.017968866666667,True,True,13.913639683333335,5.104329183333333,True,24.57450665,-5.556537783333333,True,1,0,True,0,False
O01168,C0055,R023,D114,D114,delivered,2026-08-16 13:43:00,2026-08-16 14:01:00,2026-08-16 14:14:49.034007,2026-08-16 14:42:20.134412,2026-08-16 14:42:20.134412,2026-08-16 14:44:46.452970,orders_table,True,,2.438642633333333,True,False,0.0,2.438642633333333,True,13.81723345,-11.378590816666666,True,0,0,False,0,False
O01169,C0097,R058,D103,D057,delivered,2026-08-20 18:36:00,2026-08-20 18:54:00,2026-08-20 19:16:07.191846,2026-08-20 19:55:48.000000,2026-08-20 20:05:48.000000,2026-08-20 20:17:37.652323,orders_table,True,,21.827538716666666,True,True,10.0,11.827538716666668,True,22.119864099999997,-0.29232538333333125,True,0,0,False,0,False
O01170,C0125,R008,D048,D001,delivered,2026-08-05 20:26:00,2026-08-05 20:44:00,2026-08-05 20:59:27.055004,2026-08-05 21:47:36.000000,2026-08-05 22:03:36.000000,2026-08-05 22:02:48.487521,orders_table,True,,15.20812535,True,True,16.0,-0.79187465,True,15.450916733333335,-0.24279138333333528,True,1,1,True,1,False
O01171,C0018,R011,D057,D057,delivered,2026-08-03 22:12:00,2026-08-03 22:30:00,2026-08-03 22:29:58.955032,2026-08-03 23:30:52.443966,2026-08-03 23:45:52.443966,2026-08-03 23:26:38.423530,orders_table,True,,-4.233673933333333,False,False,15.0,-19.233673933333332,True,-0.01741613333333333,-4.216257799999999,False,0,0,False,0,False
O01172,C0806,R001,D116,D022,delivered,2026-08-19 18:16:00,2026-08-19 18:34:00,2026-08-19 18:32:10.352620,2026-08-19 19:31:36.000000,2026-08-19 19:35:51.997238,2026-08-19 19:24:37.857488,orders_table,True,,-6.969041866666667,False,False,4.266620633333334,-11.2356625,True,-1.8274563333333333,-5.141585533333334,False,0,0,False,0,False
O01173,C0345,R023,D043,D043,delivered,2026-08-18 19:03:00,2026-08-18 19:21:00,2026-08-18 19:21:47.929722,2026-08-18 20:14:49.386253,2026-08-18 20:14:49.386253,2026-08-18 20:03:35.039975,orders_table,True,,-11.239104633333334,False,False,0.0,-11.239104633333334,True,0.7988287,-12.037933333333333,False,0,0,False,0,False
O01174,C0627,R051,D101,D101,delivered,2026-08-27 18:15:00,2026-08-27 18:33:00,2026-08-27 18:33:33.059821,2026-08-27 19:34:48.000000,2026-08-27 19:44:48.000000,2026-08-27 19:23:19.342611,orders_table,True,,-11.47762315,False,False,10.0,-21.47762315,True,0.5509970166666667,-12.028620166666666,False,0,0,False,0,False
O01175,C0001,R019,D115,D115,delivered,2026-08-24 17:43:00,2026-08-24 18:01:00,2026-08-24 18:03:17.471811,2026-08-24 18:58:36.000000,2026-08-24 19:02:36.000000,2026-08-24 18:49:42.938313,driver_app,True,,-8.88436145,False,False,4.0,-12.88436145,True,2.29119685,-11.1755583,False,0,0,False,0,False
O01176,C0761,R007,D110,D110,delivered,2026-08-07 20:34:00,2026-08-07 20:52:00,2026-08-07 21:06:33.913033,2026-08-07 21:56:18.000000,2026-08-07 22:11:50.165218,2026-08-07 22:09:25.520690,orders_table,True,,13.125344833333333,True,True,15.536086966666666,-2.4107421333333336,True,14.565217216666667,-1.4398723833333342,True,0,0,False,0,False
O01177,C0167,R022,D095,D095,delivered,2026-08-07 17:56:00,2026-08-07 18:14:00,2026-08-07 18:16:00.393574,2026-08-07 19:00:36.526318,2026-08-07 19:10:36.526318,2026-08-07 18:58:14.516433,orders_table,True,,-2.3668314166666664,False,False,10.0,-12.366831416666667,True,2.0065595666666667,-4.3733909833333335,False,0,0,False,1,True
O01178,C0581,R057,D057,D057,delivered,2026-08-27 22:10:00,2026-08-27 22:28:00,2026-08-27 22:47:48.173662,2026-08-27 23:25:36.000000,2026-08-27 23:37:09.447903,2026-08-27 23:35:56.076213,orders_table,True,,10.33460355,True,True,11.55746505,-1.2228615,True,19.802894366666667,-9.468290816666666,True,0,0,False,0,False
O01179,C0092,R012,D054,D054,delivered,2026-08-08 14:40:00,2026-08-08 14:58:00,2026-08-08 15:13:17.274842,2026-08-08 15:53:21.843019,2026-08-08 16:03:50.569719,2026-08-08 16:06:09.916216,orders_table,True,,12.80121995,True,True,10.478778333333334,2.3224416166666666,True,15.287914033333333,-2.486694083333333,True,0,0,False,0,False
O01180,C0111,R004,D087,D087,delivered,2026-08-28 20:14:00,2026-08-28 20:32:00,2026-08-28 20:50:37.964792,2026-08-28 21:29:36.000000,2026-08-28 21:33:36.000000,2026-08-28 21:39:32.017785,orders_table,True,,9.93362975,True,False,4.0,5.93362975,True,18.632746533333332,-8.699116783333332,True,0,0,False,0,False
O01181,C0194,R045,D041,D041,delivered,2026-08-28 12:45:00,2026-08-28 13:03:00,2026-08-28 13:10:39.965431,2026-08-28 14:04:48.000000,2026-08-28 14:14:48.000000,2026-08-28 14:02:00.736568,orders_table,True,,-2.7877238666666666,False,False,10.0,-12.787723866666665,True,7.666090516666667,-10.453814383333334,False,0,0,False,1,False
O01182,C0423,R005,D011,D011,delivered,2026-08-11 18:10:00,2026-08-11 18:28:00,2026-08-11 18:44:42.902005,2026-08-11 19:22:48.000000,2026-08-11 19:22:48.000000,2026-08-11 19:30:14.762499,orders_table,True,,7.44604165,True,False,0.0,7.44604165,True,16.715033416666667,-9.268991766666668,True,0,0,False,1,False
O01183,C0761,R004,D113,D113,delivered,2026-08-02 18:40:00,2026-08-02 18:58:00,2026-08-02 19:22:41.221994,2026-08-02 19:33:55.161577,2026-08-02 19:39:37.769161,2026-08-02 19:48:45.150980,orders_table,True,,14.833156716666668,True,True,5.710126399999999,9.123030316666666,True,24.687033233333334,-9.853876516666666,True,0,1,True,0,False
O01184,C0860,R008,D045,D045,delivered,2026-08-04 21:54:00,2026-08-04 22:12:00,2026-08-04 22:15:21.221503,2026-08-04 22:57:13.083976,2026-08-04 23:01:52.594285,2026-08-04 22:51:17.688095,orders_table,True,,-5.923264683333333,False,False,4.65850515,-10.581769833333334,True,3.353691716666667,-9.2769564,False,0,0,False,1,False
O01185,C0881,R049,D077,D077,delivered,2026-08-04 18:26:00,2026-08-04 18:44:00,2026-08-04 19:00:13.415878,2026-08-04 19:41:18.000000,2026-08-04 19:47:06.866722,2026-08-04 19:53:26.419325,orders_table,True,,12.140322083333333,True,True,5.814445366666666,6.3258767166666665,True,16.223597966666667,-4.083275883333334,True,1,1,True,0,False
O01186,C0872,R059,D020,D020,delivered,2026-08-06 18:30:00,2026-08-06 18:48:00,2026-08-06 18:58:32.586035,2026-08-06 19:42:48.000000,2026-08-06 19:44:57.795779,2026-08-06 19:42:22.924165,orders_table,True,,-0.4179305833333334,False,False,2.1632629833333334,-2.5811935666666668,True,10.543100583333334,-10.961031166666668,True,0,0,False,0,False
O01187,C0450,R042,D015,D015,delivered,2026-08-26 20:03:00,2026-08-26 20:21:00,2026-08-26 20:47:03.954027,2026-08-26 21:15:48.000000,2026-08-26 21:23:47.225993,2026-08-26 21:39:20.595835,orders_table,True,,23.543263916666668,True,True,7.987099883333333,15.556164033333333,True,26.06590045,-2.5226365333333334,True,0,0,False,1,True
O01188,C0137,R020,D110,D110,delivered,2026-08-08 14:25:00,2026-08-08 14:43:00,2026-08-08 14:54:34.186362,2026-08-08 15:25:50.711877,2026-08-08 15:25:50.711877,2026-08-08 15:26:58.015251,orders_table,True,,1.1217229000000002,True,False,0.0,1.1217229000000002,True,11.5697727,-10.4480498,True,0,0,False,1,True
O01189,C0129,R004,D063,D063,delivered,2026-08-18 19:21:00,2026-08-18 19:39:00,2026-08-18 19:50:32.196603,2026-08-18 20:32:50.493778,2026-08-18 20:38:59.016463,2026-08-18 20:35:26.283749,orders_table,True,,2.596499516666667,True,False,6.14204475,-3.5455452333333333,True,11.53661005,-8.940110533333334,True,0,0,False,1,True
O01190,C0240,R016,D029,D029,delivered,2026-08-24 22:49:00,2026-08-24 23:07:00,2026-08-24 23:06:37.061154,2026-08-25 00:04:36.000000,2026-08-25 00:08:43.671865,2026-08-24 23:58:50.065639,orders_table,True,,-5.765572683333334,False,False,4.127864416666666,-9.8934371,True,-0.38231410000000005,-5.383258583333333,False,0,0,False,0,False
O01191,C0596,R029,D054,D054,delivered,2026-08-12 20:08:00,2026-08-12 20:26:00,2026-08-12 20:34:11.566069,2026-08-12 21:33:24.000000,2026-08-12 21:51:24.000000,2026-08-12 21:40:09.712898,orders_table,True,,6.761881633333333,True,False,18.0,-11.238118366666667,True,8.192767816666667,-1.4308861833333335,False,0,1,True,0,False
O01192,C0020,R031,D010,D010,delivered,2026-08-03 18:59:00,2026-08-03 19:17:00,2026-08-03 19:23:31.843252,2026-08-03 20:06:13.071312,2026-08-03 20:10:13.071312,2026-08-03 20:02:44.992419,orders_table,True,,-3.4679815499999997,False,False,4.0,-7.46798155,True,6.530720866666667,-9.998702416666667,False,0,0,False,1,True
O01193,C0316,R037,D063,D063,delivered,2026-08-03 13:13:00,2026-08-03 13:31:00,2026-08-03 13:37:22.920935,2026-08-03 14:25:26.586571,2026-08-03 14:36:10.667867,2026-08-03 14:23:18.168566,orders_table,True,,-2.1403000833333334,False,False,10.734688266666666,-12.874988349999999,True,6.382015583333333,-8.522315666666666,False,0,0,False,1,True
O01194,C0775,R060,D060,D060,delivered,2026-08-27 11:50:00,2026-08-27 12:08:00,2026-08-27 12:14:35.355436,2026-08-27 13:12:18.000000,2026-08-27 13:29:14.086142,2026-08-27 13:15:56.743816,orders_table,True,,3.645730266666667,True,False,16.934769033333332,-13.289038766666666,True,6.5892572666666664,-2.9435269999999996,False,0,0,False,0,False
O01195,C0106,R028,D037,D037,delivered,2026-08-07 14:50:00,2026-08-07 15:08:00,2026-08-07 15:20:19.233165,2026-08-07 16:05:36.000000,2026-08-07 16:10:34.609056,2026-08-07 16:12:50.677244,driver_app,True,,7.244620733333333,True,False,4.9768176,2.267803133333333,True,12.32055275,-5.075932016666666,True,0,0,False,0,False
O01196,C0227,R019,D109,D109,delivered,2026-08-04 18:50:00,2026-08-04 19:08:00,2026-08-04 19:07:27.180917,2026-08-04 20:05:36.000000,2026-08-04 20:10:07.391473,2026-08-04 19:57:06.523381,orders_table,True,,-8.491276983333334,False,False,4.523191216666667,-13.014468200000001,True,-0.5469847166666667,-7.944292266666667,False,0,0,False,0,False
O01197,C0032,R034,D118,D118,delivered,2026-08-17 16:34:00,2026-08-17 16:52:00,2026-08-17 17:20:52.591452,2026-08-17 17:56:18.000000,2026-08-17 18:12:34.791483,2026-08-17 18:27:54.591417,orders_table,True,,31.60985695,True,True,16.279858049999998,15.3299989,True,28.8765242,2.7333327500000024,True,0,1,True,0,False
O01198,C0093,R042,D101,D101,delivered,2026-08-25 17:58:00,2026-08-25 18:16:00,2026-08-25 18:34:45.930529,2026-08-25 19:13:36.000000,2026-08-25 19:17:45.765428,2026-08-25 19:20:31.328873,orders_table,True,,6.922147883333333,True,False,4.162757133333334,2.75939075,True,18.765508816666667,-11.843360933333333,True,0,1,True,1,False
O01199,C0556,R060,D036,D036,delivered,2026-08-14 12:40:00,2026-08-14 12:58:00,2026-08-14 12:57:16.882328,2026-08-14 13:44:02.338765,2026-08-14 14:02:02.338765,2026-08-14 13:42:48.786574,orders_table,True,,-1.2258698499999998,False,False,18.0,-19.22586985,True,-0.7186278666666667,-0.5072419833333331,False,0,0,False,1,False
O01200,C0756,R049,D001,D001,delivered,2026-08-13 22:39:00,2026-08-13 22:57:00,2026-08-13 23:03:46.146230,2026-08-13 23:51:48.000000,2026-08-13 23:55:11.615382,2026-08-13 23:48:14.701648,orders_table,True,,-3.5549725333333333,False,False,3.3935897,-6.948562233333333,True,6.769103833333333,-10.324076366666667,False,0,0,False,1,False
O01201,C0824,R026,D020,D020,delivered,2026-08-26 15:04:00,2026-08-26 15:22:00,2026-08-26 15:31:28.909739,2026-08-26 16:12:59.611045,2026-08-26 16:31:11.760297,2026-08-26 16:14:46.774211,orders_table,True,,1.7860527666666668,True,False,18.202487533333333,-16.416434766666665,True,9.481828983333333,-7.695776216666666,False,0,0,False,1,True
O01202,C0390,R010,D076,D076,delivered,2026-08-02 13:35:00,2026-08-02 13:53:00,2026-08-02 14:06:44.275983,2026-08-02 14:50:36.000000,2026-08-02 14:54:36.000000,2026-08-02 14:50:03.188679,orders_table,True,,-0.54685535,False,False,4.0,-4.54685535,True,13.73793305,-14.2847884,True,0,0,False,0,False
O01203,C0585,R048,D022,D022,delivered,2026-08-19 16:13:00,2026-08-19 16:31:00,2026-08-19 16:43:35.135408,2026-08-19 17:31:31.768982,2026-08-19 17:52:36.629090,2026-08-19 17:40:45.828523,orders_table,True,,9.234325683333333,True,False,21.081001800000003,-11.846676116666666,True,12.585590133333334,-3.3512644500000004,True,0,1,True,0,False
O01204,C0534,R054,D004,D004,delivered,2026-08-20 18:48:00,2026-08-20 19:06:00,2026-08-20 19:11:29.133436,2026-08-20 20:03:36.000000,2026-08-20 20:07:36.000000,2026-08-20 20:04:46.005765,orders_table,True,,1.16676275,True,False,4.0,-2.8332372500000003,True,5.4855572666666665,-4.318794516666666,False,0,0,False,0,False
O01205,C0100,R010,D040,D041,delivered,2026-08-18 23:07:00,2026-08-18 23:25:00,2026-08-18 23:28:42.346574,2026-08-18 23:55:36.053510,2026-08-19 00:05:36.053510,2026-08-19 00:00:04.126944,orders_table,True,,4.467890566666667,True,False,10.0,-5.532109433333333,True,3.7057762333333333,0.7621143333333338,False,0,0,False,1,False
O01206,C0239,R020,D047,D118,delivered,2026-08-17 14:14:00,2026-08-17 14:32:00,2026-08-17 14:55:14.891298,2026-08-17 15:06:29.450363,2026-08-17 15:08:00.955283,2026-08-17 15:17:52.326788,driver_app,True,,11.38127375,True,True,1.525082,9.856191749999999,True,23.2481883,-11.866914549999999,True,0,0,False,1,True
O01207,C0467,R045,D007,D007,delivered,2026-08-06 23:59:00,2026-08-07 00:17:00,2026-08-07 00:14:32.289744,2026-08-07 01:14:36.000000,2026-08-07 01:18:36.000000,2026-08-07 01:02:13.082526,orders_table,True,,-12.3819579,False,False,4.0,-16.3819579,True,-2.4618376,-9.9201203,False,0,0,False,0,False
O01208,C0472,R019,D024,D024,delivered,2026-08-02 19:31:00,2026-08-02 19:49:00,2026-08-02 19:48:56.943914,2026-08-02 20:53:18.000000,2026-08-02 21:08:18.000000,2026-08-02 20:48:19.177491,orders_table,True,,-4.98037515,False,False,15.0,-19.98037515,True,-0.050934766666666666,-4.929440383333334,False,0,0,False,0,False
O01209,C0865,R059,D037,D037,delivered,2026-08-09 18:29:00,2026-08-09 18:47:00,2026-08-09 18:50:26.390485,2026-08-09 19:41:48.000000,2026-08-09 19:41:48.000000,2026-08-09 19:35:22.522400,orders_table,True,,-6.424626666666667,False,False,0.0,-6.424626666666667,True,3.439841416666667,-9.864468083333334,False,0,1,True,0,False
O01210,C0338,R037,D043,D043,delivered,2026-08-26 13:18:00,2026-08-26 13:36:00,2026-08-26 13:48:10.570596,2026-08-26 14:33:18.000000,2026-08-26 14:38:18.000000,2026-08-26 14:39:25.535731,orders_table,True,,6.1255955166666665,True,False,5.0,1.1255955166666667,True,12.1761766,-6.050581083333333,True,0,0,False,1,True
O01211,C0076,R032,D034,D034,delivered,2026-08-16 11:34:00,2026-08-16 11:52:00,2026-08-16 11:59:09.024986,2026-08-16 12:49:36.000000,2026-08-16 12:56:29.789051,2026-08-16 12:49:13.280750,orders_table,True,,-0.3786541666666666,False,False,6.896484183333333,-7.275138350000001,True,7.1504164333333335,-7.5290706,False,0,0,False,0,False
O01212,C0807,R058,D078,D104,delivered,2026-08-01 11:29:00,2026-08-01 11:47:00,2026-08-01 12:02:48.391517,2026-08-01 12:44:36.000000,2026-08-01 12:54:34.297429,2026-08-01 12:54:18.363664,orders_table,True,,9.706061066666667,True,False,9.971623816666666,-0.26556275,True,15.806525283333334,-6.100464216666667,True,1,0,True,0,False
O01213,C0183,R038,D026,D026,delivered,2026-08-03 12:34:00,2026-08-03 12:52:00,2026-08-03 13:02:32.140915,2026-08-03 13:53:48.000000,2026-08-03 14:06:06.172174,2026-08-03 14:01:44.655362,orders_table,True,,7.944256033333334,True,False,12.302869566666667,-4.358613533333334,True,10.535681916666666,-2.591425883333333,True,0,1,True,1,True
O01214,C0701,R049,D060,D060,delivered,2026-08-26 12:31:00,2026-08-26 12:49:00,2026-08-26 12:59:33.008767,2026-08-26 13:38:50.395098,2026-08-26 13:38:50.395098,2026-08-26 13:38:54.876357,driver_app,True,,0.07468765,True,False,0.0,0.07468765,True,10.550146116666667,-10.475458466666668,True,0,1,True,0,False
O01215,C0281,R004,D057,D057,delivered,2026-08-26 22:08:00,2026-08-26 22:26:00,2026-08-26 22:32:23.959819,2026-08-26 23:13:43.353082,2026-08-26 23:14:46.753492,2026-08-26 23:10:19.228154,orders_table,True,,-3.4020821333333333,False,False,1.0566735,-4.458755633333333,True,6.399330316666666,-9.801412449999999,False,0,1,True,0,False
O01216,C0574,R007,D102,D102,delivered,2026-08-27 18:53:00,2026-08-27 19:11:00,2026-08-27 19:23:17.417668,2026-08-27 20:08:36.000000,2026-08-27 20:14:26.736274,2026-08-27 20:12:33.991878,orders_table,True,,3.9665313,True,False,5.845604566666666,-1.8790732666666665,True,12.290294466666667,-8.323763166666668,True,0,0,False,0,False
O01217,C0400,R028,D066,D066,delivered,2026-08-27 16:35:00,2026-08-27 16:53:00,2026-08-27 17:19:07.959192,2026-08-27 17:46:12.262483,2026-08-27 18:06:42.796732,2026-08-27 18:09:50.189024,orders_table,True,,23.632109016666668,True,True,20.50890415,3.1232048666666667,True,26.1326532,-2.500544183333332,True,0,0,False,1,True
O01218,C0121,R053,D073,D073,delivered,2026-08-18 19:53:00,2026-08-18 20:11:00,2026-08-18 20:01:18.248520,2026-08-18 20:50:01.427644,2026-08-18 20:55:01.427644,2026-08-18 20:31:13.328807,orders_table,True,,-18.801647283333335,False,False,5.0,-23.801647283333335,True,-9.695858,-9.105789283333335,False,0,0,False,0,False
O01219,C0670,R052,D092,D092,delivered,2026-08-13 23:58:00,2026-08-14 00:16:00,2026-08-14 00:22:57.501947,2026-08-14 01:10:48.000000,2026-08-14 01:10:48.000000,2026-08-14 01:11:12.879822,orders_table,True,,0.4146637,True,False,0.0,0.4146637,True,6.958365783333333,-6.543702083333333,False,0,0,False,0,False
O01220,C0582,R053,D116,D116,delivered,2026-08-20 21:08:00,2026-08-20 21:26:00,2026-08-20 21:33:57.423914,2026-08-20 22:20:48.000000,2026-08-20 22:27:11.950283,2026-08-20 22:15:18.705814,orders_table,True,,-5.488236433333333,False,False,6.399171383333334,-11.887407816666666,True,7.957065233333334,-13.445301666666667,False,0,0,False,0,False
O01221,C0840,R020,D076,D076,delivered,2026-08-09 18:32:00,2026-08-09 18:50:00,2026-08-09 18:53:59.377291,2026-08-09 19:31:55.972592,2026-08-09 19:35:55.972592,2026-08-09 19:29:08.365544,orders_table,True,,-2.7934508,False,False,4.0,-6.7934508000000005,True,3.989621516666667,-6.783072316666667,False,0,0,False,1,False
O01222,C0463,R023,D016,D016,cancelled,2026-08-06 14:46:00,2026-08-06 15:04:00,2026-08-06 15:14:19.835816,2026-08-06 15:48:13.646451,2026-08-06 16:01:54.918869,,,False,not_delivered,,,,13.687873633333334,,False,,,,0,0,False,0,False
O01223,C0380,R030,D052,D052,delivered,2026-08-01 12:01:00,2026-08-01 12:19:00,2026-08-01 12:21:39.979746,2026-08-01 13:05:22.557592,2026-08-01 13:09:32.185405,2026-08-01 13:01:05.155441,orders_table,True,,-4.29003585,False,False,4.16046355,-8.4504994,True,2.6663291,-6.956364949999999,False,0,0,False,0,False
O01224,C0800,R037,D114,D114,delivered,2026-08-26 11:37:00,2026-08-26 11:55:00,2026-08-26 11:49:56.290208,2026-08-26 13:02:55.922904,2026-08-26 13:25:55.922904,2026-08-26 13:04:39.723814,orders_table,True,,1.7300151666666668,True,False,23.0,-21.269984833333336,True,-5.061829866666667,6.791845033333334,False,0,0,False,0,False
O01225,C0316,R017,D047,D047,delivered,2026-08-24 19:02:00,2026-08-24 19:20:00,2026-08-24 19:10:17.818120,2026-08-24 20:17:36.000000,2026-08-24 20:21:36.000000,2026-08-24 20:01:08.154408,orders_table,True,,-16.4640932,False,False,4.0,-20.464093199999997,True,-9.703031333333334,-6.761061866666667,False,0,0,False,1,False
O01226,C0637,R039,D051,D051,delivered,2026-08-27 23:32:00,2026-08-27 23:50:00,2026-08-28 00:01:11.852284,2026-08-28 00:18:40.702327,2026-08-28 00:23:40.959647,2026-08-28 00:17:19.910671,orders_table,True,,-1.3465276000000002,False,False,5.004288666666667,-6.3508162666666665,True,11.197538066666668,-12.544065666666668,True,0,0,False,0,False
O01227,C0407,R050,D069,D069,delivered,2026-08-18 19:44:00,2026-08-18 20:02:00,2026-08-18 20:09:56.966633,2026-08-18 20:41:44.451058,2026-08-18 20:45:44.451058,2026-08-18 20:40:12.833768,orders_table,True,,-1.5269548333333334,False,False,4.0,-5.526954833333334,True,7.949443883333333,-9.476398716666667,False,0,0,False,0,False
O01228,C0349,R036,D037,D037,delivered,2026-08-25 14:26:00,2026-08-25 14:44:00,2026-08-25 14:34:45.057377,2026-08-25 15:41:36.000000,2026-08-25 15:45:53.481432,2026-08-25 15:21:32.161712,orders_table,True,,-20.063971466666665,False,False,4.291357199999999,-24.355328666666665,True,-9.249043716666668,-10.814927749999997,False,0,0,False,0,False
O01229,C0232,R059,D117,D117,delivered,2026-08-21 20:51:00,2026-08-21 21:09:00,2026-08-21 21:11:36.941147,2026-08-21 21:46:45.520091,2026-08-21 21:46:45.520091,2026-08-21 21:38:05.311815,orders_table,True,,-8.670137933333333,False,False,0.0,-8.670137933333333,True,2.6156857833333333,-11.285823716666666,False,0,0,False,0,False
O01230,C0292,R023,D030,D030,delivered,2026-08-17 17:56:00,2026-08-17 18:14:00,2026-08-17 18:27:23.020447,2026-08-17 19:08:48.000000,2026-08-17 19:11:35.602461,2026-08-17 19:15:32.869282,orders_table,True,,6.747821366666667,True,False,2.79337435,3.9544470166666668,True,13.383674116666667,-6.63585275,True,0,1,True,0,False
O01231,C0689,R056,D091,D091,delivered,2026-08-01 11:05:00,2026-08-01 11:23:00,2026-08-01 11:21:44.054049,2026-08-01 12:17:48.000000,2026-08-01 12:17:48.000000,2026-08-01 12:07:11.607460,orders_table,True,,-10.606542333333334,False,False,0.0,-10.606542333333334,True,-1.26576585,-9.340776483333334,False,0,0,False,0,False
O01232,C0671,R023,D056,D011,delivered,2026-08-01 16:55:00,2026-08-01 17:13:00,2026-08-01 17:40:07.555116,2026-08-01 18:02:55.770521,2026-08-01 18:18:43.892338,2026-08-01 18:24:58.831214,orders_table,True,,22.05101155,True,True,15.802030283333332,6.248981266666666,True,27.1259186,-5.07490705,True,1,0,True,0,False
O01233,C0426,R012,D062,D096,delivered,2026-08-05 18:59:00,2026-08-05 19:17:00,2026-08-05 19:41:48.212636,2026-08-05 19:49:47.230763,2026-08-05 20:03:09.802985,2026-08-05 20:13:10.543080,orders_table,True,,23.388538616666665,True,True,13.3762037,10.012334916666667,True,24.803543933333334,-1.4150053166666687,True,1,1,True,0,False
O01234,C0205,R002,D083,D083,delivered,2026-08-06 21:28:00,2026-08-06 21:46:00,2026-08-06 21:46:50.017719,2026-08-06 22:43:36.000000,2026-08-06 22:47:41.174145,2026-08-06 22:36:36.750355,orders_table,True,,-6.987494083333333,False,False,4.08623575,-11.073729833333335,True,0.83362865,-7.821122733333333,False,0,0,False,0,False
O01235,C0772,R032,D098,D098,delivered,2026-08-28 13:15:00,2026-08-28 13:33:00,2026-08-28 14:04:54.255957,2026-08-28 14:36:17.661077,2026-08-28 15:01:05.383244,2026-08-28 15:08:17.715971,orders_table,True,,32.000914900000005,True,True,24.79536945,7.20554545,True,31.904265950000003,0.09664895000000229,True,0,1,True,0,False
O01236,C0215,R047,D120,D120,delivered,2026-08-28 17:51:00,2026-08-28 18:09:00,2026-08-28 18:14:32.584706,2026-08-28 19:06:36.000000,2026-08-28 19:10:46.339147,2026-08-28 19:03:33.847273,orders_table,True,,-3.035878783333333,False,False,4.172319116666666,-7.2081979,True,5.543078433333333,-8.578957216666666,False,0,0,False,0,False
O01237,C0329,R033,D009,D009,cancelled,2026-08-16 18:05:00,2026-08-16 18:23:00,2026-08-16 18:36:04.006301,2026-08-16 19:24:48.000000,2026-08-16 19:34:51.515513,,,False,not_delivered,,,,10.058591883333333,,False,,,,0,0,False,0,False
O01238,C0265,R030,D014,D014,delivered,2026-08-26 18:32:00,2026-08-26 18:50:00,2026-08-26 18:51:49.938703,2026-08-26 19:41:22.563132,2026-08-26 19:57:22.563132,2026-08-26 19:48:01.941593,orders_table,True,,6.656307683333334,True,False,16.0,-9.343692316666667,True,1.8323117166666667,4.823995966666667,False,0,0,False,1,True
O01239,C0628,R040,D032,D053,delivered,2026-08-11 20:27:00,2026-08-11 20:45:00,2026-08-11 20:44:28.524499,2026-08-11 21:46:48.000000,2026-08-11 21:56:48.000000,2026-08-11 21:38:56.128751,orders_table,True,,-7.8645208166666665,False,False,10.0,-17.864520816666666,True,-0.5245916833333334,-7.339929133333333,False,0,0,False,0,False
O01240,C0326,R059,D081,D081,cancelled,2026-08-23 19:49:00,2026-08-23 20:07:00,2026-08-23 20:25:47.845913,2026-08-23 21:01:48.000000,2026-08-23 21:02:47.802627,,,False,not_delivered,,,,0.99671045,,False,,,,0,0,False,1,False
O01241,C0181,R049,D019,D019,delivered,2026-08-10 14:43:00,2026-08-10 15:01:00,2026-08-10 15:05:06.945959,2026-08-10 15:40:00.741876,2026-08-10 15:44:52.696405,2026-08-10 15:33:23.600018,orders_table,True,,-6.619030966666667,False,False,4.865908816666666,-11.484939783333335,True,4.1157659833333335,-10.73479695,False,0,0,False,0,False
O01242,C0435,R041,D093,D093,delivered,2026-08-02 13:10:00,2026-08-02 13:28:00,2026-08-02 13:27:04.663470,2026-08-02 14:02:35.490228,2026-08-02 14:12:35.490228,2026-08-02 13:53:18.435034,orders_table,True,,-9.284253233333335,False,False,10.0,-19.284253233333335,True,-0.9222755,-8.361977733333335,False,0,0,False,0,False
O01243,C0226,R024,D065,D065,delivered,2026-08-08 18:06:00,2026-08-08 18:24:00,2026-08-08 18:29:31.965861,2026-08-08 19:25:48.000000,2026-08-08 19:35:48.000000,2026-08-08 19:28:14.018057,orders_table,True,,2.4336342833333333,True,False,10.0,-7.566365716666667,True,5.53276435,-3.0991300666666666,False,0,0,False,0,False
O01244,C0026,R014,D001,D001,delivered,2026-08-02 22:13:00,2026-08-02 22:31:00,2026-08-02 22:40:01.538575,2026-08-02 23:31:06.000000,2026-08-02 23:40:06.000000,2026-08-02 23:35:34.225338,orders_table,True,,4.4704223,True,False,9.0,-4.5295777,True,9.025642916666667,-4.555220616666667,False,0,0,False,0,False
O01245,C0637,R045,D103,D103,delivered,2026-08-05 20:22:00,2026-08-05 20:40:00,2026-08-05 20:56:45.868244,2026-08-05 21:16:39.602028,2026-08-05 21:26:39.602028,2026-08-05 21:29:37.794053,orders_table,True,,12.969867083333332,True,True,10.0,2.9698670833333334,True,16.764470733333333,-3.794603650000001,True,1,1,True,0,False
O01246,C0436,R013,D023,D023,delivered,2026-08-15 17:21:00,2026-08-15 17:39:00,2026-08-15 18:12:26.178276,2026-08-15 18:27:46.477214,2026-08-15 18:41:36.230278,2026-08-15 18:50:16.168521,orders_table,True,,22.494855116666667,True,True,13.829217733333333,8.665637383333335,True,33.4363046,-10.941449483333333,True,0,0,False,1,True
O01247,C0540,R055,D056,D056,delivered,2026-08-14 11:44:00,2026-08-14 12:02:00,2026-08-14 12:14:53.269697,2026-08-14 12:59:36.000000,2026-08-14 13:03:36.000000,2026-08-14 13:01:47.588903,orders_table,True,,2.193148383333333,True,False,4.0,-1.8068516166666666,True,12.887828283333333,-10.6946799,True,0,0,False,1,True
O01248,C0482,R040,D095,D095,delivered,2026-08-14 18:06:00,2026-08-14 18:24:00,2026-08-14 18:42:38.252518,2026-08-14 19:25:48.000000,2026-08-14 19:41:12.228760,2026-08-14 19:38:18.942174,orders_table,True,,12.5157029,True,True,15.403812666666665,-2.8881097666666666,True,18.637541966666667,-6.121839066666666,True,0,0,False,1,True
O01249,C0826,R016,D060,D060,delivered,2026-08-22 21:12:00,2026-08-22 21:30:00,2026-08-22 21:34:35.078844,2026-08-22 21:59:45.359126,2026-08-22 22:11:37.704166,2026-08-22 21:55:10.337888,orders_table,True,,-4.583687299999999,False,False,11.872417333333335,-16.456104633333332,True,4.5846474,-9.168334699999999,False,0,0,False,0,False
O01250,C0222,R002,D043,D043,delivered,2026-08-22 18:24:00,2026-08-22 18:42:00,2026-08-22 19:02:25.883231,2026-08-22 19:43:48.000000,2026-08-22 19:53:48.000000,2026-08-22 20:00:50.161322,orders_table,True,,17.036022033333335,True,True,10.0,7.036022033333333,True,20.431387183333335,-3.39536515,True,0,0,False,0,False
O01251,C0181,R009,D096,D096,delivered,2026-08-14 21:52:00,2026-08-14 22:10:00,2026-08-14 22:19:18.973168,2026-08-14 23:04:48.000000,2026-08-14 23:04:48.000000,2026-08-14 23:10:16.278687,orders_table,True,,5.47131145,True,False,0.0,5.47131145,True,9.316219466666666,-3.8449080166666665,False,0,0,False,1,True
O01252,C0039,R033,D022,D022,delivered,2026-08-04 19:55:00,2026-08-04 20:13:00,2026-08-04 20:11:39.697905,2026-08-04 21:10:36.000000,2026-08-04 21:14:36.000000,2026-08-04 20:59:13.020048,driver_app,True,,-11.3829992,False,False,4.0,-15.3829992,True,-1.3383682499999998,-10.04463095,False,0,0,False,0,False
O01253,C0217,R017,D004,D004,delivered,2026-08-08 11:06:00,2026-08-08 11:24:00,2026-08-08 11:17:22.235428,2026-08-08 12:14:29.392287,2026-08-08 12:18:59.249734,2026-08-08 12:03:14.031896,orders_table,True,,-11.256006516666668,False,False,4.497624116666667,-15.753630633333334,True,-6.629409533333333,-4.626596983333335,False,0,0,False,0,False
O01254,C0302,R039,D120,D120,delivered,2026-08-11 14:35:00,2026-08-11 14:53:00,2026-08-11 15:10:42.967972,2026-08-11 15:47:48.000000,2026-08-11 15:51:39.813159,2026-08-11 15:52:43.713545,orders_table,True,,4.928559083333334,True,False,3.8635526500000004,1.0650064333333333,True,17.716132866666666,-12.787573783333332,True,0,0,False,0,False
O01255,C0679,R049,D041,D041,delivered,2026-08-25 22:07:00,2026-08-25 22:25:00,2026-08-25 22:34:48.125753,2026-08-25 23:14:23.334558,2026-08-25 23:17:20.166572,2026-08-25 23:19:18.867608,orders_table,True,,4.925550833333333,True,False,2.947200233333333,1.9783506,True,9.802095883333333,-4.87654505,False,0,0,False,0,False
O01256,C0721,R008,D033,D033,delivered,2026-08-02 20:51:00,2026-08-02 21:09:00,2026-08-02 21:16:53.980191,2026-08-02 22:06:36.000000,2026-08-02 22:10:36.000000,2026-08-02 22:05:36.476110,orders_table,True,,-0.9920648333333334,False,False,4.0,-4.992064833333333,True,7.8996698499999995,-8.891734683333333,False,0,0,False,0,False
O01257,C0572,R056,D001,D001,delivered,2026-08-15 14:52:00,2026-08-15 15:10:00,2026-08-15 15:21:03.506155,2026-08-15 16:07:36.000000,2026-08-15 16:14:16.008300,2026-08-15 16:17:29.430306,orders_table,True,,9.8905051,True,False,6.666805,3.2237001000000003,True,11.058435916666667,-1.1679308166666669,True,0,0,False,0,False
O01258,C0464,R030,D120,D120,delivered,2026-08-10 23:33:00,2026-08-10 23:51:00,2026-08-10 23:59:56.085581,2026-08-11 00:27:03.651550,2026-08-11 00:27:03.651550,2026-08-11 00:32:31.643764,orders_table,True,,5.4665368999999995,True,False,0.0,5.4665368999999995,True,8.934759683333334,-3.468222783333335,False,0,0,False,0,False
O01259,C0267,R033,D068,D068,delivered,2026-08-17 17:09:00,2026-08-17 17:27:00,2026-08-17 17:38:27.775907,2026-08-17 18:28:48.000000,2026-08-17 18:39:00.331302,2026-08-17 18:32:49.382271,orders_table,True,,4.02303785,True,False,10.2055217,-6.18248385,True,11.462931783333334,-7.439893933333334,True,0,0,False,1,True
O01260,C0654,R040,D055,D055,delivered,2026-08-11 14:35:00,2026-08-11 14:53:00,2026-08-11 14:54:03.597850,2026-08-11 16:00:24.000000,2026-08-11 16:18:24.000000,2026-08-11 15:55:30.552540,orders_table,True,,-4.890790999999999,False,False,18.0,-22.890791,True,1.0599641666666666,-5.950755166666665,False,0,0,False,0,False
O01261,C0821,R042,D054,D069,delivered,2026-08-13 19:14:00,2026-08-13 19:32:00,2026-08-13 19:39:09.682218,2026-08-13 20:26:48.000000,2026-08-13 20:27:15.443691,2026-08-13 20:22:24.506703,orders_table,True,,-4.39155495,False,False,0.45739485,-4.8489498,True,7.1613703,-11.55292525,False,0,0,False,0,False
O01262,C0200,R032,D051,D051,delivered,2026-08-09 20:20:00,2026-08-09 20:38:00,2026-08-09 20:43:49.698323,2026-08-09 21:32:48.000000,2026-08-09 21:32:48.000000,2026-08-09 21:29:17.874639,orders_table,True,,-3.50208935,False,False,0.0,-3.50208935,True,5.828305383333333,-9.330394733333334,False,0,0,False,0,False
O01263,C0691,R033,D029,D029,delivered,2026-08-01 15:50:00,2026-08-01 16:08:00,2026-08-01 16:07:35.559422,2026-08-01 17:04:29.048168,2026-08-01 17:10:54.807159,2026-08-01 16:52:18.296394,orders_table,True,,-12.179196233333332,False,False,6.429316516666666,-18.60851275,True,-0.40734296666666664,-11.771853266666666,False,0,0,False,0,False
O01264,C0259,R041,D001,D001,delivered,2026-08-04 20:53:00,2026-08-04 21:11:00,2026-08-04 21:08:27.291882,2026-08-04 22:08:36.000000,2026-08-04 22:12:36.000000,2026-08-04 21:58:19.657702,orders_table,True,,-10.272371633333334,False,False,4.0,-14.272371633333334,True,-2.5451353,-7.727236333333334,False,0,0,False,0,False
O01265,C0272,R047,D035,D076,delivered,2026-08-09 21:25:00,2026-08-09 21:43:00,2026-08-09 21:49:58.805936,2026-08-09 22:40:36.000000,2026-08-09 22:45:47.652776,2026-08-09 22:39:24.320049,orders_table,True,,-1.19466585,False,False,5.194212933333334,-6.388878783333333,True,6.980098933333333,-8.174764783333334,False,0,0,False,0,False
O01266,C0426,R002,D117,D117,delivered,2026-08-26 18:06:00,2026-08-26 18:24:00,2026-08-26 18:34:34.203034,2026-08-26 19:22:57.946885,2026-08-26 19:45:57.946885,2026-08-26 19:36:06.399158,orders_table,True,,13.140871216666666,True,True,23.0,-9.859128783333334,True,10.570050566666668,2.570820649999998,True,0,0,False,1,False
O01267,C0802,R030,D059,D059,delivered,2026-08-13 22:28:00,2026-08-13 22:46:00,2026-08-13 23:00:04.078623,2026-08-13 23:41:15.937529,2026-08-13 23:51:15.937529,2026-08-13 23:48:49.190017,orders_table,True,,7.554208133333334,True,False,10.0,-2.4457918666666667,True,14.06797705,-6.513768916666666,True,0,1,True,1,False
O01268,C0881,R045,D010,D010,delivered,2026-08-06 18:50:00,2026-08-06 19:08:00,2026-08-06 19:32:01.340209,2026-08-06 20:11:36.000000,2026-08-06 20:27:36.000000,2026-08-06 20:41:25.341229,orders_table,True,,29.82235381666667,True,True,16.0,13.822353816666666,True,24.022336816666666,5.800017000000004,True,0,1,True,0,False
O01269,C0626,R016,D029,D029,delivered,2026-08-18 16:44:00,2026-08-18 17:02:00,2026-08-18 17:10:41.761256,2026-08-18 17:37:43.391067,2026-08-18 17:42:42.150987,2026-08-18 17:42:28.291168,orders_table,True,,4.748335016666667,True,False,4.979332,-0.23099698333333332,True,8.696020933333333,-3.947685916666666,False,0,0,False,0,False
O01270,C0035,R056,D021,D021,delivered,2026-08-21 11:49:00,2026-08-21 12:07:00,2026-08-21 12:24:58.657798,2026-08-21 13:04:36.000000,2026-08-21 13:14:12.630220,2026-08-21 13:20:16.588893,orders_table,True,,15.67648155,True,True,9.610503666666666,6.065977883333333,True,17.977629966666665,-2.301148416666665,True,0,1,True,0,False
O01271,C0288,R030,D015,D015,delivered,2026-08-21 19:01:00,2026-08-21 19:19:00,2026-08-21 19:22:00.842567,2026-08-21 20:16:36.000000,2026-08-21 20:20:36.000000,2026-08-21 20:10:02.156059,orders_table,True,,-6.564065683333333,False,False,4.0,-10.564065683333332,True,3.014042783333333,-9.578108466666666,False,0,0,False,1,True
O01272,C0807,R057,D045,D045,delivered,2026-08-22 19:06:00,2026-08-22 19:24:00,2026-08-22 19:45:11.555618,2026-08-22 20:00:44.751184,2026-08-22 20:10:39.341067,2026-08-22 20:13:09.933100,orders_table,True,,12.4196986,True,True,9.909831383333334,2.5098672166666662,True,21.192593633333335,-8.772895033333334,True,1,0,True,1,True
O01273,C0716,R027,D018,D018,cancelled,2026-08-02 19:11:00,2026-08-02 19:29:00,2026-08-02 19:38:45.515064,2026-08-02 20:30:01.696676,2026-08-02 20:40:01.696676,,,False,not_delivered,,,,10.0,,False,,,,0,0,False,0,False
O01274,C0338,R057,D043,D043,delivered,2026-08-03 11:51:00,2026-08-03 12:09:00,2026-08-03 12:17:04.137258,2026-08-03 13:06:36.000000,2026-08-03 13:10:36.000000,2026-08-03 13:06:55.838503,orders_table,True,,0.33064171666666664,True,False,4.0,-3.669358283333333,True,8.0689543,-7.738312583333333,False,0,0,False,0,False
O01275,C0244,R008,D099,D099,delivered,2026-08-17 20:51:00,2026-08-17 21:09:00,2026-08-17 21:10:08.260612,2026-08-17 21:35:36.955019,2026-08-17 21:41:12.271256,2026-08-17 21:26:10.127780,orders_table,True,,-9.447120649999999,False,False,5.58860395,-15.0357246,True,1.1376768666666666,-10.584797516666665,False,0,0,False,0,False
O01276,C0251,R033,D107,D107,delivered,2026-08-01 17:47:00,2026-08-01 18:05:00,2026-08-01 18:07:53.087540,2026-08-01 19:12:48.000000,2026-08-01 19:37:24.492477,2026-08-01 19:16:03.760595,orders_table,True,,3.262676583333333,True,False,24.60820795,-21.345531366666666,True,2.884792333333333,0.37788425000000014,False,0,0,False,0,False
O01277,C0798,R048,D095,D095,delivered,2026-08-20 17:58:00,2026-08-20 18:16:00,2026-08-20 18:26:54.577202,2026-08-20 19:17:48.000000,2026-08-20 19:31:18.964455,2026-08-20 19:18:56.964893,orders_table,True,,1.1494148833333333,True,False,13.51607425,-12.366659366666665,True,10.909620033333335,-9.76020515,True,0,0,False,1,False
O01278,C0538,R019,D089,D089,delivered,2026-08-25 21:41:00,2026-08-25 21:59:00,2026-08-25 22:12:04.503815,2026-08-25 22:53:48.000000,2026-08-25 22:55:16.827062,2026-08-25 23:00:21.036885,orders_table,True,,6.550614749999999,True,False,1.4804510333333334,5.070163716666666,True,13.075063583333334,-6.524448833333334,True,0,1,True,0,False
O01279,C0262,R029,D068,D068,delivered,2026-08-05 22:54:00,2026-08-05 23:12:00,2026-08-05 23:22:22.657445,2026-08-06 00:19:24.000000,2026-08-06 00:38:06.555929,2026-08-06 00:26:03.873763,orders_table,True,,6.6645627166666666,True,False,18.709265483333336,-12.044702766666667,True,10.377624083333334,-3.7130613666666674,True,0,0,False,0,False
O01280,C0394,R020,D076,D076,delivered,2026-08-22 20:34:00,2026-08-22 20:52:00,2026-08-22 21:08:49.439227,2026-08-22 21:39:36.882920,2026-08-22 21:54:09.437845,2026-08-22 21:51:22.575725,orders_table,True,,11.76154675,True,True,14.542582083333334,-2.7810353333333335,True,16.823987116666665,-5.062440366666664,True,1,0,True,0,False
O01281,C0552,R035,D006,D006,delivered,2026-08-21 12:15:00,2026-08-21 12:33:00,2026-08-21 12:52:44.291902,2026-08-21 13:34:48.000000,2026-08-21 13:44:48.000000,2026-08-21 13:41:26.617935,orders_table,True,,6.64363225,True,False,10.0,-3.35636775,True,19.738198366666666,-13.094566116666666,True,0,1,True,1,True
O01282,C0778,R046,D056,D056,delivered,2026-08-23 20:40:00,2026-08-23 20:58:00,2026-08-23 21:15:36.051916,2026-08-23 21:41:59.937046,2026-08-23 21:51:59.937046,2026-08-23 21:49:37.504078,orders_table,True,,7.6261171999999995,True,False,10.0,-2.3738827999999996,True,17.600865266666666,-9.974748066666667,True,0,0,False,1,True
O01283,C0050,R010,D093,D044,delivered,2026-08-07 21:48:00,2026-08-07 22:06:00,2026-08-07 22:12:22.619970,2026-08-07 22:43:38.768268,2026-08-07 22:44:21.769613,2026-08-07 22:41:18.116656,orders_table,True,,-2.3441935333333332,False,False,0.7166890833333334,-3.0608826166666665,True,6.3769995,-8.721193033333334,False,0,0,False,0,False
O01284,C0432,R005,D047,D047,delivered,2026-08-12 20:33:00,2026-08-12 20:51:00,2026-08-12 20:50:08.807043,2026-08-12 21:45:48.000000,2026-08-12 21:46:46.892176,2026-08-12 21:37:15.998296,orders_table,True,,-8.533361733333333,False,False,0.9815362666666666,-9.514897999999999,True,-0.85321595,-7.680145783333333,False,0,0,False,1,False
O01285,C0886,R040,D103,D103,delivered,2026-08-16 12:37:00,2026-08-16 12:55:00,2026-08-16 12:59:58.979328,2026-08-16 13:56:48.000000,2026-08-16 14:06:48.000000,2026-08-16 13:53:03.935830,orders_table,True,,-3.7344028333333332,False,False,10.0,-13.734402833333332,True,4.9829888,-8.717391633333333,False,0,0,False,0,False
O01286,C0295,R007,D094,D094,delivered,2026-08-04 18:22:00,2026-08-04 18:40:00,2026-08-04 18:50:06.132234,2026-08-04 19:41:48.000000,2026-08-04 19:52:03.132918,2026-08-04 19:43:07.180401,orders_table,True,,1.31967335,True,False,10.2522153,-8.93254195,True,10.102203900000001,-8.78253055,True,0,0,False,1,True
O01287,C0084,R034,D112,D112,delivered,2026-08-26 13:59:00,2026-08-26 14:17:00,2026-08-26 14:19:26.920952,2026-08-26 14:51:11.554132,2026-08-26 14:55:11.554132,2026-08-26 14:47:22.383208,orders_table,True,,-3.8195154000000002,False,False,4.0,-7.8195154,True,2.4486825333333333,-6.268197933333333,False,0,0,False,0,False
O01288,C0282,R020,D048,D048,cancelled,2026-08-27 21:37:00,2026-08-27 21:55:00,2026-08-27 22:09:31.766957,2026-08-27 22:33:59.864529,2026-08-27 22:46:10.800072,,,False,not_delivered,,,,12.18225905,,False,,,,0,0,False,1,False
O01289,C0004,R011,D075,D075,delivered,2026-08-02 20:05:00,2026-08-02 20:23:00,2026-08-02 20:28:34.171732,2026-08-02 21:20:36.000000,2026-08-02 21:24:49.737620,2026-08-02 21:24:59.900736,orders_table,True,,4.3983456,True,False,4.228960333333333,0.16938526666666667,True,5.569528866666667,-1.1711832666666675,False,0,0,False,0,False
O01290,C0523,R047,D079,D079,delivered,2026-08-01 22:09:00,2026-08-01 22:27:00,2026-08-01 22:30:44.610173,2026-08-01 23:09:19.586746,2026-08-01 23:13:19.586746,2026-08-01 23:04:52.731889,orders_table,True,,-4.44758095,False,False,4.0,-8.447580949999999,True,3.7435028833333335,-8.191083833333334,False,0,0,False,0,False
O01291,C0301,R026,D028,D028,delivered,2026-08-01 11:20:00,2026-08-01 11:38:00,2026-08-01 11:56:41.036121,2026-08-01 12:35:36.000000,2026-08-01 12:40:08.410809,2026-08-01 12:48:40.823342,orders_table,True,,13.080389033333335,True,True,4.540180149999999,8.540208883333333,True,18.683935350000002,-5.603546316666668,True,1,1,True,0,False
O01292,C0498,R033,D085,D085,delivered,2026-08-26 19:18:00,2026-08-26 19:36:00,2026-08-26 19:28:47.410288,2026-08-26 20:43:48.000000,2026-08-26 21:06:32.005345,2026-08-26 20:32:34.254882,orders_table,True,,-11.229085300000001,False,False,22.733422416666667,-33.96250771666667,True,-7.209828533333334,-4.019256766666667,False,0,0,False,0,False
O01293,C0512,R014,D064,D064,delivered,2026-08-13 18:30:00,2026-08-13 18:48:00,2026-08-13 19:01:48.671221,2026-08-13 19:48:39.824553,2026-08-13 20:11:39.824553,2026-08-13 20:00:13.890988,orders_table,True,,11.567773916666665,True,True,23.0,-11.432226083333335,True,13.811187016666667,-2.2434131000000015,True,1,0,True,0,False
O01294,C0269,R052,D022,D022,delivered,2026-08-26 12:20:00,2026-08-26 12:38:00,2026-08-26 12:53:09.159452,2026-08-26 13:39:48.000000,2026-08-26 13:49:48.000000,2026-08-26 13:46:54.337237,orders_table,True,,7.105620616666667,True,False,10.0,-2.8943793833333333,True,15.152657533333333,-8.047036916666666,True,0,0,False,0,False
O01295,C0630,R031,D065,D065,delivered,2026-08-15 16:49:00,2026-08-15 17:07:00,2026-08-15 17:18:09.517609,2026-08-15 17:51:12.417772,2026-08-15 17:55:12.417772,2026-08-15 17:52:50.034211,orders_table,True,,1.62694065,True,False,4.0,-2.3730593499999997,True,11.158626816666667,-9.531686166666667,True,0,0,False,1,True
O01296,C0265,R039,D095,D095,delivered,2026-08-12 20:24:00,2026-08-12 20:42:00,2026-08-12 21:08:08.989725,2026-08-12 21:29:55.716283,2026-08-12 21:39:55.716283,2026-08-12 21:50:42.629342,orders_table,True,,20.781884316666666,True,True,10.0,10.781884316666666,True,26.149828749999998,-5.3679444333333315,True,1,1,True,0,False
O01297,C0348,R024,D087,D087,delivered,2026-08-11 14:55:00,2026-08-11 15:13:00,2026-08-11 15:29:45.031605,2026-08-11 16:00:02.479844,2026-08-11 16:09:02.479844,2026-08-11 16:07:31.039208,orders_table,True,,7.4759894000000005,True,False,9.0,-1.5240106,True,16.75052675,-9.27453735,True,0,0,False,0,False
O01298,C0121,R019,D054,D054,delivered,2026-08-25 14:34:00,2026-08-25 14:52:00,2026-08-25 15:06:28.638612,2026-08-25 15:46:48.000000,2026-08-25 15:54:45.812341,2026-08-25 15:53:46.933755,orders_table,True,,6.9822292500000005,True,False,7.963539016666667,-0.9813097666666667,True,14.4773102,-7.495080949999999,True,0,0,False,0,False
O01299,C0800,R037,D080,D080,delivered,2026-08-28 17:26:00,2026-08-28 17:44:00,2026-08-28 17:48:09.603449,2026-08-28 18:39:37.922904,2026-08-28 18:44:43.667755,2026-08-28 18:34:19.577197,orders_table,True,,-5.305761783333334,False,False,5.095747516666666,-10.401509299999999,True,4.1600574833333335,-9.465819266666667,False,0,0,False,0,False
O01300,C0045,R044,D072,D072,delivered,2026-08-20 18:03:00,2026-08-20 18:21:00,2026-08-20 18:40:50.679457,2026-08-20 18:47:16.656232,2026-08-20 18:51:17.179327,2026-08-20 19:03:28.951670,orders_table,True,,16.204923966666666,True,True,4.00871825,12.196205716666666,True,19.844657616666666,-3.63973365,True,0,1,True,0,False
O01301,C0342,R003,D047,D047,delivered,2026-08-11 21:14:00,2026-08-11 21:32:00,2026-08-11 21:45:28.673616,2026-08-11 22:33:48.000000,2026-08-11 22:43:48.000000,2026-08-11 22:40:29.304587,orders_table,True,,6.688409783333333,True,False,10.0,-3.3115902166666666,True,13.4778936,-6.7894838166666664,True,0,0,False,1,True
O01302,C0116,R010,D088,D088,delivered,2026-08-26 21:07:00,2026-08-26 21:25:00,2026-08-26 21:35:26.474087,2026-08-26 22:15:50.273095,2026-08-26 22:19:50.566866,2026-08-26 22:20:27.428561,orders_table,True,,4.619257766666666,True,False,4.004896183333333,0.6143615833333332,True,10.441234783333334,-5.821977016666668,True,0,0,False,0,False
O01303,C0487,R050,D034,D034,delivered,2026-08-21 18:21:00,2026-08-21 18:39:00,2026-08-21 18:47:09.144740,2026-08-21 19:03:10.309794,2026-08-21 19:05:00.616488,2026-08-21 19:03:45.787091,orders_table,True,,0.5912882833333334,True,False,1.8384448999999998,-1.2471566166666668,True,8.152412333333334,-7.561124050000001,False,0,0,False,0,False
O01304,C0831,R014,D035,D035,delivered,2026-08-17 20:25:00,2026-08-17 20:43:00,2026-08-17 20:50:09.227335,2026-08-17 21:40:18.000000,2026-08-17 21:45:18.000000,2026-08-17 21:39:23.386829,orders_table,True,,-0.9102195166666667,False,False,5.0,-5.910219516666667,True,7.153788916666667,-8.064008433333333,False,0,0,False,0,False
O01305,C0729,R029,D027,D027,delivered,2026-08-21 21:27:00,2026-08-21 21:45:00,2026-08-21 21:36:20.357240,2026-08-21 22:32:59.181361,2026-08-21 22:42:59.181361,2026-08-21 22:15:09.580252,orders_table,True,,-17.82668515,False,False,10.0,-27.82668515,True,-8.660712666666665,-9.165972483333334,False,0,0,False,1,False
O01306,C0629,R049,D077,D077,delivered,2026-08-22 21:00:00,2026-08-22 21:18:00,2026-08-22 21:26:31.794648,2026-08-22 22:18:06.000000,2026-08-22 22:27:52.086107,2026-08-22 22:19:48.732119,orders_table,True,,1.7122019833333333,True,False,9.768101783333332,-8.0558998,True,8.5299108,-6.817708816666666,False,0,1,True,0,False
O01307,C0086,R047,D097,D097,delivered,2026-08-07 20:14:00,2026-08-07 20:32:00,2026-08-07 21:01:16.491135,2026-08-07 21:08:04.504406,2026-08-07 21:12:54.361654,2026-08-07 21:31:40.783435,orders_table,True,,23.604650483333334,True,True,4.830954133333334,18.77369635,True,29.27485225,-5.670201766666665,True,1,0,True,0,False
O01308,C0581,R008,D036,D038,delivered,2026-08-22 14:56:00,2026-08-22 15:14:00,2026-08-22 15:19:38.568123,2026-08-22 16:08:48.000000,2026-08-22 16:08:48.000000,2026-08-22 16:06:00.162001,orders_table,True,,-2.797299983333333,False,False,0.0,-2.797299983333333,True,5.64280205,-8.440102033333334,False,0,0,False,0,False
O01309,C0374,R026,D006,D006,delivered,2026-08-12 15:38:00,2026-08-12 15:56:00,2026-08-12 15:55:15.341421,2026-08-12 16:59:36.000000,2026-08-12 17:16:13.466734,2026-08-12 16:57:01.692794,orders_table,True,,-2.571786766666667,False,False,16.624445566666665,-19.196232333333334,True,-0.74430965,-1.827477116666667,False,0,0,False,0,False
O01310,C0122,R041,D084,D084,delivered,2026-08-03 18:34:00,2026-08-03 18:52:00,2026-08-03 19:12:43.171367,2026-08-03 19:35:20.707200,2026-08-03 19:35:28.509808,2026-08-03 19:47:04.962371,orders_table,True,,11.737586183333333,True,True,0.13004346666666666,11.607542716666668,True,20.719522783333332,-8.9819366,True,1,0,True,0,False
O01311,C0203,R005,D016,D016,delivered,2026-08-09 21:37:00,2026-08-09 21:55:00,2026-08-09 21:52:34.470231,2026-08-09 22:56:25.987270,2026-08-09 23:14:30.426485,2026-08-09 22:49:28.355841,driver_app,True,,-6.960523816666667,False,False,18.07398691666667,-25.03451073333333,True,-2.42549615,-4.535027666666667,False,0,0,False,0,False
O01312,C0206,R027,D056,D056,delivered,2026-08-14 19:02:00,2026-08-14 19:20:00,2026-08-14 20:03:23.614086,2026-08-14 20:17:36.000000,2026-08-14 20:28:19.378901,2026-08-14 20:54:36.321890,orders_table,True,,37.00536483333334,True,True,10.722981683333334,26.282383149999998,True,43.3935681,-6.388203266666665,True,0,0,False,0,False
O01313,C0838,R047,D087,D087,delivered,2026-08-28 20:53:00,2026-08-28 21:11:00,2026-08-28 21:31:27.974061,2026-08-28 22:08:36.000000,2026-08-28 22:12:36.000000,2026-08-28 22:24:45.314236,orders_table,True,,16.155237266666667,True,True,4.0,12.155237266666667,True,20.466234349999997,-4.31099708333333,True,1,0,True,1,False
O01314,C0162,R015,D003,D003,delivered,2026-08-03 17:00:00,2026-08-03 17:18:00,2026-08-03 17:40:03.263644,2026-08-03 18:15:36.000000,2026-08-03 18:26:09.546508,2026-08-03 18:33:06.595657,orders_table,True,,17.50992761666667,True,True,10.559108466666666,6.95081915,True,22.054394066666667,-4.544466449999998,True,0,1,True,0,False
O01315,C0803,R001,D047,D047,delivered,2026-08-08 19:29:00,2026-08-08 19:47:00,2026-08-08 20:06:53.437984,2026-08-08 20:41:48.000000,2026-08-08 20:44:37.579896,2026-08-08 20:54:16.384534,orders_table,True,,12.473075566666667,True,True,2.8263316,9.646743966666666,True,19.890633066666666,-7.417557499999999,True,0,0,False,0,False
O01316,C0808,R027,D093,D093,delivered,2026-08-16 21:05:00,2026-08-16 21:23:00,2026-08-16 21:29:43.007857,2026-08-16 22:17:48.000000,2026-08-16 22:17:48.000000,2026-08-16 22:14:38.652126,orders_table,True,,-3.1557979,False,False,0.0,-3.1557979,True,6.716797616666667,-9.872595516666667,False,0,0,False,0,False
O01317,C0365,R055,D065,D065,delivered,2026-08-05 22:29:00,2026-08-05 22:47:00,2026-08-05 22:56:38.925176,2026-08-05 23:34:09.275474,2026-08-05 23:38:24.812063,2026-08-05 23:33:02.550957,orders_table,True,,-1.1120752833333334,False,False,4.2589431499999995,-5.371018433333333,True,9.648752933333332,-10.760828216666665,False,0,1,True,0,False
O01318,C0340,R021,D034,D034,delivered,2026-08-11 13:48:00,2026-08-11 14:06:00,2026-08-11 14:08:18.290147,2026-08-11 15:07:48.000000,2026-08-11 15:17:48.000000,2026-08-11 15:03:33.750331,orders_table,True,,-4.237494483333333,False,False,10.0,-14.237494483333334,True,2.304835783333333,-6.542330266666666,False,0,0,False,1,False
O01319,C0239,R007,D098,D098,delivered,2026-08-09 21:57:00,2026-08-09 22:15:00,2026-08-09 22:17:42.550010,2026-08-09 23:12:36.000000,2026-08-09 23:16:36.000000,2026-08-09 23:09:10.787460,orders_table,True,,-3.420209,False,False,4.0,-7.420209,True,2.709166833333333,-6.129375833333333,False,0,0,False,0,False
O01320,C0330,R013,D083,D083,delivered,2026-08-13 20:38:00,2026-08-13 20:56:00,2026-08-13 21:00:44.003370,2026-08-13 21:40:08.816346,2026-08-13 22:04:28.479659,2026-08-13 21:46:45.033152,orders_table,True,,6.603613433333334,True,False,24.327721883333332,-17.724108450000003,True,4.7333895,1.8702239333333335,False,0,0,False,0,False
O01321,C0179,R026,D050,D050,delivered,2026-08-20 18:11:00,2026-08-20 18:29:00,2026-08-20 18:59:17.486873,2026-08-20 19:23:48.000000,2026-08-20 19:25:09.304856,2026-08-20 19:45:29.940935,orders_table,True,,21.699015583333335,True,True,1.3550809333333333,20.34393465,True,30.291447883333333,-8.592432299999999,True,0,0,False,0,False
O01322,C0460,R040,D028,D028,delivered,2026-08-22 20:37:00,2026-08-22 20:55:00,2026-08-22 21:04:21.008692,2026-08-22 22:02:24.000000,2026-08-22 22:20:24.000000,2026-08-22 22:03:24.781472,orders_table,True,,1.0130245333333334,True,False,18.0,-16.986975466666667,True,9.350144866666666,-8.337120333333333,False,0,0,False,1,True
O01323,C0084,R060,D009,D009,delivered,2026-08-10 12:16:00,2026-08-10 12:34:00,2026-08-10 13:02:50.777043,2026-08-10 13:31:36.000000,2026-08-10 13:37:23.791819,2026-08-10 13:53:54.206175,orders_table,True,,22.30343625,True,True,5.796530316666666,16.506905933333332,True,28.84628405,-6.5428478000000005,True,1,1,True,0,False
O01324,C0290,R029,D048,D048,delivered,2026-08-05 17:01:00,2026-08-05 17:19:00,2026-08-05 17:20:18.107245,2026-08-05 18:13:48.000000,2026-08-05 18:13:48.000000,2026-08-05 17:58:37.123525,orders_table,True,,-15.181274583333334,False,False,0.0,-15.181274583333334,True,1.3017874166666668,-16.483062,False,0,0,False,0,False
O01325,C0382,R059,D029,D029,delivered,2026-08-24 22:04:00,2026-08-24 22:22:00,2026-08-24 22:36:50.389070,2026-08-24 23:16:48.000000,2026-08-24 23:20:44.501465,2026-08-24 23:22:08.362417,orders_table,True,,5.339373616666666,True,False,3.941691083333333,1.3976825333333334,True,14.839817833333333,-9.500444216666667,True,0,1,True,0,False
O01326,C0051,R033,D031,D031,delivered,2026-08-23 13:58:00,2026-08-23 14:16:00,2026-08-23 14:27:47.108608,2026-08-23 15:10:48.000000,2026-08-23 15:10:48.000000,2026-08-23 15:10:37.358105,orders_table,True,,-0.17736491666666668,False,False,0.0,-0.17736491666666668,True,11.785143466666666,-11.962508383333333,True,0,0,False,1,False
O01327,C0702,R007,D080,D080,delivered,2026-08-18 22:25:00,2026-08-18 22:43:00,2026-08-18 22:43:40.149411,2026-08-18 23:40:18.000000,2026-08-18 23:45:18.000000,2026-08-18 23:38:02.434908,orders_table,True,,-2.2594182,False,False,5.0,-7.2594182,True,0.66915685,-2.92857505,False,0,1,True,1,False
O01328,C0878,R044,D058,D058,delivered,2026-08-08 19:00:00,2026-08-08 19:18:00,2026-08-08 19:44:43.765591,2026-08-08 20:13:49.927806,2026-08-08 20:26:24.208136,2026-08-08 20:37:09.457244,orders_table,True,,23.325490633333335,True,True,12.571338833333334,10.754151799999999,True,26.729426516666667,-3.4039358833333324,True,0,1,True,0,False
O01329,C0436,R050,D080,D080,delivered,2026-08-10 18:07:00,2026-08-10 18:25:00,2026-08-10 18:22:48.937035,2026-08-10 19:09:07.804340,2026-08-10 19:19:07.804340,2026-08-10 18:57:26.545040,orders_table,True,,-11.687655000000001,False,False,10.0,-21.687655,True,-2.1843827499999997,-9.503272250000002,False,0,0,False,0,False
O01330,C0078,R044,D054,D054,delivered,2026-08-02 14:05:00,2026-08-02 14:23:00,2026-08-02 14:43:10.570033,2026-08-02 15:23:55.185793,2026-08-02 15:36:30.422106,2026-08-02 15:40:13.018977,orders_table,True,,16.297219733333332,True,True,12.587271883333333,3.70994785,True,20.176167216666666,-3.8789474833333344,True,0,0,False,0,False
O01331,C0744,R033,D088,D088,delivered,2026-08-28 23:17:00,2026-08-28 23:35:00,2026-08-28 23:54:32.108716,2026-08-29 00:36:48.000000,2026-08-29 00:46:48.000000,2026-08-29 00:50:53.383274,orders_table,True,,14.089721233333334,True,True,10.0,4.089721233333333,True,19.535145266666667,-5.4454240333333335,True,0,0,False,1,True
O01332,C0585,R002,D114,D114,cancelled,2026-08-01 19:30:00,2026-08-01 19:48:00,2026-08-01 20:08:01.818841,2026-08-01 20:45:36.000000,2026-08-01 20:49:59.702982,,,False,not_delivered,,,,4.3950497,,False,,,,0,0,False,1,False
O01333,C0479,R029,D010,D010,delivered,2026-08-03 18:15:00,2026-08-03 18:33:00,2026-08-03 18:37:46.074291,2026-08-03 19:34:41.449335,2026-08-03 19:54:36.275380,2026-08-03 19:37:32.588699,orders_table,True,,2.852322733333333,True,False,19.913767416666666,-17.061444683333335,True,4.76790485,-1.9155821166666667,False,0,0,False,0,False
O01334,C0692,R041,D080,D080,delivered,2026-08-01 17:34:00,2026-08-01 17:52:00,2026-08-01 18:05:27.720632,2026-08-01 18:53:48.000000,2026-08-01 19:07:29.370872,2026-08-01 19:01:00.646634,orders_table,True,,7.210777233333333,True,False,13.689514533333332,-6.478737300000001,True,13.462010533333334,-6.251233300000001,True,0,0,False,0,False
O01335,C0736,R028,D105,D105,delivered,2026-08-21 18:30:00,2026-08-21 18:48:00,2026-08-21 18:53:50.361236,2026-08-21 19:09:05.324002,2026-08-21 19:09:05.324002,2026-08-21 19:10:55.202769,orders_table,True,,1.8313127833333334,True,False,0.0,1.8313127833333334,True,5.839353933333333,-4.00804115,False,0,0,False,1,False
O01336,C0238,R035,D012,D012,delivered,2026-08-23 18:11:00,2026-08-23 18:29:00,2026-08-23 18:43:27.475601,2026-08-23 19:23:48.000000,2026-08-23 19:23:48.000000,2026-08-23 19:33:04.742564,orders_table,True,,9.279042733333334,True,False,0.0,9.279042733333334,True,14.457926683333334,-5.1788839499999995,True,0,0,False,1,True
O01337,C0274,R040,D112,D112,delivered,2026-08-21 23:47:00,2026-08-22 00:05:00,2026-08-22 00:09:32.393211,2026-08-22 00:59:48.000000,2026-08-22 00:59:48.000000,2026-08-22 00:58:02.769647,orders_table,True,,-1.7538392166666665,False,False,0.0,-1.7538392166666665,True,4.53988685,-6.293726066666666,False,0,0,False,0,False
O01338,C0327,R034,D013,D100,delivered,2026-08-05 14:59:00,2026-08-05 15:17:00,2026-08-05 15:31:08.662784,2026-08-05 16:17:48.000000,2026-08-05 16:29:48.000000,2026-08-05 16:36:21.975364,orders_table,True,,18.566256066666664,True,True,12.0,6.566256066666667,True,14.144379733333333,4.421876333333332,True,1,0,True,0,False
O01339,C0604,R047,D010,D010,delivered,2026-08-20 19:05:00,2026-08-20 19:23:00,2026-08-20 19:29:01.141679,2026-08-20 19:54:33.242002,2026-08-20 19:58:52.194615,2026-08-20 19:53:45.274380,orders_table,True,,-0.7994603666666666,False,False,4.315876883333333,-5.11533725,True,6.019027983333333,-6.81848835,False,0,0,False,0,False
O01340,C0080,R042,D049,D049,delivered,2026-08-06 20:15:00,2026-08-06 20:33:00,2026-08-06 20:41:00.609627,2026-08-06 21:19:18.744065,2026-08-06 21:20:07.755461,2026-08-06 21:18:34.965229,orders_table,True,,-0.7296472666666667,False,False,0.8168565999999999,-1.5465038666666666,True,8.010160449999999,-8.739807716666666,False,0,0,False,0,False
O01341,C0478,R016,D017,D017,delivered,2026-08-09 17:17:00,2026-08-09 17:35:00,2026-08-09 17:53:07.945456,2026-08-09 18:21:05.653264,2026-08-09 18:25:05.653264,2026-08-09 18:31:04.078144,orders_table,True,,9.973748,True,False,4.0,5.973748,True,18.132424266666664,-8.158676266666664,True,0,0,False,0,False
O01342,C0381,R027,D026,D026,delivered,2026-08-27 19:21:00,2026-08-27 19:39:00,2026-08-27 19:40:45.473448,2026-08-27 20:30:19.605587,2026-08-27 20:42:52.439977,2026-08-27 20:26:44.018835,orders_table,True,,-3.593112533333333,False,False,12.547239833333332,-16.14035236666667,True,1.7578908,-5.351003333333333,False,0,0,False,0,False
O01343,C0859,R038,D028,D028,delivered,2026-08-01 13:24:00,2026-08-01 13:42:00,2026-08-01 13:56:28.835701,2026-08-01 14:36:48.000000,2026-08-01 14:42:43.197733,2026-08-01 14:44:11.709361,driver_app,True,,7.395156016666666,True,False,5.919962216666667,1.4751938,True,14.480595016666665,-7.085438999999999,True,0,0,False,0,False
O01344,C0134,R030,D008,D008,delivered,2026-08-13 14:53:00,2026-08-13 15:11:00,2026-08-13 15:20:52.395521,2026-08-13 16:05:48.000000,2026-08-13 16:08:03.824704,2026-08-13 16:07:19.630323,orders_table,True,,1.5271720500000001,True,False,2.2637450666666665,-0.7365730166666666,True,9.873258683333335,-8.346086633333334,False,0,0,False,0,False
O01345,C0161,R016,D002,D002,delivered,2026-08-02 19:10:00,2026-08-02 19:28:00,2026-08-02 19:30:10.348773,2026-08-02 20:02:08.206293,2026-08-02 20:02:43.866519,2026-08-02 19:53:57.070839,orders_table,True,,-8.1855909,False,False,0.5943371000000001,-8.779928,True,2.17247955,-10.35807045,False,0,0,False,1,True
O01346,C0574,R017,D076,D076,cancelled,2026-08-19 19:11:00,2026-08-19 19:29:00,2026-08-19 19:39:13.567087,2026-08-19 20:36:24.000000,2026-08-19 20:55:14.239083,,,False,not_delivered,,,,18.83731805,,False,,,,0,0,False,0,False
O01347,C0771,R040,D027,D038,delivered,2026-08-12 22:31:00,2026-08-12 22:49:00,2026-08-12 22:47:36.900272,2026-08-12 23:56:24.000000,2026-08-13 00:14:35.329533,2026-08-12 23:51:59.461035,orders_table,True,,-4.408982750000001,False,False,18.18882555,-22.5978083,True,-1.3849954666666666,-3.023987283333334,False,0,0,False,1,True
O01348,C0045,R050,D045,D045,delivered,2026-08-04 20:38:00,2026-08-04 20:56:00,2026-08-04 20:49:16.066770,2026-08-04 21:46:55.901309,2026-08-04 21:50:55.901309,2026-08-04 21:33:07.156429,orders_table,True,,-13.812414666666665,False,False,4.0,-17.812414666666665,True,-6.7322204999999995,-7.080194166666666,False,0,0,False,1,False
O01349,C0771,R050,D058,D058,delivered,2026-08-16 19:03:00,2026-08-16 19:21:00,2026-08-16 19:47:08.127592,2026-08-16 20:18:36.000000,2026-08-16 20:31:13.754510,2026-08-16 20:31:17.649194,orders_table,True,,12.694153233333333,True,True,12.629241833333333,0.0649114,True,26.135459866666668,-13.441306633333335,True,0,1,True,0,False
O01350,C0149,R060,D027,D049,delivered,2026-08-05 20:57:00,2026-08-05 21:15:00,2026-08-05 21:17:08.496058,2026-08-05 22:14:06.381930,2026-08-05 22:32:06.381930,2026-08-05 22:08:01.603997,orders_table,True,,-6.079632216666667,False,False,18.0,-24.079632216666667,True,2.1416009666666667,-8.221233183333334,False,0,0,False,0,False
O01351,C0205,R054,D040,D040,delivered,2026-08-16 20:20:00,2026-08-16 20:38:00,2026-08-16 20:54:26.017959,2026-08-16 21:35:36.000000,2026-08-16 21:40:16.539997,2026-08-16 21:46:53.289624,orders_table,True,,11.2881604,True,True,4.675666616666667,6.612493783333333,True,16.43363265,-5.145472249999999,True,1,0,True,0,False
O01352,C0892,R011,D102,D102,delivered,2026-08-07 12:51:00,2026-08-07 13:09:00,2026-08-07 13:15:59.473154,2026-08-07 14:02:52.024638,2026-08-07 14:13:16.606608,2026-08-07 13:58:25.477667,orders_table,True,,-4.442449516666667,False,False,10.409699499999999,-14.852149016666667,True,6.991219233333334,-11.43366875,False,0,0,False,1,False
O01353,C0191,R002,D043,D043,delivered,2026-08-14 16:56:00,2026-08-14 17:14:00,2026-08-14 17:24:43.303907,2026-08-14 17:56:31.187058,2026-08-14 17:58:40.414554,2026-08-14 17:57:06.899349,orders_table,True,,0.59520485,True,False,2.1537916,-1.55858675,True,10.721731783333333,-10.126526933333333,True,0,0,False,0,False
O01354,C0506,R042,D101,D101,delivered,2026-08-25 13:15:00,2026-08-25 13:33:00,2026-08-25 13:37:59.213347,2026-08-25 14:40:24.000000,2026-08-25 14:59:57.255586,2026-08-25 14:41:06.694374,orders_table,True,,0.7115729000000001,True,False,19.554259766666668,-18.842686866666668,True,4.986889116666666,-4.275316216666666,False,0,0,False,0,False
O01355,C0661,R046,D118,D118,delivered,2026-08-07 13:52:00,2026-08-07 14:10:00,2026-08-07 14:10:18.275390,2026-08-07 14:43:40.335082,2026-08-07 14:46:38.652894,2026-08-07 14:36:42.814239,orders_table,True,,-6.958680716666667,False,False,2.971963533333333,-9.93064425,True,0.30458983333333334,-7.26327055,False,0,0,False,0,False
O01356,C0196,R039,D071,D071,delivered,2026-08-05 16:48:00,2026-08-05 17:06:00,2026-08-05 17:21:44.553203,2026-08-05 17:39:16.332502,2026-08-05 17:39:16.332502,2026-08-05 17:46:34.156863,orders_table,True,,7.297072683333334,True,False,0.0,7.297072683333334,True,15.742553383333334,-8.445480700000001,True,0,0,False,1,True
O01357,C0583,R026,D045,D045,cancelled,2026-08-11 19:02:00,2026-08-11 19:20:00,2026-08-11 19:46:33.913545,2026-08-11 20:14:48.000000,2026-08-11 20:19:46.051212,,,False,not_delivered,,,,4.9675202,,False,,,,0,0,False,0,False
O01358,C0311,R002,D035,D035,delivered,2026-08-08 20:11:00,2026-08-08 20:29:00,2026-08-08 20:29:09.945006,2026-08-08 21:26:36.000000,2026-08-08 21:30:36.000000,2026-08-08 21:12:28.400388,orders_table,True,,-14.1266602,False,False,4.0,-18.1266602,True,0.16575009999999998,-14.2924103,False,0,1,True,0,False
O01359,C0249,R033,D067,D067,delivered,2026-08-05 21:03:00,2026-08-05 21:21:00,2026-08-05 21:29:27.742669,2026-08-05 22:28:24.000000,2026-08-05 22:46:24.000000,2026-08-05 22:29:46.103266,orders_table,True,,1.3683877666666668,True,False,18.0,-16.631612233333335,True,8.462377816666667,-7.09399005,False,0,0,False,0,False
O01360,C0877,R051,D113,D113,delivered,2026-08-14 23:46:00,2026-08-15 00:04:00,2026-08-15 00:10:22.794975,2026-08-15 01:08:18.000000,2026-08-15 01:24:23.212207,2026-08-15 01:13:05.140527,orders_table,True,,4.78567545,True,False,16.086870116666667,-11.301194666666667,True,6.37991625,-1.5942407999999997,False,0,0,False,1,False
O01361,C0131,R059,D119,D119,delivered,2026-08-18 17:15:00,2026-08-18 17:33:00,2026-08-18 17:28:57.495922,2026-08-18 18:07:10.691869,2026-08-18 18:11:10.691869,2026-08-18 17:54:03.885598,orders_table,True,,-13.11343785,False,False,4.0,-17.11343785,True,-4.041734633333333,-9.071703216666666,False,0,0,False,0,False
O01362,C0448,R020,D048,D048,delivered,2026-08-10 20:08:00,2026-08-10 20:26:00,2026-08-10 20:45:44.371040,2026-08-10 21:25:18.483000,2026-08-10 21:37:19.077954,2026-08-10 21:38:08.358523,orders_table,True,,12.831258716666667,True,True,12.009915900000001,0.8213428166666666,True,19.739517333333332,-6.908258616666664,True,0,1,True,1,True
O01363,C0337,R058,D032,D032,delivered,2026-08-14 20:00:00,2026-08-14 20:18:00,2026-08-14 20:20:32.834529,2026-08-14 21:19:48.000000,2026-08-14 21:29:48.000000,2026-08-14 21:12:53.167391,orders_table,True,,-6.913876816666667,False,False,10.0,-16.91387681666667,True,2.54724215,-9.461118966666668,False,0,0,False,0,False
O01364,C0078,R024,D080,D080,delivered,2026-08-11 19:41:00,2026-08-11 19:59:00,2026-08-11 19:58:37.161511,2026-08-11 20:45:25.697727,2026-08-11 20:49:25.697727,2026-08-11 20:37:24.833264,orders_table,True,,-8.014407716666666,False,False,4.0,-12.014407716666666,True,-0.3806414833333333,-7.633766233333333,False,0,0,False,0,False
O01365,C0896,R018,D117,D117,delivered,2026-08-17 17:37:00,2026-08-17 17:55:00,2026-08-17 18:15:13.434878,2026-08-17 18:46:21.635049,2026-08-17 19:01:56.213412,2026-08-17 19:05:23.185252,orders_table,True,,19.025836716666667,True,True,15.57630605,3.4495306666666665,True,20.223914633333333,-1.1980779166666657,True,1,1,True,0,False
O01366,C0809,R007,D012,D012,delivered,2026-08-13 12:06:00,2026-08-13 12:24:00,2026-08-13 12:41:03.479924,2026-08-13 13:18:48.000000,2026-08-13 13:18:48.000000,2026-08-13 13:30:20.582006,orders_table,True,,11.543033433333333,True,True,0.0,11.543033433333333,True,17.05799873333333,-5.514965299999998,True,0,0,False,0,False
O01367,C0826,R034,D034,D034,delivered,2026-08-03 13:28:00,2026-08-03 13:46:00,2026-08-03 14:02:33.077308,2026-08-03 14:31:23.327500,2026-08-03 14:38:12.634944,2026-08-03 14:40:56.550378,orders_table,True,,9.553714633333334,True,False,6.821790733333333,2.7319239,True,16.551288466666666,-6.997573833333332,True,0,0,False,0,False
O01368,C0168,R034,D090,D090,delivered,2026-08-23 18:32:00,2026-08-23 18:50:00,2026-08-23 18:47:38.011478,2026-08-23 19:45:55.042849,2026-08-23 19:55:55.042849,2026-08-23 19:40:23.865007,orders_table,True,,-5.5196307,False,False,10.0,-15.5196307,True,-2.3664753666666667,-3.153155333333333,False,0,0,False,0,False
O01369,C0632,R020,D093,D093,delivered,2026-08-24 14:46:00,2026-08-24 15:04:00,2026-08-24 15:12:29.391767,2026-08-24 15:42:23.355602,2026-08-24 15:47:33.710890,2026-08-24 15:39:20.638149,orders_table,True,,-3.0452908833333336,False,False,5.172588133333333,-8.217879016666666,True,8.489862783333333,-11.535153666666666,False,0,0,False,0,False
O01370,C0383,R047,D095,D095,delivered,2026-08-26 17:56:00,2026-08-26 18:14:00,2026-08-26 18:29:50.498704,2026-08-26 19:15:07.201635,2026-08-26 19:31:47.822519,2026-08-26 19:18:48.031136,orders_table,True,,3.6804916833333334,True,False,16.677014733333333,-12.99652305,True,15.841645066666667,-12.161153383333334,True,0,0,False,0,False
O01371,C0594,R009,D081,D081,delivered,2026-08-04 17:22:00,2026-08-04 17:40:00,2026-08-04 17:52:54.643929,2026-08-04 18:40:09.713506,2026-08-04 18:50:14.111071,2026-08-04 18:48:50.937937,orders_table,True,,8.687073849999999,True,False,10.07329275,-1.3862189,True,12.91073215,-4.2236583,True,0,0,False,0,False
O01372,C0293,R018,D056,D056,delivered,2026-08-16 17:00:00,2026-08-16 17:18:00,2026-08-16 17:16:17.621768,2026-08-16 17:54:38.503700,2026-08-16 17:54:38.503700,2026-08-16 17:42:57.073731,orders_table,True,,-11.690499483333333,False,False,0.0,-11.690499483333333,True,-1.7063038666666666,-9.984195616666668,False,0,0,False,1,False
O01373,C0299,R037,D032,D032,delivered,2026-08-06 21:55:00,2026-08-06 22:13:00,2026-08-06 22:19:33.683048,2026-08-06 23:10:36.000000,2026-08-06 23:14:36.000000,2026-08-06 23:11:22.118386,driver_app,True,,0.7686397666666667,True,False,4.0,-3.2313602333333336,True,6.561384133333333,-5.792744366666667,False,0,0,False,0,False
O01374,C0288,R009,D054,D054,delivered,2026-08-27 18:02:00,2026-08-27 18:20:00,2026-08-27 18:20:54.862085,2026-08-27 19:21:48.000000,2026-08-27 19:32:07.954608,2026-08-27 19:16:25.365424,orders_table,True,,-5.377242933333333,False,False,10.3325768,-15.709819733333335,True,0.9143680833333333,-6.291611016666667,False,0,0,False,1,False
O01375,C0802,R057,D095,D095,delivered,2026-08-26 19:46:00,2026-08-26 20:04:00,2026-08-26 20:18:24.543222,2026-08-26 20:58:48.000000,2026-08-26 21:01:01.641143,2026-08-26 20:58:45.864133,orders_table,True,,-0.035597783333333334,False,False,2.2273523833333333,-2.2629501666666667,True,14.4090537,-14.444651483333333,True,0,0,False,0,False
O01376,C0456,R047,D044,D044,delivered,2026-08-27 21:56:00,2026-08-27 22:14:00,2026-08-27 22:08:51.758186,2026-08-27 22:44:56.289137,2026-08-27 22:54:00.566145,2026-08-27 22:35:14.967480,orders_table,True,,-9.688694283333332,False,False,9.071283466666667,-18.75997775,True,-5.137363566666666,-4.551330716666666,False,0,0,False,0,False
O01377,C0099,R031,D061,D061,delivered,2026-08-13 20:31:00,2026-08-13 20:49:00,2026-08-13 20:57:03.404423,2026-08-13 21:31:43.278939,2026-08-13 21:35:43.278939,2026-08-13 21:32:13.415343,orders_table,True,,0.5022734,True,False,4.0,-3.4977266,True,8.056740383333333,-7.554466983333333,False,0,0,False,0,False
O01378,C0391,R053,D042,D042,cancelled,2026-08-14 11:45:00,2026-08-14 12:03:00,2026-08-14 12:06:51.466062,2026-08-14 13:04:48.000000,2026-08-14 13:15:42.387935,,,False,not_delivered,,,,10.906465583333333,,False,,,,0,0,False,1,False
O01379,C0613,R053,D006,D006,delivered,2026-08-12 22:38:00,2026-08-12 22:56:00,2026-08-12 22:52:09.327935,2026-08-12 23:39:38.236480,2026-08-12 23:57:55.104538,2026-08-12 23:31:04.738088,orders_table,True,,-8.558306533333333,False,False,18.2811343,-26.839440833333335,True,-3.844534416666667,-4.713772116666666,False,0,0,False,0,False
O01380,C0743,R028,D036,D036,delivered,2026-08-15 18:34:00,2026-08-15 18:52:00,2026-08-15 19:00:16.763756,2026-08-15 19:49:36.000000,2026-08-15 19:54:08.520784,2026-08-15 19:50:59.245597,orders_table,True,,1.3874266166666667,True,False,4.542013066666667,-3.1545864499999996,True,8.279395933333333,-6.891969316666667,False,0,1,True,0,False
O01381,C0458,R037,D050,D050,delivered,2026-08-05 21:20:00,2026-08-05 21:38:00,2026-08-05 21:38:45.834988,2026-08-05 22:16:55.420859,2026-08-05 22:26:55.420859,2026-08-05 22:10:53.839592,orders_table,True,,-6.02635445,False,False,10.0,-16.02635445,True,0.7639164666666667,-6.7902709166666675,False,0,0,False,0,False
O01382,C0561,R013,D024,D024,delivered,2026-08-21 17:35:00,2026-08-21 17:53:00,2026-08-21 18:05:18.435233,2026-08-21 18:36:14.228458,2026-08-21 18:41:05.141377,2026-08-21 18:36:06.694493,orders_table,True,,-0.12556608333333333,False,False,4.84854865,-4.974114733333334,True,12.307253883333335,-12.432819966666669,True,0,0,False,0,False
O01383,C0701,R045,D049,D049,delivered,2026-08-21 22:05:00,2026-08-21 22:23:00,2026-08-21 22:19:16.513107,2026-08-21 23:04:09.374367,2026-08-21 23:20:09.374367,2026-08-21 23:00:30.089088,orders_table,True,,-3.65475465,False,False,16.0,-19.654754649999997,True,-3.7247815500000003,0.07002690000000023,False,0,0,False,0,False
O01384,C0859,R039,D050,D050,delivered,2026-08-27 11:26:00,2026-08-27 11:44:00,2026-08-27 11:46:29.699192,2026-08-27 12:36:40.618176,2026-08-27 12:54:40.618176,2026-08-27 12:33:00.647621,orders_table,True,,-3.6661759166666665,False,False,18.0,-21.666175916666667,True,2.4949865333333334,-6.16116245,False,0,0,False,1,False
O01385,C0863,R044,D049,D049,delivered,2026-08-02 19:50:00,2026-08-02 20:08:00,2026-08-02 20:19:01.374983,2026-08-02 20:44:07.449994,2026-08-02 20:54:07.449994,2026-08-02 20:44:32.037572,orders_table,True,,0.4097929666666667,True,False,10.0,-9.590207033333334,True,11.022916383333333,-10.613123416666667,True,0,0,False,0,False
O01386,C0217,R019,D016,D016,delivered,2026-08-11 16:37:00,2026-08-11 16:55:00,2026-08-11 16:57:03.074356,2026-08-11 17:58:36.000000,2026-08-11 18:14:36.000000,2026-08-11 17:53:00.000160,orders_table,True,,-5.5999973333333335,False,False,16.0,-21.59999733333333,True,2.051239266666667,-7.651236600000001,False,0,0,False,1,False
O01387,C0239,R036,D057,D057,delivered,2026-08-16 19:35:00,2026-08-16 19:53:00,2026-08-16 20:06:16.569207,2026-08-16 20:50:36.000000,2026-08-16 20:54:36.000000,2026-08-16 20:57:15.267512,orders_table,True,,6.654458533333334,True,False,4.0,2.6544585333333335,True,13.27615345,-6.621694916666667,True,0,0,False,0,False
O01388,C0745,R052,D031,D031,delivered,2026-08-13 12:15:00,2026-08-13 12:33:00,2026-08-13 12:38:22.133197,2026-08-13 13:30:36.000000,2026-08-13 13:34:36.000000,2026-08-13 13:25:37.624727,orders_table,True,,-4.972921216666666,False,False,4.0,-8.972921216666666,True,5.368886616666667,-10.341807833333334,False,0,0,False,0,False
O01389,C0812,R056,D089,D089,delivered,2026-08-26 18:41:00,2026-08-26 18:59:00,2026-08-26 18:56:28.321765,2026-08-26 19:56:36.000000,2026-08-26 20:01:17.992751,2026-08-26 19:46:39.150208,orders_table,True,,-9.947496533333332,False,False,4.6998791833333335,-14.647375716666666,True,-2.5279705833333335,-7.419525949999999,False,0,0,False,0,False
O01390,C0499,R059,D077,D077,delivered,2026-08-15 19:14:00,2026-08-15 19:32:00,2026-08-15 19:30:43.366780,2026-08-15 20:29:36.000000,2026-08-15 20:33:36.000000,2026-08-15 20:22:54.243246,orders_table,True,,-6.6959459,False,False,4.0,-10.6959459,True,-1.2772203333333332,-5.418725566666667,False,0,1,True,0,False
O01391,C0408,R013,D025,D064,delivered,2026-08-17 19:55:00,2026-08-17 20:13:00,2026-08-17 20:21:09.177652,2026-08-17 21:10:36.000000,2026-08-17 21:14:36.000000,2026-08-17 21:10:29.590752,orders_table,True,,-0.1068208,False,False,4.0,-4.1068207999999995,True,8.152960866666668,-8.259781666666667,False,0,0,False,0,False
O01392,C0268,R030,D113,D113,delivered,2026-08-22 21:20:00,2026-08-22 21:38:00,2026-08-22 21:39:07.429179,2026-08-22 22:21:59.244850,2026-08-22 22:30:59.244850,2026-08-22 22:12:14.759870,orders_table,True,,-9.741416333333332,False,False,9.0,-18.741416333333333,True,1.1238196500000002,-10.865235983333331,False,0,0,False,0,False
O01393,C0011,R029,D085,D085,delivered,2026-08-04 23:19:00,2026-08-04 23:37:00,2026-08-04 23:44:54.463103,2026-08-05 00:01:05.058857,2026-08-05 00:06:05.058857,2026-08-05 00:04:10.291081,orders_table,True,,3.0872037333333333,True,False,5.0,-1.9127962666666667,True,7.907718383333333,-4.82051465,False,0,0,False,1,False
O01394,C0795,R018,D017,D017,delivered,2026-08-21 20:52:00,2026-08-21 21:10:00,2026-08-21 21:23:09.159942,2026-08-21 21:47:08.693802,2026-08-21 22:08:33.285230,2026-08-21 21:55:56.159110,orders_table,True,,8.791088466666668,True,False,21.409857133333333,-12.618768666666666,True,13.1526657,-4.361577233333332,True,0,0,False,1,False
O01395,C0839,R043,D003,D003,delivered,2026-08-21 15:27:00,2026-08-21 15:45:00,2026-08-21 15:53:49.003331,2026-08-21 16:40:55.714245,2026-08-21 16:44:55.714245,2026-08-21 16:41:02.739630,orders_table,True,,0.11708975,True,False,4.0,-3.88291025,True,8.816722183333333,-8.699632433333333,False,0,0,False,0,False
O01396,C0263,R045,D011,D011,delivered,2026-08-11 18:48:00,2026-08-11 19:06:00,2026-08-11 19:06:52.220714,2026-08-11 20:03:30.151803,2026-08-11 20:08:34.190088,2026-08-11 19:59:36.784865,orders_table,True,,-3.889448966666667,False,False,5.06730475,-8.956753716666666,True,0.8703452333333334,-4.7597942,False,0,0,False,1,False
O01397,C0222,R056,D056,D056,delivered,2026-08-18 20:13:00,2026-08-18 20:31:00,2026-08-18 20:34:03.310912,2026-08-18 21:32:48.000000,2026-08-18 21:43:01.112786,2026-08-18 21:30:44.693994,orders_table,True,,-2.0551000999999998,False,False,10.218546433333334,-12.273646533333334,True,3.0551818666666666,-5.110281966666666,False,0,0,False,1,True
O01398,C0285,R026,D029,D029,delivered,2026-08-24 17:35:00,2026-08-24 17:53:00,2026-08-24 18:09:33.219039,2026-08-24 18:50:36.000000,2026-08-24 18:54:36.000000,2026-08-24 19:00:46.944536,driver_app,True,,10.182408933333333,True,True,4.0,6.182408933333334,True,16.553650649999998,-6.371241716666665,True,0,0,False,0,False
O01399,C0833,R040,D022,D022,delivered,2026-08-21 18:34:00,2026-08-21 18:52:00,2026-08-21 19:01:56.285290,2026-08-21 19:49:36.000000,2026-08-21 19:54:46.695719,2026-08-21 19:48:59.862746,orders_table,True,,-0.6022875666666666,False,False,5.178261983333333,-5.78054955,True,9.938088166666667,-10.540375733333333,False,0,0,False,0,False
O01400,C0348,R032,D031,D031,delivered,2026-08-04 17:35:00,2026-08-04 17:53:00,2026-08-04 18:06:51.027410,2026-08-04 18:50:18.000000,2026-08-04 18:55:18.000000,2026-08-04 18:57:15.702810,orders_table,True,,6.9617135,True,False,5.0,1.9617134999999999,True,13.850456833333334,-6.888743333333334,True,0,1,True,0,False
O01401,C0598,R051,D071,D071,delivered,2026-08-18 14:31:00,2026-08-18 14:49:00,2026-08-18 14:55:32.867745,2026-08-18 15:50:48.000000,2026-08-18 16:01:44.247529,2026-08-18 15:49:30.321909,orders_table,True,,-1.29463485,False,False,10.937458816666666,-12.232093666666666,True,6.547795750000001,-7.8424306,False,0,0,False,1,False
O01402,C0853,R060,D046,D046,delivered,2026-08-05 17:54:00,2026-08-05 18:12:00,2026-08-05 18:09:34.199053,2026-08-05 18:56:32.510343,2026-08-05 19:18:32.510343,2026-08-05 18:57:01.797266,orders_table,True,,0.4881153833333334,True,False,22.0,-21.51188461666667,True,-2.4300157833333333,2.918131166666667,False,0,0,False,0,False
O01403,C0497,R014,D099,D099,delivered,2026-08-24 17:26:00,2026-08-24 17:44:00,2026-08-24 18:17:58.127167,2026-08-24 18:47:36.000000,2026-08-24 19:13:43.336262,2026-08-24 19:24:32.047659,orders_table,True,,36.93412765,True,True,26.122271033333334,10.811856616666667,True,33.96878611666667,2.96534153333333,True,0,0,False,0,False
O01404,C0714,R043,D055,D055,delivered,2026-08-20 19:02:00,2026-08-20 19:20:00,2026-08-20 19:13:50.654047,2026-08-20 20:20:48.000000,2026-08-20 20:32:48.000000,2026-08-20 20:15:11.542465,orders_table,True,,-5.607625583333333,False,False,12.0,-17.607625583333334,True,-6.155765883333333,0.5481403,False,0,0,False,1,False
O01405,C0220,R028,D103,D103,delivered,2026-08-09 16:39:00,2026-08-09 16:57:00,2026-08-09 17:12:33.325705,2026-08-09 17:51:48.000000,2026-08-09 17:51:48.000000,2026-08-09 18:01:17.726468,orders_table,True,,9.495441133333333,True,False,0.0,9.495441133333333,True,15.555428416666667,-6.059987283333333,True,0,0,False,0,False
O01406,C0546,R021,D064,D064,delivered,2026-08-07 12:37:00,2026-08-07 12:55:00,2026-08-07 12:57:15.536339,2026-08-07 13:56:48.000000,2026-08-07 14:06:48.000000,2026-08-07 14:01:07.372063,orders_table,True,,4.322867716666667,True,False,10.0,-5.677132283333333,True,2.258938983333333,2.063928733333334,False,0,0,False,0,False
O01407,C0340,R003,D081,D081,delivered,2026-08-02 11:59:00,2026-08-02 12:17:00,2026-08-02 12:14:13.949820,2026-08-02 13:21:18.000000,2026-08-02 13:38:27.166365,2026-08-02 13:12:49.696042,orders_table,True,,-8.471732633333334,False,False,17.15277275,-25.624505383333332,True,-2.767503,-5.704229633333334,False,0,0,False,1,False
O01408,C0499,R034,D095,D095,delivered,2026-08-10 22:16:00,2026-08-10 22:34:00,2026-08-10 23:06:54.580321,2026-08-10 23:16:58.418535,2026-08-10 23:33:14.196764,2026-08-10 23:44:42.656177,orders_table,True,,27.737294033333335,True,True,16.262970483333334,11.474323550000001,True,32.90967201666667,-5.172377983333334,True,0,0,False,1,True
O01409,C0650,R058,D034,D034,delivered,2026-08-16 16:53:00,2026-08-16 17:11:00,2026-08-16 17:29:47.991720,2026-08-16 18:05:48.000000,2026-08-16 18:12:54.085249,2026-08-16 18:18:48.894187,orders_table,True,,13.014903116666666,True,True,7.101420816666666,5.9134823,True,18.799862,-5.784958883333335,True,1,0,True,1,True
O01410,C0370,R053,D024,D024,delivered,2026-08-10 15:31:00,2026-08-10 15:49:00,2026-08-10 16:12:32.730723,2026-08-10 16:50:48.000000,2026-08-10 17:00:51.170237,2026-08-10 17:08:28.960826,orders_table,True,,17.682680433333335,True,True,10.052837283333334,7.62984315,True,23.54551205,-5.862831616666664,True,0,0,False,0,False
O01411,C0168,R059,D110,D110,delivered,2026-08-11 12:04:00,2026-08-11 12:22:00,2026-08-11 12:33:33.022318,2026-08-11 13:19:36.000000,2026-08-11 13:23:36.000000,2026-08-11 13:23:19.675775,orders_table,True,,3.7279295833333332,True,False,4.0,-0.27207041666666665,True,11.550371966666667,-7.822442383333334,True,0,0,False,1,True
O01412,C0438,R047,D051,D051,delivered,2026-08-21 18:27:00,2026-08-21 18:45:00,2026-08-21 19:00:36.772381,2026-08-21 19:42:36.000000,2026-08-21 19:48:38.714971,2026-08-21 19:51:08.910572,driver_app,True,,8.548509533333334,True,False,6.045249516666667,2.5032600166666668,True,15.612873016666667,-7.064363483333333,True,0,0,False,1,True
O01413,C0356,R032,D064,D064,delivered,2026-08-23 20:00:00,2026-08-23 20:18:00,2026-08-23 20:21:34.157661,2026-08-23 21:15:36.000000,2026-08-23 21:19:36.000000,2026-08-23 21:14:03.581181,orders_table,True,,-1.54031365,False,False,4.0,-5.54031365,True,3.56929435,-5.109608,False,0,1,True,0,False
O01414,C0877,R052,D003,D003,delivered,2026-08-05 13:47:00,2026-08-05 14:05:00,2026-08-05 14:05:18.727367,2026-08-05 14:59:48.000000,2026-08-05 14:59:48.000000,2026-08-05 14:51:19.174334,orders_table,True,,-8.480427766666667,False,False,0.0,-8.480427766666667,True,0.3121227833333334,-8.79255055,False,0,0,False,0,False
O01415,C0244,R036,D078,D078,cancelled,2026-08-08 14:47:00,2026-08-08 15:05:00,2026-08-08 15:09:20.023241,2026-08-08 15:47:12.756727,2026-08-08 15:53:12.819957,,,False,not_delivered,,,,6.001053833333333,,False,,,,0,0,False,0,False
O01416,C0554,R022,D063,D063,delivered,2026-08-06 19:03:00,2026-08-06 19:21:00,2026-08-06 19:41:59.029158,2026-08-06 20:16:58.965882,2026-08-06 20:29:33.821660,2026-08-06 20:32:10.298755,orders_table,True,,15.188881216666665,True,True,12.580929633333334,2.607951583333333,True,20.9838193,-5.794938083333335,True,1,0,True,0,False
O01417,C0581,R050,D103,D103,delivered,2026-08-12 13:24:00,2026-08-12 13:42:00,2026-08-12 13:59:54.167072,2026-08-12 14:49:24.000000,2026-08-12 15:07:59.113251,2026-08-12 15:05:52.636359,orders_table,True,,16.47727265,True,True,18.58522085,-2.1079482,True,17.90278453333333,-1.425511883333332,True,0,0,False,0,False
O01418,C0715,R039,D117,D117,delivered,2026-08-26 16:28:00,2026-08-26 16:46:00,2026-08-26 16:53:03.236971,2026-08-26 17:15:20.133622,2026-08-26 17:19:20.133622,2026-08-26 17:08:19.251648,orders_table,True,,-7.014699566666667,False,False,4.0,-11.014699566666668,True,7.053949516666666,-14.068649083333334,False,0,0,False,0,False
O01419,C0641,R044,D089,D089,delivered,2026-08-19 18:40:00,2026-08-19 18:58:00,2026-08-19 18:58:21.755599,2026-08-19 19:44:50.031353,2026-08-19 19:49:58.220017,2026-08-19 19:32:20.715090,orders_table,True,,-12.488604383333334,False,False,5.136477733333334,-17.625082116666665,True,0.36259331666666667,-12.8511977,False,0,0,False,1,False
O01420,C0501,R054,D076,D076,delivered,2026-08-13 23:23:00,2026-08-13 23:41:00,2026-08-13 23:55:02.327491,2026-08-14 00:45:18.000000,2026-08-14 01:03:33.411020,2026-08-14 00:50:50.769822,orders_table,True,,5.546163699999999,True,False,18.256850333333333,-12.710686633333333,True,14.038791516666667,-8.492627816666667,True,0,0,False,0,False
O01421,C0079,R041,D105,D105,delivered,2026-08-09 22:25:00,2026-08-09 22:43:00,2026-08-09 22:49:48.480364,2026-08-09 23:36:55.402702,2026-08-09 23:41:28.127341,2026-08-09 23:34:11.926898,orders_table,True,,-2.7245967333333336,False,False,4.54541065,-7.270007383333334,True,6.808006066666667,-9.5326028,False,0,0,False,0,False
O01422,C0834,R029,D087,D087,delivered,2026-08-25 23:31:00,2026-08-25 23:49:00,2026-08-26 00:07:17.676523,2026-08-26 00:56:24.000000,2026-08-26 01:20:15.539879,2026-08-26 01:04:59.997287,orders_table,True,,8.599954783333335,True,False,23.85899798333333,-15.2590432,True,18.29460871666667,-9.694653933333335,True,1,1,True,0,False
O01423,C0016,R046,D093,D093,delivered,2026-08-14 18:32:00,2026-08-14 18:50:00,2026-08-14 18:58:12.970361,2026-08-14 19:51:48.000000,2026-08-14 20:04:04.111869,2026-08-14 19:52:30.993575,orders_table,True,,0.7165595833333334,True,False,12.26853115,-11.551971566666667,True,8.216172683333333,-7.4996130999999995,False,0,0,False,1,True
O01424,C0485,R039,D079,D079,delivered,2026-08-26 19:26:00,2026-08-26 19:44:00,2026-08-26 19:43:52.662147,2026-08-26 20:31:35.727332,2026-08-26 20:37:48.589575,2026-08-26 20:29:20.333154,orders_table,True,,-2.2565696333333336,False,False,6.214370716666666,-8.47094035,True,-0.12229755,-2.1342720833333337,False,0,1,True,0,False
O01425,C0139,R050,D086,D086,cancelled,2026-08-26 14:08:00,2026-08-26 14:26:00,2026-08-26 14:43:37.596857,2026-08-26 14:57:00.511487,2026-08-26 15:01:19.604731,,,False,not_delivered,,,,4.318220733333334,,False,,,,0,0,False,0,False
O01426,C0461,R054,D119,D119,delivered,2026-08-27 18:35:00,2026-08-27 18:53:00,2026-08-27 18:58:08.071247,2026-08-27 19:54:48.000000,2026-08-27 20:04:49.371572,2026-08-27 19:51:02.594339,orders_table,True,,-3.7567610166666667,False,False,10.022859533333333,-13.77962055,True,5.1345207833333335,-8.8912818,False,0,0,False,0,False
O01427,C0406,R054,D111,D111,delivered,2026-08-11 19:53:00,2026-08-11 20:11:00,2026-08-11 20:24:44.456135,2026-08-11 21:05:48.000000,2026-08-11 21:06:05.911146,2026-08-11 21:12:43.718786,orders_table,True,,6.928646433333333,True,False,0.2985191,6.630127333333333,True,13.740935583333334,-6.812289150000001,True,0,0,False,0,False
O01428,C0232,R042,D028,D028,delivered,2026-08-19 21:37:00,2026-08-19 21:55:00,2026-08-19 21:49:46.131718,2026-08-19 22:44:24.330427,2026-08-19 22:55:29.767312,2026-08-19 22:29:59.082322,orders_table,True,,-14.42080175,False,False,11.090614749999999,-25.5114165,True,-5.231138033333334,-9.189663716666667,False,0,0,False,0,False
O01429,C0474,R034,D045,D045,delivered,2026-08-15 23:01:00,2026-08-15 23:19:00,2026-08-15 23:31:45.639727,2026-08-16 00:19:06.000000,2026-08-16 00:29:25.994747,2026-08-16 00:26:45.233081,orders_table,True,,7.653884683333334,True,False,10.333245783333332,-2.6793611,True,12.760662116666667,-5.106777433333334,True,0,1,True,0,False
O01430,C0705,R017,D029,D029,delivered,2026-08-08 18:17:00,2026-08-08 18:35:00,2026-08-08 18:46:32.908725,2026-08-08 19:32:13.760689,2026-08-08 19:42:37.194140,2026-08-08 19:42:35.679463,orders_table,True,,10.3653129,True,True,10.390557516666666,-0.025244616666666667,True,11.54847875,-1.18316585,True,1,1,True,0,False
O01431,C0231,R030,D029,D029,delivered,2026-08-10 11:36:00,2026-08-10 11:54:00,2026-08-10 12:15:21.640378,2026-08-10 12:48:16.637242,2026-08-10 12:57:56.607321,2026-08-10 13:00:14.623568,orders_table,True,,11.966438766666666,True,True,9.666167983333334,2.300270783333333,True,21.360672966666666,-9.3942342,True,1,0,True,0,False
O01432,C0687,R013,D111,D068,delivered,2026-08-23 19:42:00,2026-08-23 20:00:00,2026-08-23 19:54:19.522207,2026-08-23 20:54:48.000000,2026-08-23 20:54:48.000000,2026-08-23 20:40:05.588549,orders_table,True,,-14.706857516666668,False,False,0.0,-14.706857516666668,True,-5.674629883333334,-9.032227633333335,False,0,0,False,0,False
O01433,C0564,R011,D119,D119,delivered,2026-08-02 20:04:00,2026-08-02 20:22:00,2026-08-02 20:23:14.196169,2026-08-02 21:06:12.528788,2026-08-02 21:16:51.998567,2026-08-02 21:00:00.330691,orders_table,True,,-6.203301616666667,False,False,10.65782965,-16.861131266666668,True,1.2366028166666667,-7.439904433333334,False,0,1,True,0,False
O01434,C0579,R051,D072,D072,delivered,2026-08-14 12:30:00,2026-08-14 12:48:00,2026-08-14 12:52:04.663794,2026-08-14 13:45:36.000000,2026-08-14 13:49:36.000000,2026-08-14 13:43:34.768227,orders_table,True,,-2.02052955,False,False,4.0,-6.02052955,True,4.0777299,-6.09825945,False,0,0,False,0,False
O01435,C0134,R053,D096,D067,delivered,2026-08-05 20:06:00,2026-08-05 20:24:00,2026-08-05 20:44:48.145036,2026-08-05 21:21:36.000000,2026-08-05 21:25:36.000000,2026-08-05 21:36:19.423116,orders_table,True,,14.723718600000002,True,True,4.0,10.723718600000002,True,20.802417266666666,-6.078698666666664,True,0,0,False,0,False
O01436,C0376,R033,D010,D010,delivered,2026-08-28 19:20:00,2026-08-28 19:38:00,2026-08-28 19:37:10.935859,2026-08-28 20:32:48.000000,2026-08-28 20:32:48.000000,2026-08-28 20:28:57.917950,orders_table,True,,-3.8347008333333337,False,False,0.0,-3.8347008333333337,True,-0.8177356833333334,-3.0169651500000003,False,0,0,False,0,False
O01437,C0790,R049,D089,D089,delivered,2026-08-03 11:40:00,2026-08-03 11:58:00,2026-08-03 12:24:11.123451,2026-08-03 12:55:36.000000,2026-08-03 13:08:19.253471,2026-08-03 13:15:00.724055,orders_table,True,,19.412067583333332,True,True,12.720891183333332,6.6911764,True,26.185390849999997,-6.773323266666665,True,0,0,False,0,False
O01438,C0514,R020,D010,D010,delivered,2026-08-07 16:26:00,2026-08-07 16:44:00,2026-08-07 16:44:30.557514,2026-08-07 17:11:43.426041,2026-08-07 17:17:44.156900,2026-08-07 17:09:08.142954,orders_table,True,,-2.58805145,False,False,6.012180983333334,-8.600232433333334,True,0.5092919,-3.09734335,False,0,0,False,0,False
O01439,C0498,R006,D001,D001,delivered,2026-08-03 11:40:00,2026-08-03 11:58:00,2026-08-03 11:58:22.891428,2026-08-03 12:30:51.304043,2026-08-03 12:36:08.741782,2026-08-03 12:22:03.730813,orders_table,True,,-8.792887166666667,False,False,5.290628983333334,-14.083516150000001,True,0.3815238,-9.174410966666667,False,0,0,False,0,False
O01440,C0441,R055,D022,D022,delivered,2026-08-20 14:03:00,2026-08-20 14:21:00,2026-08-20 14:20:23.760419,2026-08-20 15:15:48.000000,2026-08-20 15:15:48.000000,2026-08-20 15:04:14.214915,orders_table,True,,-11.56308475,False,False,0.0,-11.56308475,True,-0.6039930166666667,-10.959091733333333,False,0,0,False,0,False
O01441,C0504,R004,D081,D081,cancelled,2026-08-15 19:05:00,2026-08-15 19:23:00,2026-08-15 19:33:18.170695,2026-08-15 19:54:52.707438,2026-08-15 20:05:44.253247,,,False,not_delivered,,,,10.859096816666666,,False,,,,0,0,False,0,False
O01442,C0024,R008,D013,D013,delivered,2026-08-16 11:02:00,2026-08-16 11:20:00,2026-08-16 11:31:51.060773,2026-08-16 12:17:18.000000,2026-08-16 12:23:17.334575,2026-08-16 12:22:14.287754,driver_app,True,,4.938129233333333,True,False,5.988909583333333,-1.05078035,True,11.851012883333334,-6.912883650000001,True,0,0,False,0,False
O01443,C0369,R052,D027,D027,delivered,2026-08-01 11:40:00,2026-08-01 11:58:00,2026-08-01 12:14:12.094463,2026-08-01 12:54:17.832727,2026-08-01 13:12:17.832727,2026-08-01 13:02:18.572378,orders_table,True,,8.012327516666666,True,False,18.0,-9.987672483333334,True,16.201574383333334,-8.189246866666668,True,0,0,False,0,False
O01444,C0843,R055,D017,D017,delivered,2026-08-06 13:09:00,2026-08-06 13:27:00,2026-08-06 13:37:15.118371,2026-08-06 14:08:45.713757,2026-08-06 14:15:25.476194,2026-08-06 14:11:06.558777,orders_table,True,,2.347417,True,False,6.662707283333333,-4.315290283333334,True,10.25197285,-7.9045558499999995,True,0,0,False,0,False
O01445,C0868,R028,D080,D111,delivered,2026-08-09 18:51:00,2026-08-09 19:09:00,2026-08-09 19:09:55.031108,2026-08-09 19:44:59.036914,2026-08-09 19:44:59.036914,2026-08-09 19:36:03.171343,orders_table,True,,-8.93109285,False,False,0.0,-8.93109285,True,0.9171851333333334,-9.848277983333334,False,0,0,False,0,False
O01446,C0664,R049,D058,D058,delivered,2026-08-01 20:27:00,2026-08-01 20:45:00,2026-08-01 20:49:39.741752,2026-08-01 21:42:36.000000,2026-08-01 21:46:59.738059,2026-08-01 21:42:48.040805,orders_table,True,,0.20068008333333334,True,False,4.395634316666667,-4.194954233333333,True,4.662362533333334,-4.4616824500000005,False,0,0,False,1,True
O01447,C0627,R057,D053,D053,delivered,2026-08-28 12:57:00,2026-08-28 13:15:00,2026-08-28 13:14:44.390098,2026-08-28 14:12:36.000000,2026-08-28 14:17:35.772196,2026-08-28 14:01:46.021786,orders_table,True,,-10.832970233333333,False,False,4.996203266666667,-15.8291735,True,-0.26016503333333335,-10.5728052,False,0,0,False,0,False
O01448,C0388,R048,D034,D034,delivered,2026-08-16 18:51:00,2026-08-16 19:09:00,2026-08-16 19:17:34.102461,2026-08-16 19:56:55.733594,2026-08-16 20:00:55.733594,2026-08-16 19:52:02.417625,orders_table,True,,-4.8885994833333335,False,False,4.0,-8.888599483333333,True,8.56837435,-13.456973833333333,False,0,0,False,0,False
O01449,C0388,R009,D102,D102,delivered,2026-08-21 19:01:00,2026-08-21 19:19:00,2026-08-21 19:21:37.338210,2026-08-21 20:20:48.000000,2026-08-21 20:30:48.000000,2026-08-21 20:16:51.391141,orders_table,True,,-3.943480983333333,False,False,10.0,-13.943480983333334,True,2.6223035,-6.565784483333333,False,0,0,False,0,False
O01450,C0044,R046,D016,D099,delivered,2026-08-11 20:35:00,2026-08-11 20:53:00,2026-08-11 20:59:06.804869,2026-08-11 21:21:27.944600,2026-08-11 21:25:27.944600,2026-08-11 21:26:37.491994,orders_table,True,,5.159123233333333,True,False,4.0,1.1591232333333332,True,6.113414483333333,-0.9542912499999998,False,0,0,False,1,True
O01451,C0742,R016,D076,D076,delivered,2026-08-26 18:00:00,2026-08-26 18:18:00,2026-08-26 18:11:13.245759,2026-08-26 19:01:05.175786,2026-08-26 19:05:05.175786,2026-08-26 18:46:33.939797,orders_table,True,,-14.520599816666667,False,False,4.0,-18.520599816666667,True,-6.77923735,-7.741362466666668,False,0,0,False,0,False
O01452,C0024,R056,D080,D080,delivered,2026-08-14 12:14:00,2026-08-14 12:32:00,2026-08-14 12:28:46.919216,2026-08-14 13:29:36.000000,2026-08-14 13:34:27.493365,2026-08-14 13:22:10.458664,orders_table,True,,-7.425688933333333,False,False,4.8582227499999995,-12.283911683333335,True,-3.2180130666666664,-4.207675866666667,False,0,0,False,0,False
O01453,C0278,R051,D109,D109,delivered,2026-08-15 20:31:00,2026-08-15 20:49:00,2026-08-15 20:47:56.177482,2026-08-15 21:23:28.565536,2026-08-15 21:33:28.565536,2026-08-15 21:12:46.464734,orders_table,True,,-10.701680033333334,False,False,10.0,-20.701680033333332,True,-1.0637086333333334,-9.637971400000001,False,0,1,True,1,False
O01454,C0472,R027,D105,D105,delivered,2026-08-09 12:45:00,2026-08-09 13:03:00,2026-08-09 13:02:40.503369,2026-08-09 13:57:48.000000,2026-08-09 13:59:55.660259,2026-08-09 13:47:14.141250,orders_table,True,,-10.5643125,False,False,2.127670983333333,-12.691983483333333,True,-0.32494385000000003,-10.23936865,False,0,1,True,0,False
O01455,C0257,R006,D064,D064,delivered,2026-08-16 18:24:00,2026-08-16 18:42:00,2026-08-16 19:00:37.294244,2026-08-16 19:22:49.368287,2026-08-16 19:22:49.368287,2026-08-16 19:37:28.558623,orders_table,True,,14.653172266666667,True,True,0.0,14.653172266666667,True,18.621570733333332,-3.968398466666665,True,1,1,True,0,False
O01456,C0207,R046,D104,D104,delivered,2026-08-18 22:08:00,2026-08-18 22:26:00,2026-08-18 22:33:55.356513,2026-08-18 23:23:36.000000,2026-08-18 23:32:01.763866,2026-08-18 23:26:15.004486,orders_table,True,,2.650074766666667,True,False,8.429397766666666,-5.779323000000001,True,7.9226085500000005,-5.2725337833333334,False,0,0,False,1,False
O01457,C0703,R049,D066,D066,delivered,2026-08-20 13:08:00,2026-08-20 13:26:00,2026-08-20 13:19:33.451393,2026-08-20 14:20:48.000000,2026-08-20 14:20:48.000000,2026-08-20 14:09:50.319150,orders_table,True,,-10.961347499999999,False,False,0.0,-10.961347499999999,True,-6.442476783333333,-4.518870716666665,False,0,0,False,0,False
O01458,C0741,R045,D091,D091,delivered,2026-08-05 20:48:00,2026-08-05 21:06:00,2026-08-05 21:07:51.341737,2026-08-05 21:51:07.001848,2026-08-05 21:51:07.001848,2026-08-05 21:42:13.403252,orders_table,True,,-8.893309933333335,False,False,0.0,-8.893309933333335,True,1.8556956166666665,-10.749005550000001,False,0,0,False,0,False
O01459,C0198,R041,D104,D003,delivered,2026-08-04 18:41:00,2026-08-04 18:59:00,2026-08-04 19:21:50.554318,2026-08-04 19:56:36.000000,2026-08-04 20:02:45.394328,2026-08-04 20:10:20.436035,orders_table,True,,13.740600583333332,True,True,6.1565721333333325,7.58402845,True,22.842571966666664,-9.101971383333332,True,0,1,True,1,True
O01460,C0811,R051,D060,D060,delivered,2026-08-16 12:47:00,2026-08-16 13:05:00,2026-08-16 13:04:07.275650,2026-08-16 13:57:19.943969,2026-08-16 14:13:19.943969,2026-08-16 13:51:06.599579,orders_table,True,,-6.2224065,False,False,16.0,-22.222406499999998,True,-0.8787391666666667,-5.343667333333333,False,0,0,False,0,False
O01461,C0112,R007,D082,D082,delivered,2026-08-13 19:29:00,2026-08-13 19:47:00,2026-08-13 19:51:54.210343,2026-08-13 20:47:06.000000,2026-08-13 20:56:47.384455,2026-08-13 20:45:46.941642,orders_table,True,,-1.3176393,False,False,9.689740916666667,-11.007380216666666,True,4.903505716666667,-6.221145016666667,False,0,0,False,0,False
O01462,C0401,R052,D033,D033,delivered,2026-08-12 13:39:00,2026-08-12 13:57:00,2026-08-12 14:15:21.659502,2026-08-12 14:43:24.375921,2026-08-12 14:59:49.154679,2026-08-12 14:51:44.832232,orders_table,True,,8.340938516666666,True,False,16.4129793,-8.072040783333334,True,18.3609917,-10.020053183333333,True,0,0,False,1,True
O01463,C0573,R050,D062,D062,delivered,2026-08-18 12:44:00,2026-08-18 13:02:00,2026-08-18 13:21:08.797205,2026-08-18 13:45:23.437147,2026-08-18 14:02:33.502357,2026-08-18 14:01:12.740457,orders_table,True,,15.821721833333333,True,True,17.1677535,-1.3460316666666665,True,19.146620083333335,-3.324898250000002,True,1,1,True,0,False
O01464,C0814,R057,D013,D013,delivered,2026-08-05 13:43:00,2026-08-05 14:01:00,2026-08-05 14:09:59.124455,2026-08-05 14:49:59.483633,2026-08-05 14:53:59.483633,2026-08-05 14:46:30.023589,orders_table,True,,-3.4910007333333337,False,False,4.0,-7.491000733333333,True,8.985407583333334,-12.476408316666667,False,0,0,False,0,False
O01465,C0075,R039,D089,D089,delivered,2026-08-01 22:15:00,2026-08-01 22:33:00,2026-08-01 22:40:52.268606,2026-08-01 23:20:25.824757,2026-08-01 23:24:25.824757,2026-08-01 23:17:18.746834,orders_table,True,,-3.1179653833333334,False,False,4.0,-7.117965383333333,True,7.871143433333333,-10.989108816666667,False,0,0,False,1,False
O01466,C0663,R040,D088,D088,delivered,2026-08-12 19:40:00,2026-08-12 19:58:00,2026-08-12 20:16:47.364226,2026-08-12 20:55:36.000000,2026-08-12 21:00:55.695492,2026-08-12 21:08:04.411066,orders_table,True,,12.473517766666667,True,True,5.3282582,7.145259566666667,True,18.789403766666666,-6.315885999999999,True,0,0,False,1,True
O01467,C0686,R047,D085,D085,delivered,2026-08-03 21:21:00,2026-08-03 21:39:00,2026-08-03 21:59:30.145344,2026-08-03 22:43:18.000000,2026-08-03 23:03:47.153338,2026-08-03 23:03:23.975436,orders_table,True,,20.0995906,True,True,20.485888966666668,-0.38629836666666667,True,20.5024224,-0.4028318000000013,True,0,1,True,0,False
O01468,C0096,R032,D004,D004,delivered,2026-08-12 12:09:00,2026-08-12 12:27:00,2026-08-12 12:26:14.834206,2026-08-12 13:30:36.000000,2026-08-12 13:46:36.000000,2026-08-12 13:24:02.130571,orders_table,True,,-6.5644904833333335,False,False,16.0,-22.564490483333334,True,-0.7527632333333333,-5.811727250000001,False,0,0,False,0,False
O01469,C0832,R019,D046,D046,delivered,2026-08-17 18:18:00,2026-08-17 18:36:00,2026-08-17 18:34:17.475813,2026-08-17 19:33:36.000000,2026-08-17 19:37:36.000000,2026-08-17 19:21:05.968121,orders_table,True,,-12.500531316666667,False,False,4.0,-16.500531316666667,True,-1.70873645,-10.791794866666667,False,0,0,False,0,False
O01470,C0732,R050,D030,D030,delivered,2026-08-19 17:24:00,2026-08-19 17:42:00,2026-08-19 18:19:20.433031,2026-08-19 18:23:02.627619,2026-08-19 18:34:49.617892,2026-08-19 18:50:50.704290,orders_table,True,,27.80127785,True,True,11.783171216666666,16.018106633333336,True,37.34055051666667,-9.539272666666665,True,1,0,True,0,False
O01471,C0735,R043,D097,D097,delivered,2026-08-19 20:16:00,2026-08-19 20:34:00,2026-08-19 20:48:56.827370,2026-08-19 21:22:33.205772,2026-08-19 21:37:37.833930,2026-08-19 21:26:39.378167,orders_table,True,,4.10287325,True,False,15.077135966666667,-10.974262716666667,True,14.947122833333333,-10.844249583333333,True,0,0,False,1,False
O01472,C0701,R025,D008,D008,delivered,2026-08-28 19:54:00,2026-08-28 20:12:00,2026-08-28 20:44:29.523027,2026-08-28 21:13:48.000000,2026-08-28 21:34:21.424290,2026-08-28 21:39:36.533246,orders_table,True,,25.808887433333332,True,True,20.5570715,5.251815933333333,True,32.49205045,-6.6831630166666685,True,0,1,True,0,False
O01473,C0704,R060,D028,D028,delivered,2026-08-20 18:05:00,2026-08-20 18:23:00,2026-08-20 18:21:49.952262,2026-08-20 19:20:36.000000,2026-08-20 19:24:36.000000,2026-08-20 19:14:14.858727,orders_table,True,,-6.35235455,False,False,4.0,-10.35235455,True,-1.1674623,-5.184892250000001,False,0,0,False,0,False
O01474,C0142,R058,D108,D108,delivered,2026-08-24 18:25:00,2026-08-24 18:43:00,2026-08-24 18:50:54.516109,2026-08-24 19:37:48.000000,2026-08-24 19:37:48.000000,2026-08-24 19:38:44.783068,orders_table,True,,0.9463844666666666,True,False,0.0,0.9463844666666666,True,7.908601816666666,-6.9622173499999995,False,0,0,False,0,False
O01475,C0464,R021,D022,D022,delivered,2026-08-27 11:56:00,2026-08-27 12:14:00,2026-08-27 12:30:46.266830,2026-08-27 13:15:48.000000,2026-08-27 13:27:17.176806,2026-08-27 13:27:54.361127,orders_table,True,,12.106018783333333,True,True,11.4862801,0.6197386833333333,True,16.771113833333334,-4.6650950500000015,True,1,0,True,1,True
O01476,C0457,R030,D066,D066,delivered,2026-08-01 22:32:00,2026-08-01 22:50:00,2026-08-01 22:52:00.759427,2026-08-01 23:39:36.200640,2026-08-01 23:52:34.687568,2026-08-01 23:41:30.870902,orders_table,True,,1.9111710333333332,True,False,12.974782133333333,-11.063611100000001,True,2.012657116666667,-0.10148608333333375,False,0,0,False,1,False
O01477,C0037,R047,D024,D024,delivered,2026-08-20 13:35:00,2026-08-20 13:53:00,2026-08-20 13:56:11.148798,2026-08-20 15:02:06.635790,2026-08-20 15:25:15.014427,2026-08-20 15:05:38.173741,orders_table,True,,3.5256325166666667,True,False,23.13964395,-19.614011433333335,True,3.1858133,0.3398192166666667,False,0,1,True,0,False
O01478,C0368,R040,D082,D082,delivered,2026-08-12 11:41:00,2026-08-12 11:59:00,2026-08-12 12:31:34.435474,2026-08-12 13:08:54.000000,2026-08-12 13:40:08.037789,2026-08-12 13:38:38.613281,orders_table,True,,29.743554683333333,True,True,31.23396315,-1.4904084666666668,True,32.57392456666667,-2.8303698833333364,True,0,0,False,0,False
O01479,C0137,R033,D054,D054,delivered,2026-08-17 18:48:00,2026-08-17 19:06:00,2026-08-17 19:26:55.173456,2026-08-17 20:07:48.000000,2026-08-17 20:17:48.000000,2026-08-17 20:26:57.651993,orders_table,True,,19.160866549999998,True,True,10.0,9.16086655,True,20.9195576,-1.758691050000003,True,0,0,False,0,False
O01480,C0362,R055,D028,D120,delivered,2026-08-04 15:41:00,2026-08-04 15:59:00,2026-08-04 16:13:44.370318,2026-08-04 16:28:07.106814,2026-08-04 16:28:07.106814,2026-08-04 16:35:08.661261,orders_table,True,,7.02590745,True,False,0.0,7.02590745,True,14.7395053,-7.713597849999999,True,0,0,False,0,False
O01481,C0809,R021,D013,D013,delivered,2026-08-20 11:56:00,2026-08-20 12:14:00,2026-08-20 12:42:57.570621,2026-08-20 13:09:17.247395,2026-08-20 13:26:30.793193,2026-08-20 13:34:03.285496,orders_table,True,,24.767301683333336,True,True,17.2257633,7.541538383333333,True,28.959510350000002,-4.192208666666666,True,0,0,False,0,False
O01482,C0489,R025,D065,D065,delivered,2026-08-14 23:33:00,2026-08-14 23:51:00,2026-08-14 23:56:54.322492,2026-08-15 00:58:24.000000,2026-08-15 01:16:24.000000,2026-08-15 00:59:22.159889,orders_table,True,,0.9693314833333333,True,False,18.0,-17.030668516666665,True,5.9053748666666666,-4.936043383333333,False,0,0,False,0,False
O01483,C0731,R060,D115,D115,delivered,2026-08-11 21:21:00,2026-08-11 21:39:00,2026-08-11 21:40:34.239524,2026-08-11 22:22:27.366123,2026-08-11 22:40:27.366123,2026-08-11 22:20:53.891888,orders_table,True,,-1.5579039166666666,False,False,18.0,-19.557903916666664,True,1.5706587333333333,-3.12856265,False,0,0,False,0,False
O01484,C0282,R032,D082,D082,delivered,2026-08-08 19:37:00,2026-08-08 19:55:00,2026-08-08 19:57:50.124777,2026-08-08 20:56:11.873114,2026-08-08 21:06:11.873114,2026-08-08 20:52:29.961536,orders_table,True,,-3.6985262999999997,False,False,10.0,-13.6985263,True,2.83541295,-6.5339392499999995,False,0,0,False,0,False
O01485,C0403,R022,D054,D054,delivered,2026-08-27 15:27:00,2026-08-27 15:45:00,2026-08-27 16:07:56.960046,2026-08-27 16:14:47.674943,2026-08-27 16:20:02.006885,2026-08-27 16:35:11.003302,orders_table,True,,20.388805983333334,True,True,5.238865700000001,15.149940283333333,True,22.949334099999998,-2.5605281166666636,True,0,0,False,0,False
O01486,C0685,R053,D075,D075,delivered,2026-08-09 16:40:00,2026-08-09 16:58:00,2026-08-09 17:05:15.867602,2026-08-09 17:48:20.383307,2026-08-09 17:57:36.199089,2026-08-09 17:45:18.275916,orders_table,True,,-3.0351231833333334,False,False,9.263596366666667,-12.29871955,True,7.264460033333333,-10.299583216666667,False,0,0,False,0,False
O01487,C0025,R028,D087,D087,delivered,2026-08-05 21:53:00,2026-08-05 22:11:00,2026-08-05 22:18:12.430728,2026-08-05 22:54:58.535386,2026-08-05 22:54:58.535386,2026-08-05 22:51:45.443564,orders_table,True,,-3.2181970333333334,False,False,0.0,-3.2181970333333334,True,7.207178799999999,-10.425375833333334,False,0,0,False,1,True
O01488,C0694,R054,D101,D101,cancelled,2026-08-10 13:08:00,2026-08-10 13:26:00,2026-08-10 13:37:44.332153,2026-08-10 14:27:48.000000,2026-08-10 14:38:47.858477,,,False,not_delivered,,,,10.997641283333333,,False,,,,0,0,False,1,False
O01489,C0732,R025,D116,D116,delivered,2026-08-15 22:09:00,2026-08-15 22:27:00,2026-08-15 22:23:17.346786,2026-08-15 23:24:18.000000,2026-08-15 23:29:18.000000,2026-08-15 23:12:48.563960,orders_table,True,,-11.490600666666667,False,False,5.0,-16.49060066666667,True,-3.7108868999999998,-7.779713766666667,False,0,1,True,0,False
O01490,C0238,R020,D108,D108,delivered,2026-08-27 22:45:00,2026-08-27 23:03:00,2026-08-27 23:02:39.682115,2026-08-28 00:04:52.893166,2026-08-28 00:20:46.527913,2026-08-28 00:00:56.422642,orders_table,True,,-3.9411754,False,False,15.893912449999998,-19.835087849999997,True,-0.3386314166666667,-3.6025439833333333,False,0,0,False,0,False
O01491,C0068,R021,D085,D085,delivered,2026-08-13 18:15:00,2026-08-13 18:33:00,2026-08-13 18:51:20.711881,2026-08-13 19:27:48.000000,2026-08-13 19:35:51.404413,2026-08-13 19:34:28.012686,orders_table,True,,6.6668781,True,False,8.056740216666666,-1.3898621166666667,True,18.345198016666664,-11.678319916666664,True,0,1,True,0,False
O01492,C0713,R055,D018,D090,cancelled,2026-08-06 13:05:00,2026-08-06 13:23:00,2026-08-06 13:33:17.375748,2026-08-06 14:20:36.000000,2026-08-06 14:25:59.404640,,,False,not_delivered,,,,5.390077333333333,,False,,,,0,0,False,0,False
O01493,C0673,R012,D004,D004,cancelled,2026-08-14 11:07:00,2026-08-14 11:25:00,2026-08-14 11:46:13.644163,2026-08-14 12:16:51.973339,2026-08-14 12:27:31.466296,,,False,not_delivered,,,,10.65821595,,False,,,,0,0,False,0,False
O01494,C0260,R033,D091,D091,delivered,2026-08-03 17:53:00,2026-08-03 18:11:00,2026-08-03 18:19:56.303290,2026-08-03 19:12:48.000000,2026-08-03 19:26:10.986092,2026-08-03 19:14:24.623147,orders_table,True,,1.6103857833333335,True,False,13.383101533333333,-11.77271575,True,8.938388166666666,-7.328002383333333,False,0,0,False,0,False
O01495,C0426,R043,D046,D046,delivered,2026-08-23 14:31:00,2026-08-23 14:49:00,2026-08-23 15:21:34.873980,2026-08-23 15:35:26.743289,2026-08-23 15:51:50.416177,2026-08-23 15:57:46.039379,orders_table,True,,22.3216015,True,True,16.394548133333334,5.927053366666667,True,32.581233000000005,-10.259631500000005,True,0,1,True,0,False
O01496,C0042,R002,D032,D032,delivered,2026-08-03 22:31:00,2026-08-03 22:49:00,2026-08-03 22:52:50.955735,2026-08-03 23:53:18.000000,2026-08-04 00:08:18.000000,2026-08-03 23:56:10.608094,orders_table,True,,2.8768015666666664,True,False,15.0,-12.123198433333332,True,3.84926225,-0.9724606833333338,False,0,0,False,1,False
O01497,C0574,R041,D109,D109,delivered,2026-08-01 11:02:00,2026-08-01 11:20:00,2026-08-01 11:45:32.038298,2026-08-01 12:21:48.000000,2026-08-01 12:32:37.848994,2026-08-01 12:36:06.941754,orders_table,True,,14.3156959,True,True,10.830816566666666,3.484879333333333,True,25.533971633333334,-11.218275733333334,True,0,1,True,0,False
O01498,C0624,R056,D031,D031,delivered,2026-08-07 20:31:00,2026-08-07 20:49:00,2026-08-07 20:55:57.784546,2026-08-07 21:50:48.000000,2026-08-07 22:00:48.000000,2026-08-07 21:51:15.824264,orders_table,True,,0.46373773333333335,True,False,10.0,-9.536262266666666,True,6.963075766666666,-6.499338033333332,False,0,0,False,0,False
O01499,C0831,R011,D106,D106,delivered,2026-08-07 20:05:00,2026-08-07 20:23:00,2026-08-07 20:42:37.799748,2026-08-07 21:18:16.765675,2026-08-07 21:31:46.377198,2026-08-07 21:29:42.751504,orders_table,True,,11.43309715,True,True,13.493525383333333,-2.0604282333333335,True,19.6299958,-8.19689865,True,0,1,True,1,True
O01500,C0621,R016,D032,D032,delivered,2026-08-08 16:17:00,2026-08-08 16:35:00,2026-08-08 16:38:53.393622,2026-08-08 17:19:43.684835,2026-08-08 17:19:43.684835,2026-08-08 17:17:49.842786,orders_table,True,,-1.8973674833333334,False,False,0.0,-1.8973674833333334,True,3.8898937,-5.787261183333333,False,0,0,False,1,False
O01501,C0749,R046,D083,D083,delivered,2026-08-25 17:10:00,2026-08-25 17:28:00,2026-08-25 17:36:19.509166,2026-08-25 18:25:36.000000,2026-08-25 18:29:36.000000,2026-08-25 18:22:22.587482,orders_table,True,,-3.2235419666666667,False,False,4.0,-7.223541966666667,True,8.325152766666667,-11.548694733333335,False,0,1,True,0,False
O01502,C0568,R015,D112,D112,delivered,2026-08-28 11:22:00,2026-08-28 11:40:00,2026-08-28 11:42:45.065240,2026-08-28 12:29:30.981122,2026-08-28 12:47:30.981122,2026-08-28 12:26:35.381750,orders_table,True,,-2.9266561999999996,False,False,18.0,-20.9266562,True,2.751087333333333,-5.677743533333333,False,0,0,False,0,False
O01503,C0105,R045,D045,D045,delivered,2026-08-07 19:39:00,2026-08-07 19:57:00,2026-08-07 20:15:45.378033,2026-08-07 21:00:36.000000,2026-08-07 21:23:06.771954,2026-08-07 21:22:17.089088,orders_table,True,,21.684818133333334,True,True,22.5128659,-0.8280477666666666,True,18.75630055,2.928517583333335,True,1,0,True,0,False
O01504,C0810,R047,D049,D049,delivered,2026-08-14 18:55:00,2026-08-14 19:13:00,2026-08-14 19:27:47.830895,2026-08-14 19:56:54.935956,2026-08-14 19:57:06.516893,2026-08-14 20:00:27.516921,orders_table,True,,3.5430160833333333,True,False,0.19301561666666667,3.3500004666666663,True,14.797181583333334,-11.254165500000001,True,0,0,False,0,False
O01505,C0096,R011,D082,D082,delivered,2026-08-13 21:50:00,2026-08-13 22:08:00,2026-08-13 22:13:52.406582,2026-08-13 22:49:08.021995,2026-08-13 22:59:58.149727,2026-08-13 22:47:42.083901,orders_table,True,,-1.4323015666666667,False,False,10.8354622,-12.267763766666667,True,5.873443033333333,-7.305744600000001,False,0,0,False,0,False
O01506,C0336,R055,D050,D050,delivered,2026-08-27 16:11:00,2026-08-27 16:29:00,2026-08-27 16:39:49.210080,2026-08-27 17:26:36.000000,2026-08-27 17:30:36.000000,2026-08-27 17:28:22.678482,driver_app,True,,1.7779747000000001,True,False,4.0,-2.2220253,True,10.820167999999999,-9.0421933,True,0,0,False,0,False
O01507,C0155,R033,D085,D085,cancelled,2026-08-16 18:09:00,2026-08-16 18:27:00,2026-08-16 18:29:58.036266,2026-08-16 19:30:36.000000,2026-08-16 19:46:36.000000,,,False,not_delivered,,,,16.0,,False,,,,0,0,False,0,False
O01508,C0749,R034,D114,D114,delivered,2026-08-24 18:20:00,2026-08-24 18:38:00,2026-08-24 18:54:19.061192,2026-08-24 19:12:31.924857,2026-08-24 19:12:38.250451,2026-08-24 19:15:51.314555,orders_table,True,,3.3231616333333336,True,False,0.10542656666666667,3.2177350666666666,True,16.317686533333333,-12.9945249,True,0,0,False,0,False
O01509,C0675,R026,D093,D113,delivered,2026-08-28 17:25:00,2026-08-28 17:43:00,2026-08-28 17:57:23.771992,2026-08-28 18:40:36.000000,2026-08-28 18:45:33.091059,2026-08-28 18:51:09.858572,orders_table,True,,10.564309533333333,True,True,4.9515176499999995,5.612791883333333,True,14.396199866666667,-3.831890333333334,True,1,0,True,0,False
O01510,C0336,R032,D044,D044,delivered,2026-08-17 22:35:00,2026-08-17 22:53:00,2026-08-17 23:01:22.912818,2026-08-17 23:23:11.625349,2026-08-17 23:33:11.625349,2026-08-17 23:29:40.289671,orders_table,True,,6.477738700000001,True,False,10.0,-3.5222613,True,8.3818803,-1.9041416,False,0,0,False,1,False
O01511,C0045,R048,D018,D018,delivered,2026-08-21 11:41:00,2026-08-21 11:59:00,2026-08-21 12:11:37.544423,2026-08-21 12:43:15.343427,2026-08-21 12:56:59.823075,2026-08-21 12:53:04.134676,orders_table,True,,9.813187483333333,True,False,13.741327466666666,-3.9281399833333333,True,12.625740383333333,-2.8125529,True,0,1,True,0,False
O01512,C0896,R017,D048,D048,delivered,2026-08-07 20:40:00,2026-08-07 20:58:00,2026-08-07 21:17:37.354088,2026-08-07 21:55:36.000000,2026-08-07 21:59:55.924060,2026-08-07 22:08:56.399936,driver_app,True,,13.339998933333334,True,True,4.332067666666666,9.007931266666667,True,19.622568133333335,-6.282569200000001,True,0,0,False,0,False
O01513,C0268,R003,D113,D113,delivered,2026-08-08 18:50:00,2026-08-08 19:08:00,2026-08-08 19:41:53.359592,2026-08-08 20:09:48.000000,2026-08-08 20:28:55.250989,2026-08-08 20:41:15.654928,orders_table,True,,31.460915466666666,True,True,19.120849816666666,12.340065650000001,True,33.88932653333333,-2.4284110666666656,True,0,0,False,0,False
O01514,C0408,R030,D048,D048,delivered,2026-08-24 17:57:00,2026-08-24 18:15:00,2026-08-24 18:28:31.727776,2026-08-24 19:12:36.000000,2026-08-24 19:16:36.000000,2026-08-24 19:21:51.953311,orders_table,True,,9.265888516666667,True,False,4.0,5.265888516666666,True,13.528796266666665,-4.262907749999998,True,0,0,False,0,False
O01515,C0577,R014,D102,D102,delivered,2026-08-17 14:47:00,2026-08-17 15:05:00,2026-08-17 15:05:04.253358,2026-08-17 16:06:48.000000,2026-08-17 16:17:23.728009,2026-08-17 16:02:11.770275,orders_table,True,,-4.60382875,False,False,10.595466816666667,-15.199295566666667,True,0.0708893,-4.67471805,False,0,0,False,0,False
O01516,C0643,R046,D069,D069,delivered,2026-08-08 13:55:00,2026-08-08 14:13:00,2026-08-08 14:12:50.074206,2026-08-08 15:14:48.000000,2026-08-08 15:26:06.733785,2026-08-08 15:13:48.335328,orders_table,True,,-0.9944112,False,False,11.31222975,-12.30664095,True,-0.1654299,-0.8289813,False,0,0,False,0,False
O01517,C0397,R024,D041,D041,delivered,2026-08-08 21:46:00,2026-08-08 22:04:00,2026-08-08 22:03:09.535388,2026-08-08 22:50:27.661861,2026-08-08 22:54:27.661861,2026-08-08 22:44:52.533986,orders_table,True,,-5.585464583333334,False,False,4.0,-9.585464583333334,True,-0.8410768666666667,-4.744387716666667,False,0,0,False,0,False
O01518,C0114,R032,D064,D064,delivered,2026-08-15 13:52:00,2026-08-15 14:10:00,2026-08-15 14:13:30.546458,2026-08-15 14:55:22.900364,2026-08-15 14:57:38.127835,2026-08-15 14:52:38.676597,orders_table,True,,-2.7370627833333336,False,False,2.2537911833333335,-4.990853966666666,True,3.5091076333333335,-6.246170416666667,False,0,0,False,1,True
O01519,C0550,R018,D074,D017,delivered,2026-08-12 19:43:00,2026-08-12 20:01:00,2026-08-12 20:28:38.066818,2026-08-12 20:52:43.468930,2026-08-12 21:01:52.514953,2026-08-12 21:13:35.820059,orders_table,True,,20.872518816666666,True,True,9.15076705,11.721751766666667,True,27.634446966666665,-6.761928149999999,True,0,0,False,0,False
O01520,C0169,R002,D003,D003,delivered,2026-08-11 14:04:00,2026-08-11 14:22:00,2026-08-11 14:30:55.395314,2026-08-11 15:10:21.125878,2026-08-11 15:10:21.125878,2026-08-11 15:11:17.182956,orders_table,True,,0.9342846333333333,True,False,0.0,0.9342846333333333,True,8.923255233333332,-7.988970599999999,False,0,0,False,0,False
O01521,C0641,R013,D047,D047,delivered,2026-08-05 14:22:00,2026-08-05 14:40:00,2026-08-05 14:37:55.684570,2026-08-05 15:14:11.373396,2026-08-05 15:20:08.630061,2026-08-05 15:06:31.169052,orders_table,True,,-7.6700724,False,False,5.95427775,-13.62435015,True,-2.0719238333333334,-5.598148566666666,False,0,0,False,0,False
O01522,C0494,R023,D100,D100,delivered,2026-08-16 14:12:00,2026-08-16 14:30:00,2026-08-16 14:31:05.363725,2026-08-16 15:27:36.000000,2026-08-16 15:32:21.121311,2026-08-16 15:21:34.937844,orders_table,True,,-6.017702600000001,False,False,4.75202185,-10.76972445,True,1.0893954166666666,-7.107098016666667,False,0,0,False,0,False
O01523,C0479,R019,D046,D099,delivered,2026-08-03 18:57:00,2026-08-03 19:15:00,2026-08-03 19:13:16.191463,2026-08-03 20:22:24.000000,2026-08-03 20:40:24.000000,2026-08-03 20:18:37.220011,orders_table,True,,-3.7796664833333335,False,False,18.0,-21.779666483333333,True,-1.7301422833333333,-2.0495242000000005,False,0,0,False,0,False
O01524,C0808,R033,D117,D117,delivered,2026-08-15 15:06:00,2026-08-15 15:24:00,2026-08-15 15:36:51.899479,2026-08-15 16:31:24.000000,2026-08-15 16:55:01.550130,2026-08-15 16:35:58.297761,orders_table,True,,4.571629349999999,True,False,23.6258355,-19.054206150000002,True,12.864991316666668,-8.29336196666667,True,0,0,False,0,False
O01525,C0066,R038,D029,D029,delivered,2026-08-17 12:50:00,2026-08-17 13:08:00,2026-08-17 13:31:44.408714,2026-08-17 14:09:48.000000,2026-08-17 14:26:28.802581,2026-08-17 14:29:47.982905,orders_table,True,,19.999715083333335,True,True,16.680043016666666,3.319672066666667,True,23.740145233333333,-3.740430149999998,True,0,0,False,0,False
O01526,C0842,R042,D119,D119,delivered,2026-08-11 11:21:00,2026-08-11 11:39:00,2026-08-11 11:41:34.371695,2026-08-11 12:30:21.957891,2026-08-11 12:45:21.957891,2026-08-11 12:26:17.974844,orders_table,True,,-4.066384116666667,False,False,15.0,-19.066384116666665,True,2.5728615833333333,-6.6392457,False,0,0,False,0,False
O01527,C0121,R034,D048,D048,delivered,2026-08-07 15:14:00,2026-08-07 15:32:00,2026-08-07 15:49:00.069724,2026-08-07 16:33:48.000000,2026-08-07 16:44:20.153186,2026-08-07 16:40:04.688215,orders_table,True,,6.278136916666667,True,False,10.535886433333333,-4.257749516666666,True,17.001162066666666,-10.723025149999998,True,0,0,False,0,False
O01528,C0578,R035,D072,D072,delivered,2026-08-08 17:23:00,2026-08-08 17:41:00,2026-08-08 17:45:13.190055,2026-08-08 18:35:48.000000,2026-08-08 18:37:48.225251,2026-08-08 18:26:50.195073,orders_table,True,,-8.963415450000001,False,False,2.003754183333333,-10.967169633333333,True,4.21983425,-13.183249700000001,False,0,0,False,1,False
O01529,C0828,R045,D101,D101,delivered,2026-08-19 11:18:00,2026-08-19 11:36:00,2026-08-19 11:58:52.697108,2026-08-19 12:19:55.272834,2026-08-19 12:37:53.154916,2026-08-19 12:35:26.709772,orders_table,True,,15.523948966666667,True,True,17.964701366666667,-2.4407524,True,22.878285133333335,-7.354336166666668,True,1,0,True,0,False
O01530,C0734,R002,D100,D100,delivered,2026-08-28 13:37:00,2026-08-28 13:55:00,2026-08-28 13:59:22.084854,2026-08-28 14:52:36.000000,2026-08-28 14:56:54.261429,2026-08-28 14:52:04.844498,orders_table,True,,-0.5192583666666667,False,False,4.30435715,-4.823615516666666,True,4.3680809,-4.887339266666666,False,0,0,False,1,True
O01531,C0259,R020,D093,D093,delivered,2026-08-06 18:53:00,2026-08-06 19:11:00,2026-08-06 19:32:48.936433,2026-08-06 19:49:49.349007,2026-08-06 20:00:29.492772,2026-08-06 20:08:24.720387,orders_table,True,,18.589523,True,True,10.66906275,7.9204602500000005,True,21.815607216666667,-3.226084216666667,True,0,0,False,0,False
O01532,C0825,R028,D048,D048,delivered,2026-08-22 18:49:00,2026-08-22 19:07:00,2026-08-22 19:02:04.126535,2026-08-22 20:04:36.000000,2026-08-22 20:08:36.000000,2026-08-22 19:54:15.355136,orders_table,True,,-10.344081066666666,False,False,4.0,-14.344081066666666,True,-4.931224416666667,-5.412856649999999,False,0,0,False,0,False
O01533,C0821,R049,D047,D047,delivered,2026-08-09 15:03:00,2026-08-09 15:21:00,2026-08-09 15:50:51.800909,2026-08-09 15:56:43.812647,2026-08-09 16:16:16.586861,2026-08-09 16:20:04.683922,orders_table,True,,23.347854583333334,True,True,19.5462369,3.8016176833333333,True,29.863348483333333,-6.515493899999999,True,0,0,False,0,False
O01534,C0586,R019,D046,D046,delivered,2026-08-13 18:25:00,2026-08-13 18:43:00,2026-08-13 18:52:06.533422,2026-08-13 19:37:48.000000,2026-08-13 19:41:20.615372,2026-08-13 19:40:54.942208,orders_table,True,,3.1157034666666665,True,False,3.5435895333333334,-0.4278860666666667,True,9.108890366666666,-5.9931868999999995,False,0,0,False,0,False
O01535,C0572,R035,D038,D038,delivered,2026-08-14 18:06:00,2026-08-14 18:24:00,2026-08-14 18:23:43.689310,2026-08-14 19:11:04.834259,2026-08-14 19:16:04.834259,2026-08-14 19:10:25.747669,orders_table,True,,-0.6514431666666667,False,False,5.0,-5.651443166666667,True,-0.27184483333333337,-0.3795983333333333,False,0,0,False,0,False
O01536,C0864,R007,D037,D037,delivered,2026-08-06 13:06:00,2026-08-06 13:24:00,2026-08-06 13:20:42.516618,2026-08-06 14:21:36.000000,2026-08-06 14:25:36.000000,2026-08-06 14:09:50.611511,orders_table,True,,-11.756474816666667,False,False,4.0,-15.756474816666667,True,-3.2913897000000003,-8.465085116666668,False,0,0,False,1,False
O01537,C0897,R031,D028,D097,delivered,2026-08-08 18:43:00,2026-08-08 19:01:00,2026-08-08 19:02:27.844697,2026-08-08 19:31:19.461357,2026-08-08 19:41:29.003190,2026-08-08 19:31:16.744504,orders_table,True,,-0.045280883333333334,False,False,10.15903055,-10.204311433333334,True,1.4640782833333332,-1.5093591666666666,False,0,0,False,0,False
O01538,C0029,R011,D037,D037,delivered,2026-08-23 12:03:00,2026-08-23 12:21:00,2026-08-23 12:28:31.813069,2026-08-23 13:09:42.413933,2026-08-23 13:32:42.413933,2026-08-23 13:11:45.025787,orders_table,True,,2.0435309,True,False,23.0,-20.9564691,True,7.530217816666666,-5.486686916666667,False,0,0,False,0,False
O01539,C0475,R031,D051,D051,delivered,2026-08-04 21:37:00,2026-08-04 21:55:00,2026-08-04 22:04:08.147459,2026-08-04 22:34:29.382105,2026-08-04 22:44:29.382105,2026-08-04 22:37:32.342575,orders_table,True,,3.0493411666666663,True,False,10.0,-6.950658833333334,True,9.135790983333333,-6.086449816666667,False,0,0,False,0,False
O01540,C0337,R049,D055,D055,delivered,2026-08-16 12:28:00,2026-08-16 12:46:00,2026-08-16 13:14:07.685652,2026-08-16 13:43:36.000000,2026-08-16 13:56:49.612595,2026-08-16 14:03:16.076021,orders_table,True,,19.667933683333334,True,True,13.226876583333334,6.4410571,True,28.1280942,-8.460160516666665,True,0,0,False,0,False
O01541,C0742,R055,D108,D108,delivered,2026-08-25 18:14:00,2026-08-25 18:32:00,2026-08-25 18:39:43.861011,2026-08-25 19:39:24.000000,2026-08-25 19:57:24.000000,2026-08-25 19:48:05.176977,orders_table,True,,8.686282949999999,True,False,18.0,-9.313717050000001,True,7.7310168500000005,0.9552660999999985,False,0,0,False,0,False
O01542,C0282,R023,D035,D035,delivered,2026-08-22 19:45:00,2026-08-22 20:03:00,2026-08-22 20:27:30.505454,2026-08-22 20:50:46.569732,2026-08-22 21:00:46.569732,2026-08-22 21:16:40.180289,orders_table,True,,25.893509283333334,True,True,10.0,15.893509283333334,True,24.508424233333336,1.3850850499999972,True,0,0,False,0,False
O01543,C0040,R009,D007,D007,delivered,2026-08-03 20:26:00,2026-08-03 20:44:00,2026-08-03 20:45:35.378691,2026-08-03 21:45:48.000000,2026-08-03 21:55:48.000000,2026-08-03 21:42:04.243886,orders_table,True,,-3.7292685666666667,False,False,10.0,-13.729268566666667,True,1.58964485,-5.318913416666667,False,0,0,False,0,False
O01544,C0224,R010,D043,D036,delivered,2026-08-11 17:36:00,2026-08-11 17:54:00,2026-08-11 18:20:09.420859,2026-08-11 18:27:47.635799,2026-08-11 18:32:05.598081,2026-08-11 18:41:23.005827,orders_table,True,,13.589500466666667,True,True,4.299371366666667,9.2901291,True,26.157014316666668,-12.567513850000001,True,0,0,False,0,False
O01545,C0121,R004,D071,D071,delivered,2026-08-25 17:11:00,2026-08-25 17:29:00,2026-08-25 17:36:22.027698,2026-08-25 18:20:53.114818,2026-08-25 18:33:31.586659,2026-08-25 18:17:26.929900,orders_table,True,,-3.4364153,False,False,12.64119735,-16.07761265,True,7.3671283,-10.803543600000001,False,0,0,False,1,True
O01546,C0267,R034,D006,D006,delivered,2026-08-13 20:43:00,2026-08-13 21:01:00,2026-08-13 20:59:23.605991,2026-08-13 21:55:48.000000,2026-08-13 21:55:48.000000,2026-08-13 21:37:53.258188,orders_table,True,,-17.912363533333334,False,False,0.0,-17.912363533333334,True,-1.6065668166666667,-16.305796716666666,False,0,0,False,0,False
O01547,C0877,R045,D021,D021,delivered,2026-08-13 19:54:00,2026-08-13 20:12:00,2026-08-13 20:21:13.952898,2026-08-13 21:13:48.000000,2026-08-13 21:23:48.000000,2026-08-13 21:14:42.343753,orders_table,True,,0.9057292166666666,True,False,10.0,-9.094270783333334,True,9.2325483,-8.326819083333334,False,0,0,False,0,False
O01548,C0197,R029,D073,D073,delivered,2026-08-04 12:34:00,2026-08-04 12:52:00,2026-08-04 12:56:41.097911,2026-08-04 13:56:18.000000,2026-08-04 14:11:18.000000,2026-08-04 13:56:49.725069,orders_table,True,,0.5287511500000001,True,False,15.0,-14.47124885,True,4.6849651833333334,-4.156214033333334,False,0,0,False,0,False
O01549,C0896,R048,D102,D102,delivered,2026-08-21 20:54:00,2026-08-21 21:12:00,2026-08-21 21:19:31.207437,2026-08-21 22:19:24.000000,2026-08-21 22:37:24.000000,2026-08-21 22:22:24.883708,orders_table,True,,3.014728466666667,True,False,18.0,-14.985271533333334,True,7.52012395,-4.505395483333333,False,0,0,False,0,False
O01550,C0623,R013,D045,D045,delivered,2026-08-14 12:38:00,2026-08-14 12:56:00,2026-08-14 13:04:11.481132,2026-08-14 13:53:36.000000,2026-08-14 13:59:31.543493,2026-08-14 13:53:32.778640,orders_table,True,,-0.05368933333333333,False,False,5.925724883333333,-5.979414216666667,True,8.1913522,-8.245041533333334,False,0,0,False,1,True
O01551,C0238,R013,D054,D054,delivered,2026-08-27 11:04:00,2026-08-27 11:22:00,2026-08-27 11:32:04.910559,2026-08-27 12:16:13.234686,2026-08-27 12:21:27.601723,2026-08-27 12:19:50.551895,orders_table,True,,3.6219534833333333,True,False,5.239450616666667,-1.6174971333333334,True,10.08184265,-6.459889166666667,True,0,0,False,0,False
O01552,C0377,R045,D074,D074,delivered,2026-08-16 19:33:00,2026-08-16 19:51:00,2026-08-16 20:06:37.344129,2026-08-16 20:34:49.756964,2026-08-16 20:38:49.756964,2026-08-16 20:46:41.204452,orders_table,True,,11.857458133333333,True,True,4.0,7.857458133333334,True,15.62240215,-3.764944016666666,True,0,1,True,0,False
O01553,C0800,R037,D108,D108,delivered,2026-08-27 21:43:00,2026-08-27 22:01:00,2026-08-27 21:58:38.195165,2026-08-27 22:56:37.922904,2026-08-27 23:00:37.922904,2026-08-27 22:45:28.533689,orders_table,True,,-11.156486916666667,False,False,4.0,-15.156486916666667,True,-2.3634139166666666,-8.793073,False,0,1,True,1,False
O01554,C0183,R058,D030,D030,delivered,2026-08-03 21:44:00,2026-08-03 22:02:00,2026-08-03 22:15:39.542043,2026-08-03 23:03:48.000000,2026-08-03 23:13:48.000000,2026-08-03 23:12:36.986543,orders_table,True,,8.816442383333333,True,False,10.0,-1.1835576166666668,True,13.65903405,-4.842591666666667,True,1,1,True,1,False
O01555,C0250,R034,D021,D021,delivered,2026-08-06 19:25:00,2026-08-06 19:43:00,2026-08-06 19:48:40.531540,2026-08-06 20:44:48.000000,2026-08-06 20:54:48.000000,2026-08-06 20:44:32.847943,orders_table,True,,-0.25253428333333333,False,False,10.0,-10.252534283333334,True,5.675525666666667,-5.928059950000001,False,0,0,False,0,False
O01556,C0707,R024,D098,D076,delivered,2026-08-20 15:57:00,2026-08-20 16:15:00,2026-08-20 16:31:14.153921,2026-08-20 17:16:48.000000,2026-08-20 17:26:48.000000,2026-08-20 17:27:02.597770,orders_table,True,,10.243296166666665,True,True,10.0,0.24329616666666667,True,16.235898683333332,-5.9926025166666665,True,1,0,True,1,False
O01557,C0377,R043,D039,D039,delivered,2026-08-20 21:44:00,2026-08-20 22:02:00,2026-08-20 22:14:42.693518,2026-08-20 22:43:53.311218,2026-08-20 22:43:53.311218,2026-08-20 22:43:51.877632,orders_table,True,,-0.0238931,False,False,0.0,-0.0238931,True,12.711558633333334,-12.735451733333335,True,0,0,False,1,True
O01558,C0629,R026,D093,D093,delivered,2026-08-20 18:59:00,2026-08-20 19:17:00,2026-08-20 19:20:50.818905,2026-08-20 20:14:36.000000,2026-08-20 20:18:36.000000,2026-08-20 20:07:22.343665,orders_table,True,,-7.227605583333333,False,False,4.0,-11.227605583333334,True,3.84698175,-11.074587333333334,False,0,0,False,0,False
O01559,C0167,R051,D073,D073,delivered,2026-08-04 19:33:00,2026-08-04 19:51:00,2026-08-04 19:47:27.166948,2026-08-04 20:34:29.491287,2026-08-04 20:49:29.491287,2026-08-04 20:28:00.487754,orders_table,True,,-6.483392216666667,False,False,15.0,-21.48339221666667,True,-3.5472175333333333,-2.9361746833333338,False,0,0,False,1,False
O01560,C0334,R030,D044,D044,delivered,2026-08-10 16:10:00,2026-08-10 16:28:00,2026-08-10 16:41:34.072106,2026-08-10 17:21:47.737712,2026-08-10 17:37:47.737712,2026-08-10 17:32:57.731586,orders_table,True,,11.166564566666667,True,True,16.0,-4.833435433333333,True,13.567868433333333,-2.401303866666666,True,0,0,False,1,False
O01561,C0621,R030,D017,D017,delivered,2026-08-03 12:47:00,2026-08-03 13:05:00,2026-08-03 12:59:53.032141,2026-08-03 13:43:29.217384,2026-08-03 13:47:29.217384,2026-08-03 13:31:34.834473,orders_table,True,,-11.90638185,False,False,4.0,-15.90638185,True,-5.116130983333333,-6.790250866666668,False,0,0,False,0,False
O01562,C0090,R032,D024,D024,delivered,2026-08-15 11:19:00,2026-08-15 11:37:00,2026-08-15 11:32:54.566480,2026-08-15 12:38:48.000000,2026-08-15 12:49:07.028863,2026-08-15 12:24:47.324259,orders_table,True,,-14.01126235,False,False,10.317147716666666,-24.328410066666667,True,-4.0905586666666665,-9.920703683333334,False,0,0,False,1,False
O01563,C0623,R030,D056,D056,delivered,2026-08-03 11:12:00,2026-08-03 11:30:00,2026-08-03 11:36:47.648353,2026-08-03 12:27:36.000000,2026-08-03 12:31:36.000000,2026-08-03 12:25:41.336403,orders_table,True,,-1.9110599499999998,False,False,4.0,-5.911059949999999,True,6.794139216666666,-8.705199166666667,False,0,1,True,0,False
O01564,C0262,R012,D120,D120,delivered,2026-08-25 13:22:00,2026-08-25 13:40:00,2026-08-25 13:55:01.928084,2026-08-25 14:29:17.735647,2026-08-25 14:37:53.751889,2026-08-25 14:44:48.946947,orders_table,True,,15.520188333333333,True,True,8.600270700000001,6.919917633333333,True,15.032134733333333,0.48805360000000064,True,0,0,False,0,False
O01565,C0671,R027,D006,D006,delivered,2026-08-21 21:18:00,2026-08-21 21:36:00,2026-08-21 21:38:15.050677,2026-08-21 22:30:48.000000,2026-08-21 22:32:11.035088,2026-08-21 22:28:48.782785,orders_table,True,,-1.9869535833333332,False,False,1.3839181333333335,-3.370871716666667,True,2.250844616666667,-4.2377982,False,0,0,False,0,False
O01566,C0423,R045,D114,D114,delivered,2026-08-13 17:39:00,2026-08-13 17:57:00,2026-08-13 18:05:15.088899,2026-08-13 18:35:34.558700,2026-08-13 18:39:34.558700,2026-08-13 18:37:25.530881,orders_table,True,,1.8495363500000002,True,False,4.0,-2.15046365,True,8.25148165,-6.4019453,False,0,0,False,1,True
O01567,C0298,R011,D101,D101,delivered,2026-08-07 17:53:00,2026-08-07 18:11:00,2026-08-07 18:08:51.488534,2026-08-07 18:58:35.631297,2026-08-07 19:04:48.361947,2026-08-07 18:50:55.304325,orders_table,True,,-7.6721162000000005,False,False,6.2121775,-13.8842937,True,-2.141857766666667,-5.530258433333334,False,0,0,False,0,False
O01568,C0437,R053,D057,D057,cancelled,2026-08-28 23:18:00,2026-08-28 23:36:00,2026-08-28 23:52:21.786041,2026-08-29 00:33:10.383310,2026-08-29 00:46:30.954884,,,False,not_delivered,,,,13.342859566666668,,False,,,,0,0,False,0,False
O01569,C0516,R014,D038,D038,delivered,2026-08-01 11:37:00,2026-08-01 11:55:00,2026-08-01 12:15:44.337235,2026-08-01 12:56:48.000000,2026-08-01 13:13:07.174434,2026-08-01 13:08:40.232808,orders_table,True,,11.8705468,True,True,16.3195739,-4.4490270999999995,True,20.738953916666667,-8.868407116666667,True,1,0,True,0,False
O01570,C0814,R042,D120,D120,delivered,2026-08-23 12:44:00,2026-08-23 13:02:00,2026-08-23 13:04:21.665997,2026-08-23 14:03:48.000000,2026-08-23 14:15:17.645801,2026-08-23 13:59:30.921383,orders_table,True,,-4.284643616666667,False,False,11.494096683333334,-15.7787403,True,2.3610999500000003,-6.645743566666667,False,0,0,False,0,False
O01571,C0536,R036,D118,D118,delivered,2026-08-26 18:50:00,2026-08-26 19:08:00,2026-08-26 19:27:01.883230,2026-08-26 20:08:34.955592,2026-08-26 20:26:34.955592,2026-08-26 20:20:58.034174,orders_table,True,,12.384643033333333,True,True,18.0,-5.615356966666667,True,19.031387166666665,-6.646744133333332,True,0,1,True,0,False
O01572,C0549,R033,D010,D010,delivered,2026-08-04 17:42:00,2026-08-04 18:00:00,2026-08-04 18:01:45.580285,2026-08-04 18:51:01.093396,2026-08-04 18:55:01.093396,2026-08-04 18:46:48.905710,orders_table,True,,-4.2031281,False,False,4.0,-8.203128099999999,True,1.7596714166666667,-5.962799516666666,False,0,0,False,1,True
O01573,C0158,R037,D101,D101,delivered,2026-08-01 19:50:00,2026-08-01 20:08:00,2026-08-01 20:13:21.912803,2026-08-01 21:08:06.000000,2026-08-01 21:17:06.000000,2026-08-01 21:11:31.636230,orders_table,True,,3.4272705,True,False,9.0,-5.5727294999999994,True,5.365213383333333,-1.9379428833333328,False,0,0,False,0,False
O01574,C0771,R044,D060,D060,delivered,2026-08-15 12:02:00,2026-08-15 12:20:00,2026-08-15 12:27:20.781768,2026-08-15 13:17:05.182840,2026-08-15 13:27:05.182840,2026-08-15 13:17:46.331827,orders_table,True,,0.68581645,True,False,10.0,-9.31418355,True,7.3463628,-6.66054635,False,0,0,False,0,False
O01575,C0035,R015,D079,D079,delivered,2026-08-26 12:26:00,2026-08-26 12:44:00,2026-08-26 12:52:30.115635,2026-08-26 13:25:15.073311,2026-08-26 13:35:15.073311,2026-08-26 13:28:56.267614,orders_table,True,,3.6865717166666667,True,False,10.0,-6.313428283333334,True,8.50192725,-4.815355533333333,False,0,0,False,0,False
O01576,C0594,R006,D083,D083,delivered,2026-08-27 12:49:00,2026-08-27 13:07:00,2026-08-27 13:06:39.898873,2026-08-27 13:35:55.413210,2026-08-27 13:35:55.413210,2026-08-27 13:24:58.045191,orders_table,True,,-10.95613365,False,False,0.0,-10.95613365,True,-0.33501878333333335,-10.621114866666666,False,0,0,False,0,False
O01577,C0540,R015,D116,D116,delivered,2026-08-23 18:22:00,2026-08-23 18:40:00,2026-08-23 19:01:06.693809,2026-08-23 19:37:36.000000,2026-08-23 19:46:00.654922,2026-08-23 19:48:57.129079,orders_table,True,,11.352151316666667,True,True,8.410915366666666,2.94123595,True,21.111563483333335,-9.759412166666667,True,0,0,False,1,True
O01578,C0774,R051,D105,D105,delivered,2026-08-13 20:45:00,2026-08-13 21:03:00,2026-08-13 21:35:39.427046,2026-08-13 22:00:36.000000,2026-08-13 22:16:39.459394,2026-08-13 22:23:21.314299,orders_table,True,,22.755238316666667,True,True,16.057656566666665,6.6975817499999994,True,32.65711743333333,-9.901879116666667,True,1,0,True,1,True
O01579,C0241,R042,D025,D025,delivered,2026-08-28 17:29:00,2026-08-28 17:47:00,2026-08-28 17:58:36.547981,2026-08-28 18:39:52.700056,2026-08-28 18:51:49.984037,2026-08-28 18:48:59.592502,orders_table,True,,9.1148741,True,False,11.954733016666667,-2.8398589166666666,True,11.609133016666668,-2.494258916666668,True,1,0,True,1,True
O01580,C0300,R046,D076,D076,delivered,2026-08-09 19:41:00,2026-08-09 19:59:00,2026-08-09 19:55:17.591023,2026-08-09 20:43:09.714539,2026-08-09 20:47:09.714539,2026-08-09 20:29:49.431196,orders_table,True,,-13.338055716666666,False,False,4.0,-17.338055716666666,True,-3.706816283333333,-9.631239433333333,False,0,0,False,0,False
O01581,C0750,R002,D067,D067,delivered,2026-08-16 17:26:00,2026-08-16 17:44:00,2026-08-16 17:49:29.479028,2026-08-16 18:41:36.000000,2026-08-16 18:45:43.797648,2026-08-16 18:40:02.650212,orders_table,True,,-1.5558298000000002,False,False,4.1299608,-5.685790600000001,True,5.491317133333334,-7.047146933333334,False,0,0,False,0,False
O01582,C0250,R014,D018,D018,delivered,2026-08-21 20:03:00,2026-08-21 20:21:00,2026-08-21 20:40:58.162365,2026-08-21 21:22:48.000000,2026-08-21 21:41:07.053042,2026-08-21 21:32:50.730330,orders_table,True,,10.045505499999999,True,True,18.3175507,-8.2720452,True,19.969372749999998,-9.923867249999999,True,0,0,False,0,False
O01583,C0462,R026,D059,D059,delivered,2026-08-08 18:51:00,2026-08-08 19:09:00,2026-08-08 19:16:32.910034,2026-08-08 20:06:36.000000,2026-08-08 20:13:05.386026,2026-08-08 20:08:07.410283,orders_table,True,,1.5235047166666669,True,False,6.4897671,-4.9662623833333335,True,7.548500566666666,-6.02499585,False,0,0,False,0,False
O01584,C0313,R020,D087,D087,delivered,2026-08-22 20:55:00,2026-08-22 21:13:00,2026-08-22 21:40:16.740107,2026-08-22 22:17:19.778068,2026-08-22 22:44:58.580377,2026-08-22 22:42:19.744790,orders_table,True,,24.999445366666667,True,True,27.64670515,-2.6472597833333333,True,27.279001783333335,-2.2795564166666686,True,0,1,True,0,False
O01585,C0392,R018,D007,D007,delivered,2026-08-20 18:37:00,2026-08-20 18:55:00,2026-08-20 19:11:22.880055,2026-08-20 19:45:12.539414,2026-08-20 20:00:12.539414,2026-08-20 19:58:00.061501,orders_table,True,,12.792034783333333,True,True,15.0,-2.2079652166666666,True,16.38133425,-3.589299466666665,True,1,0,True,0,False
O01586,C0377,R010,D014,D014,delivered,2026-08-14 22:32:00,2026-08-14 22:50:00,2026-08-14 23:03:57.783988,2026-08-14 23:51:48.000000,2026-08-15 00:02:18.605601,2026-08-15 00:00:00.431674,orders_table,True,,8.207194566666667,True,False,10.51009335,-2.302898783333333,True,13.963066466666668,-5.755871900000001,True,1,0,True,0,False
O01587,C0775,R033,D036,D024,delivered,2026-08-12 17:38:00,2026-08-12 17:56:00,2026-08-12 18:32:41.991070,2026-08-12 18:53:36.000000,2026-08-12 18:58:17.313104,2026-08-12 19:18:25.040774,orders_table,True,,24.817346233333335,True,True,4.688551733333333,20.1287945,True,36.69985116666667,-11.882504933333333,True,0,1,True,0,False
O01588,C0239,R050,D036,D036,delivered,2026-08-20 18:11:00,2026-08-20 18:29:00,2026-08-20 18:41:54.777268,2026-08-20 19:12:42.427956,2026-08-20 19:34:17.018148,2026-08-20 19:21:53.043723,orders_table,True,,9.17692945,True,False,21.576503199999998,-12.39957375,True,12.912954466666667,-3.7360250166666678,True,1,1,True,1,True
O01589,C0434,R029,D024,D024,delivered,2026-08-15 20:32:00,2026-08-15 20:50:00,2026-08-15 20:55:54.826645,2026-08-15 21:41:47.106838,2026-08-15 21:45:47.106838,2026-08-15 21:36:36.924498,orders_table,True,,-5.169705666666667,False,False,4.0,-9.169705666666665,True,5.913777416666666,-11.083483083333334,False,0,0,False,0,False
O01590,C0232,R030,D017,D017,delivered,2026-08-21 14:22:00,2026-08-21 14:40:00,2026-08-21 14:54:12.137020,2026-08-21 15:31:39.953893,2026-08-21 15:49:39.953893,2026-08-21 15:44:57.442794,orders_table,True,,13.291481683333334,True,True,18.0,-4.708518316666667,True,14.202283666666666,-0.9108019833333323,True,1,1,True,0,False
O01591,C0261,R023,D112,D112,delivered,2026-08-12 12:43:00,2026-08-12 13:01:00,2026-08-12 13:01:43.015486,2026-08-12 13:55:48.000000,2026-08-12 13:55:48.000000,2026-08-12 13:45:10.919946,orders_table,True,,-10.6180009,False,False,0.0,-10.6180009,True,0.7169247666666667,-11.334925666666667,False,0,0,False,1,False
O01592,C0220,R032,D094,D094,delivered,2026-08-11 21:51:00,2026-08-11 22:09:00,2026-08-11 22:19:11.486202,2026-08-11 23:13:18.000000,2026-08-11 23:29:47.726852,2026-08-11 23:17:27.164143,orders_table,True,,4.152735716666666,True,False,16.495447533333333,-12.342711816666668,True,10.1914367,-6.038700983333334,True,0,0,False,0,False
O01593,C0171,R025,D072,D072,delivered,2026-08-20 13:34:00,2026-08-20 13:52:00,2026-08-20 13:58:26.204372,2026-08-20 14:49:18.000000,2026-08-20 14:56:03.626417,2026-08-20 14:49:06.735973,orders_table,True,,-0.18773378333333335,False,False,6.760440283333334,-6.948174066666667,True,6.436739533333333,-6.624473316666666,False,0,0,False,0,False
O01594,C0098,R024,D011,D011,delivered,2026-08-13 13:08:00,2026-08-13 13:26:00,2026-08-13 13:45:33.365926,2026-08-13 14:33:48.000000,2026-08-13 14:56:08.960520,2026-08-13 14:54:21.243839,orders_table,True,,20.554063983333332,True,True,22.349342,-1.7952780166666666,True,19.556098766666665,0.9979652166666675,True,0,0,False,1,False
O01595,C0305,R011,D045,D045,delivered,2026-08-24 22:11:00,2026-08-24 22:29:00,2026-08-24 22:31:08.027350,2026-08-24 23:23:48.000000,2026-08-24 23:23:48.000000,2026-08-24 23:19:19.282836,orders_table,True,,-4.4786194,False,False,0.0,-4.4786194,True,2.133789166666667,-6.612408566666668,False,0,0,False,0,False
O01596,C0349,R041,D101,D101,cancelled,2026-08-12 13:03:00,2026-08-12 13:21:00,2026-08-12 13:38:50.942226,2026-08-12 14:28:24.000000,2026-08-12 14:49:55.785715,,,False,not_delivered,,,,21.529761916666665,,False,,,,0,0,False,0,False
O01597,C0174,R030,D070,D070,delivered,2026-08-22 19:57:00,2026-08-22 20:15:00,2026-08-22 20:11:11.035912,2026-08-22 21:15:48.000000,2026-08-22 21:27:48.000000,2026-08-22 21:12:07.487728,orders_table,True,,-3.6752045333333334,False,False,12.0,-15.675204533333334,True,-3.8160681333333333,0.14086359999999987,False,0,0,False,0,False
O01598,C0286,R048,D063,D063,delivered,2026-08-18 20:11:00,2026-08-18 20:29:00,2026-08-18 20:31:26.758603,2026-08-18 21:26:36.000000,2026-08-18 21:30:36.000000,2026-08-18 21:22:02.516000,orders_table,True,,-4.558066666666666,False,False,4.0,-8.558066666666667,True,2.4459767166666664,-7.004043383333332,False,0,0,False,1,False
O01599,C0191,R048,D081,D116,delivered,2026-08-26 12:26:00,2026-08-26 12:44:00,2026-08-26 12:55:31.571858,2026-08-26 13:31:50.885314,2026-08-26 13:55:51.204998,2026-08-26 13:40:06.434639,orders_table,True,,8.259155416666667,True,False,24.005328066666667,-15.74617265,True,11.526197633333334,-3.267042216666667,True,0,0,False,0,False
O01600,C0107,R037,D104,D104,delivered,2026-08-27 18:08:00,2026-08-27 18:26:00,2026-08-27 18:27:44.339018,2026-08-27 19:11:25.681985,2026-08-27 19:11:25.681985,2026-08-27 19:08:53.947760,orders_table,True,,-2.52890375,False,False,0.0,-2.52890375,True,1.7389836333333333,-4.267887383333333,False,0,0,False,1,True
